source_bucket,path,name,ext,size_bytes,last_modified_iso
Copilot,D:\Programs\追加アイディア\情報\pii-output\clean-dataset\Copilot\copilot-activity-history.csv,copilot-activity-history.csv,.csv,9813994,2026-07-10T00:59:51.558687
Copilot,D:\Programs\追加アイディア\情報\pii-output\clean-dataset\Copilot\スマホcopilot-activity-history.csv,スマホcopilot-activity-history.csv,.csv,35485376,2026-07-10T01:05:18.457744
Keep,D:\Programs\追加アイディア\情報\pii-output\clean-dataset\Keep\# RAG × 文明OS — 機能要件の完全抽出（統合版）(1).html,# RAG × 文明OS — 機能要件の完全抽出（統合版）(1).html,.html,35738,2026-07-10T01:05:18.536536
Keep,D:\Programs\追加アイディア\情報\pii-output\clean-dataset\Keep\# RAG × 文明OS — 機能要件の完全抽出（統合版）(1).json,# RAG × 文明OS — 機能要件の完全抽出（統合版）(1).json,.json,135313,2026-07-10T01:05:18.599959
Keep,D:\Programs\追加アイディア\情報\pii-output\clean-dataset\Keep\# RAG × 文明OS — 機能要件の完全抽出（統合版）.html,# RAG × 文明OS — 機能要件の完全抽出（統合版）.html,.html,35738,2026-07-10T01:05:18.664578
Keep,D:\Programs\追加アイディア\情報\pii-output\clean-dataset\Keep\# RAG × 文明OS — 機能要件の完全抽出（統合版）.json,# RAG × 文明OS — 機能要件の完全抽出（統合版）.json,.json,135313,2026-07-10T01:05:18.742768
Keep,D:\Programs\追加アイディア\情報\pii-output\clean-dataset\Keep\- 今日の観測数  _- 未処理スケジュール  _- 最近の死亡  _- 最近の標本出品  _- 生.html,- 今日の観測数  _- 未処理スケジュール  _- 最近の死亡  _- 最近の標本出品  _- 生.html,.html,20080,2026-07-10T01:05:18.774674
Keep,D:\Programs\追加アイディア\情報\pii-output\clean-dataset\Keep\- 今日の観測数  _- 未処理スケジュール  _- 最近の死亡  _- 最近の標本出品  _- 生.json,- 今日の観測数  _- 未処理スケジュール  _- 最近の死亡  _- 最近の標本出品  _- 生.json,.json,81987,2026-07-10T01:05:18.837291
Keep,D:\Programs\追加アイディア\情報\pii-output\clean-dataset\Keep\- 国別通関データベース（R2 JSON） _.html,- 国別通関データベース（R2 JSON） _.html,.html,35318,2026-07-10T01:05:18.895519
Keep,D:\Programs\追加アイディア\情報\pii-output\clean-dataset\Keep\- 国別通関データベース（R2 JSON） _.json,- 国別通関データベース（R2 JSON） _.json,.json,254989,2026-07-10T01:05:19.067108
Keep,D:\Programs\追加アイディア\情報\pii-output\clean-dataset\Keep\-1→1　ごみ.html,-1→1　ごみ.html,.html,17151,2026-07-10T01:05:19.108728
Keep,D:\Programs\追加アイディア\情報\pii-output\clean-dataset\Keep\-1→1　ごみ.json,-1→1　ごみ.json,.json,59407,2026-07-10T01:05:19.147978
Keep,D:\Programs\追加アイディア\情報\pii-output\clean-dataset\Keep\0(1).html,0(1).html,.html,16994,2026-07-10T01:05:19.187685
Keep,D:\Programs\追加アイディア\情報\pii-output\clean-dataset\Keep\0(1).json,0(1).json,.json,70193,2026-07-10T01:05:19.231305
Keep,D:\Programs\追加アイディア\情報\pii-output\clean-dataset\Keep\0.html,0.html,.html,15807,2026-07-10T01:05:19.278938
Keep,D:\Programs\追加アイディア\情報\pii-output\clean-dataset\Keep\0.json,0.json,.json,57026,2026-07-10T01:05:19.322415
Keep,D:\Programs\追加アイディア\情報\pii-output\clean-dataset\Keep\0.フローチャート.html,0.フローチャート.html,.html,12021,2026-07-10T01:05:19.359762
Keep,D:\Programs\追加アイディア\情報\pii-output\clean-dataset\Keep\0.フローチャート.json,0.フローチャート.json,.json,8288,2026-07-10T01:05:19.373780
Keep,D:\Programs\追加アイディア\情報\pii-output\clean-dataset\Keep\01_初回法律相談要約版.html,01_初回法律相談要約版.html,.html,20301,2026-07-10T01:05:19.421110
Keep,D:\Programs\追加アイディア\情報\pii-output\clean-dataset\Keep\01_初回法律相談要約版.json,01_初回法律相談要約版.json,.json,56457,2026-07-10T01:05:19.452826
Keep,D:\Programs\追加アイディア\情報\pii-output\clean-dataset\Keep\02-事実関係詳細版.html,02-事実関係詳細版.html,.html,22250,2026-07-10T01:05:19.500399
Keep,D:\Programs\追加アイディア\情報\pii-output\clean-dataset\Keep\02-事実関係詳細版.json,02-事実関係詳細版.json,.json,58783,2026-07-10T01:05:19.532102
Keep,D:\Programs\追加アイディア\情報\pii-output\clean-dataset\Keep\03_時系列表.html,03_時系列表.html,.html,21279,2026-07-10T01:05:19.579781
Keep,D:\Programs\追加アイディア\情報\pii-output\clean-dataset\Keep\03_時系列表.json,03_時系列表.json,.json,59540,2026-07-10T01:05:19.611451
Keep,D:\Programs\追加アイディア\情報\pii-output\clean-dataset\Keep\04_証拠一覧表_澤田洸樹.html,04_証拠一覧表_澤田洸樹.html,.html,21045,2026-07-10T01:05:19.659220
Keep,D:\Programs\追加アイディア\情報\pii-output\clean-dataset\Keep\04_証拠一覧表_澤田洸樹.json,04_証拠一覧表_澤田洸樹.json,.json,101174,2026-07-10T01:05:19.723200
Keep,D:\Programs\追加アイディア\情報\pii-output\clean-dataset\Keep\05_損害の簡易一覧表_澤田洸樹.html,05_損害の簡易一覧表_澤田洸樹.html,.html,13805,2026-07-10T01:05:19.770782
Keep,D:\Programs\追加アイディア\情報\pii-output\clean-dataset\Keep\05_損害の簡易一覧表_澤田洸樹.json,05_損害の簡易一覧表_澤田洸樹.json,.json,18670,2026-07-10T01:05:19.770782
Keep,D:\Programs\追加アイディア\情報\pii-output\clean-dataset\Keep\06-人事メール一式.html,06-人事メール一式.html,.html,25705,2026-07-10T01:05:19.833822
Keep,D:\Programs\追加アイディア\情報\pii-output\clean-dataset\Keep\06-人事メール一式.json,06-人事メール一式.json,.json,80159,2026-07-10T01:05:19.883420
Keep,D:\Programs\追加アイディア\情報\pii-output\clean-dataset\Keep\0⃣土地と家の情報.html,0⃣土地と家の情報.html,.html,19119,2026-07-10T01:05:19.929312
Keep,D:\Programs\追加アイディア\情報\pii-output\clean-dataset\Keep\0⃣土地と家の情報.json,0⃣土地と家の情報.json,.json,79724,2026-07-10T01:05:19.976740
Keep,D:\Programs\追加アイディア\情報\pii-output\clean-dataset\Keep\0　.html,0　.html,.html,24098,2026-07-10T01:05:20.024426
Keep,D:\Programs\追加アイディア\情報\pii-output\clean-dataset\Keep\0　.json,0　.json,.json,142965,2026-07-10T01:05:20.124214
Keep,D:\Programs\追加アイディア\情報\pii-output\clean-dataset\Keep\1 AI　ギルド.html,1 AI　ギルド.html,.html,17306,2026-07-10T01:05:20.168092
Keep,D:\Programs\追加アイディア\情報\pii-output\clean-dataset\Keep\1 AI　ギルド.json,1 AI　ギルド.json,.json,57519,2026-07-10T01:05:20.198383
Keep,D:\Programs\追加アイディア\情報\pii-output\clean-dataset\Keep\1 件名_【金曜受診分優先】紹介状・診療録等のお願い.html,1 件名_【金曜受診分優先】紹介状・診療録等のお願い.html,.html,14739,2026-07-10T01:05:20.246403
Keep,D:\Programs\追加アイディア\情報\pii-output\clean-dataset\Keep\1 件名_【金曜受診分優先】紹介状・診療録等のお願い.json,1 件名_【金曜受診分優先】紹介状・診療録等のお願い.json,.json,25109,2026-07-10T01:05:20.262112
Keep,D:\Programs\追加アイディア\情報\pii-output\clean-dataset\Keep\1# 住宅改修計画　説明用資料   _.html,1# 住宅改修計画　説明用資料   _.html,.html,19732,2026-07-10T01:05:20.309449
Keep,D:\Programs\追加アイディア\情報\pii-output\clean-dataset\Keep\1# 住宅改修計画　説明用資料   _.json,1# 住宅改修計画　説明用資料   _.json,.json,110548,2026-07-10T01:05:20.379303
Keep,D:\Programs\追加アイディア\情報\pii-output\clean-dataset\Keep\1(1).html,1(1).html,.html,25426,2026-07-10T01:05:20.435779
Keep,D:\Programs\追加アイディア\情報\pii-output\clean-dataset\Keep\1(1).json,1(1).json,.json,125983,2026-07-10T01:05:20.518732
Keep,D:\Programs\追加アイディア\情報\pii-output\clean-dataset\Keep\1(2).html,1(2).html,.html,32281,2026-07-10T01:05:20.566936
Keep,D:\Programs\追加アイディア\情報\pii-output\clean-dataset\Keep\1(2).json,1(2).json,.json,185449,2026-07-10T01:05:20.688737
Keep,D:\Programs\追加アイディア\情報\pii-output\clean-dataset\Keep\1(3).html,1(3).html,.html,18347,2026-07-10T01:05:20.736224
Keep,D:\Programs\追加アイディア\情報\pii-output\clean-dataset\Keep\1(3).json,1(3).json,.json,89499,2026-07-10T01:05:20.799647
Keep,D:\Programs\追加アイディア\情報\pii-output\clean-dataset\Keep\1(4).html,1(4).html,.html,18297,2026-07-10T01:05:20.845385
Keep,D:\Programs\追加アイディア\情報\pii-output\clean-dataset\Keep\1(4).json,1(4).json,.json,86978,2026-07-10T01:05:20.894434
Keep,D:\Programs\追加アイディア\情報\pii-output\clean-dataset\Keep\1-2.html,1-2.html,.html,18208,2026-07-10T01:05:20.941846
Keep,D:\Programs\追加アイディア\情報\pii-output\clean-dataset\Keep\1-2.json,1-2.json,.json,65393,2026-07-10T01:05:20.989398
Keep,D:\Programs\追加アイディア\情報\pii-output\clean-dataset\Keep\1.html,1.html,.html,37334,2026-07-10T01:05:21.040609
Keep,D:\Programs\追加アイディア\情報\pii-output\clean-dataset\Keep\1.json,1.json,.json,278203,2026-07-10T01:05:21.223653
Keep,D:\Programs\追加アイディア\情報\pii-output\clean-dataset\Keep\1.完成.html,1.完成.html,.html,37374,2026-07-10T01:05:21.273374
Keep,D:\Programs\追加アイディア\情報\pii-output\clean-dataset\Keep\1.完成.json,1.完成.json,.json,301371,2026-07-10T01:05:21.479097
Keep,D:\Programs\追加アイディア\情報\pii-output\clean-dataset\Keep\1.見積もり区分.html,1.見積もり区分.html,.html,16564,2026-07-10T01:05:21.527489
Keep,D:\Programs\追加アイディア\情報\pii-output\clean-dataset\Keep\1.見積もり区分.json,1.見積もり区分.json,.json,53570,2026-07-10T01:05:21.560827
Keep,D:\Programs\追加アイディア\情報\pii-output\clean-dataset\Keep\10_5 2回目.html,10_5 2回目.html,.html,14357,2026-07-10T01:05:21.606028
Keep,D:\Programs\追加アイディア\情報\pii-output\clean-dataset\Keep\10_5 2回目.json,10_5 2回目.json,.json,25496,2026-07-10T01:05:21.621739
Keep,D:\Programs\追加アイディア\情報\pii-output\clean-dataset\Keep\19c7b48d94a.9918228ca200c79b.jpg,19c7b48d94a.9918228ca200c79b.jpg,.jpg,561240,2026-02-20T05:41:52
Keep,D:\Programs\追加アイディア\情報\pii-output\clean-dataset\Keep\1⃣一旦現実多めの見積.html,1⃣一旦現実多めの見積.html,.html,17868,2026-07-10T01:05:21.653424
Keep,D:\Programs\追加アイディア\情報\pii-output\clean-dataset\Keep\1⃣一旦現実多めの見積.json,1⃣一旦現実多めの見積.json,.json,86983,2026-07-10T01:05:21.716718
Keep,D:\Programs\追加アイディア\情報\pii-output\clean-dataset\Keep\1ソフト面.html,1ソフト面.html,.html,12781,2026-07-10T01:05:21.764183
Keep,D:\Programs\追加アイディア\情報\pii-output\clean-dataset\Keep\1ソフト面.json,1ソフト面.json,.json,11685,2026-07-10T01:05:21.764183
Keep,D:\Programs\追加アイディア\情報\pii-output\clean-dataset\Keep\1データ構造かな？Cursorに渡す用.html,1データ構造かな？Cursorに渡す用.html,.html,19973,2026-07-10T01:05:21.813872
Keep,D:\Programs\追加アイディア\情報\pii-output\clean-dataset\Keep\1データ構造かな？Cursorに渡す用.json,1データ構造かな？Cursorに渡す用.json,.json,68927,2026-07-10T01:05:21.859438
Keep,D:\Programs\追加アイディア\情報\pii-output\clean-dataset\Keep\2 【来週の初診でそのまま読む用の口頭スクリプト完全版】.html,2 【来週の初診でそのまま読む用の口頭スクリプト完全版】.html,.html,15856,2026-07-10T01:05:21.906845
Keep,D:\Programs\追加アイディア\情報\pii-output\clean-dataset\Keep\2 【来週の初診でそのまま読む用の口頭スクリプト完全版】.json,2 【来週の初診でそのまま読む用の口頭スクリプト完全版】.json,.json,16537,2026-07-10T01:05:21.906845
Keep,D:\Programs\追加アイディア\情報\pii-output\clean-dataset\Keep\2(1).html,2(1).html,.html,18641,2026-07-10T01:05:21.954607
Keep,D:\Programs\追加アイディア\情報\pii-output\clean-dataset\Keep\2(1).json,2(1).json,.json,76240,2026-07-10T01:05:22.018051
Keep,D:\Programs\追加アイディア\情報\pii-output\clean-dataset\Keep\2(2).html,2(2).html,.html,18640,2026-07-10T01:05:22.064482
Keep,D:\Programs\追加アイディア\情報\pii-output\clean-dataset\Keep\2(2).json,2(2).json,.json,75273,2026-07-10T01:05:22.113012
Keep,D:\Programs\追加アイディア\情報\pii-output\clean-dataset\Keep\2(3).html,2(3).html,.html,15640,2026-07-10T01:05:22.144430
Keep,D:\Programs\追加アイディア\情報\pii-output\clean-dataset\Keep\2(3).json,2(3).json,.json,62482,2026-07-10T01:05:22.192102
Keep,D:\Programs\追加アイディア\情報\pii-output\clean-dataset\Keep\2.C-USB名前案決定.html,2.C-USB名前案決定.html,.html,15748,2026-07-10T01:05:22.243731
Keep,D:\Programs\追加アイディア\情報\pii-output\clean-dataset\Keep\2.C-USB名前案決定.json,2.C-USB名前案決定.json,.json,41928,2026-07-10T01:05:22.271386
Keep,D:\Programs\追加アイディア\情報\pii-output\clean-dataset\Keep\2.html,2.html,.html,16522,2026-07-10T01:05:22.303065
Keep,D:\Programs\追加アイディア\情報\pii-output\clean-dataset\Keep\2.json,2.json,.json,44880,2026-07-10T01:05:22.334832
Keep,D:\Programs\追加アイディア\情報\pii-output\clean-dataset\Keep\2.家要件整理.html,2.家要件整理.html,.html,16113,2026-07-10T01:05:22.382520
Keep,D:\Programs\追加アイディア\情報\pii-output\clean-dataset\Keep\2.家要件整理.json,2.家要件整理.json,.json,49321,2026-07-10T01:05:22.414104
Keep,D:\Programs\追加アイディア\情報\pii-output\clean-dataset\Keep\2023-11-22T06_48_15.197+09_00.html,2023-11-22T06_48_15.197+09_00.html,.html,12703,2026-07-10T01:05:22.461318
Keep,D:\Programs\追加アイディア\情報\pii-output\clean-dataset\Keep\2023-11-22T06_48_15.197+09_00.json,2023-11-22T06_48_15.197+09_00.json,.json,13952,2026-07-10T01:05:22.461318
Keep,D:\Programs\追加アイディア\情報\pii-output\clean-dataset\Keep\2023-11-22T06_48_16.926+09_00.html,2023-11-22T06_48_16.926+09_00.html,.html,11813,2026-07-10T01:05:22.508901
Keep,D:\Programs\追加アイディア\情報\pii-output\clean-dataset\Keep\2023-11-22T06_48_16.926+09_00.json,2023-11-22T06_48_16.926+09_00.json,.json,7489,2026-07-10T01:05:22.508901
Keep,D:\Programs\追加アイディア\情報\pii-output\clean-dataset\Keep\2023-11-22T06_48_17.793+09_00.html,2023-11-22T06_48_17.793+09_00.html,.html,24731,2026-07-10T01:05:22.556329
Keep,D:\Programs\追加アイディア\情報\pii-output\clean-dataset\Keep\2023-11-22T06_48_17.793+09_00.json,2023-11-22T06_48_17.793+09_00.json,.json,44888,2026-07-10T01:05:22.572049
Keep,D:\Programs\追加アイディア\情報\pii-output\clean-dataset\Keep\2023-11-22T06_48_19.472+09_00.html,2023-11-22T06_48_19.472+09_00.html,.html,11984,2026-07-10T01:05:22.628756
Keep,D:\Programs\追加アイディア\情報\pii-output\clean-dataset\Keep\2023-11-22T06_48_19.472+09_00.json,2023-11-22T06_48_19.472+09_00.json,.json,7309,2026-07-10T01:05:22.628756
Keep,D:\Programs\追加アイディア\情報\pii-output\clean-dataset\Keep\2023-11-22T06_48_24.607+09_00.html,2023-11-22T06_48_24.607+09_00.html,.html,11195,2026-07-10T01:05:22.667294
Keep,D:\Programs\追加アイディア\情報\pii-output\clean-dataset\Keep\2023-11-22T06_48_24.607+09_00.json,2023-11-22T06_48_24.607+09_00.json,.json,1007,2026-07-10T01:05:22.667294
Keep,D:\Programs\追加アイディア\情報\pii-output\clean-dataset\Keep\2023-11-22T06_48_28.080+09_00.html,2023-11-22T06_48_28.080+09_00.html,.html,11652,2026-07-10T01:05:22.715026
Keep,D:\Programs\追加アイディア\情報\pii-output\clean-dataset\Keep\2023-11-22T06_48_28.080+09_00.json,2023-11-22T06_48_28.080+09_00.json,.json,5351,2026-07-10T01:05:22.715026
Keep,D:\Programs\追加アイディア\情報\pii-output\clean-dataset\Keep\2023-11-22T06_48_29.747+09_00.html,2023-11-22T06_48_29.747+09_00.html,.html,12288,2026-07-10T01:05:22.763856
Keep,D:\Programs\追加アイディア\情報\pii-output\clean-dataset\Keep\2023-11-22T06_48_29.747+09_00.json,2023-11-22T06_48_29.747+09_00.json,.json,11323,2026-07-10T01:05:22.763856
Keep,D:\Programs\追加アイディア\情報\pii-output\clean-dataset\Keep\2023-11-22T06_48_39.164+09_00.html,2023-11-22T06_48_39.164+09_00.html,.html,11374,2026-07-10T01:05:22.820150
Keep,D:\Programs\追加アイディア\情報\pii-output\clean-dataset\Keep\2023-11-22T06_48_39.164+09_00.json,2023-11-22T06_48_39.164+09_00.json,.json,899,2026-07-10T01:05:22.822154
Keep,D:\Programs\追加アイディア\情報\pii-output\clean-dataset\Keep\2023-11-22T06_48_46.431+09_00.html,2023-11-22T06_48_46.431+09_00.html,.html,11529,2026-07-10T01:05:22.858507
Keep,D:\Programs\追加アイディア\情報\pii-output\clean-dataset\Keep\2023-11-22T06_48_46.431+09_00.json,2023-11-22T06_48_46.431+09_00.json,.json,5755,2026-07-10T01:05:22.858507
Keep,D:\Programs\追加アイディア\情報\pii-output\clean-dataset\Keep\2023-11-22T06_48_50.755+09_00.html,2023-11-22T06_48_50.755+09_00.html,.html,12432,2026-07-10T01:05:22.905869
Keep,D:\Programs\追加アイディア\情報\pii-output\clean-dataset\Keep\2023-11-22T06_48_50.755+09_00.json,2023-11-22T06_48_50.755+09_00.json,.json,11455,2026-07-10T01:05:22.921661
Keep,D:\Programs\追加アイディア\情報\pii-output\clean-dataset\Keep\2023-11-22T06_48_52.454+09_00.html,2023-11-22T06_48_52.454+09_00.html,.html,13311,2026-07-10T01:05:22.968787
Keep,D:\Programs\追加アイディア\情報\pii-output\clean-dataset\Keep\2023-11-22T06_48_52.454+09_00.json,2023-11-22T06_48_52.454+09_00.json,.json,19724,2026-07-10T01:05:22.969906
Keep,D:\Programs\追加アイディア\情報\pii-output\clean-dataset\Keep\2023-11-22T06_49_06.570+09_00.html,2023-11-22T06_49_06.570+09_00.html,.html,11934,2026-07-10T01:05:23.025594
Keep,D:\Programs\追加アイディア\情報\pii-output\clean-dataset\Keep\2023-11-22T06_49_06.570+09_00.json,2023-11-22T06_49_06.570+09_00.json,.json,6240,2026-07-10T01:05:23.025594
Keep,D:\Programs\追加アイディア\情報\pii-output\clean-dataset\Keep\2023-11-22T06_49_22.472+09_00.html,2023-11-22T06_49_22.472+09_00.html,.html,11492,2026-07-10T01:05:23.074729
Keep,D:\Programs\追加アイディア\情報\pii-output\clean-dataset\Keep\2023-11-22T06_49_22.472+09_00.json,2023-11-22T06_49_22.472+09_00.json,.json,1932,2026-07-10T01:05:23.076472
Keep,D:\Programs\追加アイディア\情報\pii-output\clean-dataset\Keep\2024-06-25T13_42_23.313+09_00.html,2024-06-25T13_42_23.313+09_00.html,.html,11376,2026-07-10T01:05:23.119559
Keep,D:\Programs\追加アイディア\情報\pii-output\clean-dataset\Keep\2024-06-25T13_42_23.313+09_00.json,2024-06-25T13_42_23.313+09_00.json,.json,2019,2026-07-10T01:05:23.121561
Keep,D:\Programs\追加アイディア\情報\pii-output\clean-dataset\Keep\2025-04-13T02_03_47.550+09_00.html,2025-04-13T02_03_47.550+09_00.html,.html,11983,2026-07-10T01:05:23.166785
Keep,D:\Programs\追加アイディア\情報\pii-output\clean-dataset\Keep\2025-04-13T02_03_47.550+09_00.json,2025-04-13T02_03_47.550+09_00.json,.json,3000,2026-07-10T01:05:23.168528
Keep,D:\Programs\追加アイディア\情報\pii-output\clean-dataset\Keep\2025-07-27T00_44_04.871+09_00.html,2025-07-27T00_44_04.871+09_00.html,.html,11160,2026-07-10T01:05:23.211984
Keep,D:\Programs\追加アイディア\情報\pii-output\clean-dataset\Keep\2025-07-27T00_44_04.871+09_00.json,2025-07-27T00_44_04.871+09_00.json,.json,943,2026-07-10T01:05:23.213727
Keep,D:\Programs\追加アイディア\情報\pii-output\clean-dataset\Keep\2026-02-20T10_01_11.825+09_00.html,2026-02-20T10_01_11.825+09_00.html,.html,11392,2026-07-10T01:05:23.258700
Keep,D:\Programs\追加アイディア\情報\pii-output\clean-dataset\Keep\2026-02-20T10_01_11.825+09_00.json,2026-02-20T10_01_11.825+09_00.json,.json,4005,2026-07-10T01:05:23.262445
Keep,D:\Programs\追加アイディア\情報\pii-output\clean-dataset\Keep\2026-03-02T22_07_22.515+09_00.html,2026-03-02T22_07_22.515+09_00.html,.html,21218,2026-07-10T01:05:23.309950
Keep,D:\Programs\追加アイディア\情報\pii-output\clean-dataset\Keep\2026-03-02T22_07_22.515+09_00.json,2026-03-02T22_07_22.515+09_00.json,.json,96251,2026-07-10T01:05:23.369544
Keep,D:\Programs\追加アイディア\情報\pii-output\clean-dataset\Keep\2026-03-03T20_04_51.886+09_00.html,2026-03-03T20_04_51.886+09_00.html,.html,11583,2026-07-10T01:05:23.409119
Keep,D:\Programs\追加アイディア\情報\pii-output\clean-dataset\Keep\2026-03-03T20_04_51.886+09_00.json,2026-03-03T20_04_51.886+09_00.json,.json,6306,2026-07-10T01:05:23.420974
Keep,D:\Programs\追加アイディア\情報\pii-output\clean-dataset\Keep\2026-03-07T21_55_23.450+09_00.html,2026-03-07T21_55_23.450+09_00.html,.html,15673,2026-07-10T01:05:23.462495
Keep,D:\Programs\追加アイディア\情報\pii-output\clean-dataset\Keep\2026-03-07T21_55_23.450+09_00.json,2026-03-07T21_55_23.450+09_00.json,.json,41824,2026-07-10T01:05:23.490248
Keep,D:\Programs\追加アイディア\情報\pii-output\clean-dataset\Keep\2026-03-09T12_33_51.500+09_00.html,2026-03-09T12_33_51.500+09_00.html,.html,12977,2026-07-10T01:05:23.535364
Keep,D:\Programs\追加アイディア\情報\pii-output\clean-dataset\Keep\2026-03-09T12_33_51.500+09_00.json,2026-03-09T12_33_51.500+09_00.json,.json,16882,2026-07-10T01:05:23.547123
Keep,D:\Programs\追加アイディア\情報\pii-output\clean-dataset\Keep\2026-03-13T19_41_02.631+09_00.html,2026-03-13T19_41_02.631+09_00.html,.html,11812,2026-07-10T01:05:23.591356
Keep,D:\Programs\追加アイディア\情報\pii-output\clean-dataset\Keep\2026-03-13T19_41_02.631+09_00.json,2026-03-13T19_41_02.631+09_00.json,.json,6506,2026-07-10T01:05:23.597363
Keep,D:\Programs\追加アイディア\情報\pii-output\clean-dataset\Keep\2026-03-16T23_06_24.845+09_00.html,2026-03-16T23_06_24.845+09_00.html,.html,20630,2026-07-10T01:05:23.643076
Keep,D:\Programs\追加アイディア\情報\pii-output\clean-dataset\Keep\2026-03-16T23_06_24.845+09_00.json,2026-03-16T23_06_24.845+09_00.json,.json,92626,2026-07-10T01:05:23.702726
Keep,D:\Programs\追加アイディア\情報\pii-output\clean-dataset\Keep\2026-03-18T07_36_16.175+09_00.html,2026-03-18T07_36_16.175+09_00.html,.html,22360,2026-07-10T01:05:23.748754
Keep,D:\Programs\追加アイディア\情報\pii-output\clean-dataset\Keep\2026-03-18T07_36_16.175+09_00.json,2026-03-18T07_36_16.175+09_00.json,.json,114779,2026-07-10T01:05:23.821415
Keep,D:\Programs\追加アイディア\情報\pii-output\clean-dataset\Keep\2026-03-18T07_56_06.710+09_00.html,2026-03-18T07_56_06.710+09_00.html,.html,28243,2026-07-10T01:05:23.868127
Keep,D:\Programs\追加アイディア\情報\pii-output\clean-dataset\Keep\2026-03-18T07_56_06.710+09_00.json,2026-03-18T07_56_06.710+09_00.json,.json,195466,2026-07-10T01:05:23.998131
Keep,D:\Programs\追加アイディア\情報\pii-output\clean-dataset\Keep\2026-03-18T08_55_12.198+09_00.html,2026-03-18T08_55_12.198+09_00.html,.html,17023,2026-07-10T01:05:24.043114
Keep,D:\Programs\追加アイディア\情報\pii-output\clean-dataset\Keep\2026-03-18T08_55_12.198+09_00.json,2026-03-18T08_55_12.198+09_00.json,.json,67164,2026-07-10T01:05:24.089608
Keep,D:\Programs\追加アイディア\情報\pii-output\clean-dataset\Keep\2026-03-18T08_56_27.642+09_00.html,2026-03-18T08_56_27.642+09_00.html,.html,17867,2026-07-10T01:05:24.133261
Keep,D:\Programs\追加アイディア\情報\pii-output\clean-dataset\Keep\2026-03-18T08_56_27.642+09_00.json,2026-03-18T08_56_27.642+09_00.json,.json,71519,2026-07-10T01:05:24.181237
Keep,D:\Programs\追加アイディア\情報\pii-output\clean-dataset\Keep\2026-03-18T08_57_47.275+09_00.html,2026-03-18T08_57_47.275+09_00.html,.html,23029,2026-07-10T01:05:24.228953
Keep,D:\Programs\追加アイディア\情報\pii-output\clean-dataset\Keep\2026-03-18T08_57_47.275+09_00.json,2026-03-18T08_57_47.275+09_00.json,.json,136327,2026-07-10T01:05:24.316216
Keep,D:\Programs\追加アイディア\情報\pii-output\clean-dataset\Keep\2026-03-18T08_59_16.084+09_00.html,2026-03-18T08_59_16.084+09_00.html,.html,17956,2026-07-10T01:05:24.363624
Keep,D:\Programs\追加アイディア\情報\pii-output\clean-dataset\Keep\2026-03-18T08_59_16.084+09_00.json,2026-03-18T08_59_16.084+09_00.json,.json,75240,2026-07-10T01:05:24.411174
Keep,D:\Programs\追加アイディア\情報\pii-output\clean-dataset\Keep\2026-03-18T21_29_46.180+09_00.html,2026-03-18T21_29_46.180+09_00.html,.html,29869,2026-07-10T01:05:24.463318
Keep,D:\Programs\追加アイディア\情報\pii-output\clean-dataset\Keep\2026-03-18T21_29_46.180+09_00.json,2026-03-18T21_29_46.180+09_00.json,.json,211857,2026-07-10T01:05:24.600114
Keep,D:\Programs\追加アイディア\情報\pii-output\clean-dataset\Keep\2026-03-18T22_23_49.762+09_00.html,2026-03-18T22_23_49.762+09_00.html,.html,20792,2026-07-10T01:05:24.647658
Keep,D:\Programs\追加アイディア\情報\pii-output\clean-dataset\Keep\2026-03-18T22_23_49.762+09_00.json,2026-03-18T22_23_49.762+09_00.json,.json,107312,2026-07-10T01:05:24.726697
Keep,D:\Programs\追加アイディア\情報\pii-output\clean-dataset\Keep\2026-03-19T05_47_51.448+09_00.html,2026-03-19T05_47_51.448+09_00.html,.html,15743,2026-07-10T01:05:24.758257
Keep,D:\Programs\追加アイディア\情報\pii-output\clean-dataset\Keep\2026-03-19T05_47_51.448+09_00.json,2026-03-19T05_47_51.448+09_00.json,.json,47382,2026-07-10T01:05:24.790058
Keep,D:\Programs\追加アイディア\情報\pii-output\clean-dataset\Keep\2026-03-19T07_28_37.156+09_00.html,2026-03-19T07_28_37.156+09_00.html,.html,49274,2026-07-10T01:05:24.853156
Keep,D:\Programs\追加アイディア\情報\pii-output\clean-dataset\Keep\2026-03-19T07_28_37.156+09_00.json,2026-03-19T07_28_37.156+09_00.json,.json,452606,2026-07-10T01:05:25.174782
Keep,D:\Programs\追加アイディア\情報\pii-output\clean-dataset\Keep\2026-03-19T08_01_58.733+09_00.html,2026-03-19T08_01_58.733+09_00.html,.html,42845,2026-07-10T01:05:25.222136
Keep,D:\Programs\追加アイディア\情報\pii-output\clean-dataset\Keep\2026-03-19T08_01_58.733+09_00.json,2026-03-19T08_01_58.733+09_00.json,.json,343585,2026-07-10T01:05:25.459652
Keep,D:\Programs\追加アイディア\情報\pii-output\clean-dataset\Keep\2026-03-19T08_08_19.205+09_00.html,2026-03-19T08_08_19.205+09_00.html,.html,11398,2026-07-10T01:05:25.506932
Keep,D:\Programs\追加アイディア\情報\pii-output\clean-dataset\Keep\2026-03-19T08_08_19.205+09_00.json,2026-03-19T08_08_19.205+09_00.json,.json,1531,2026-07-10T01:05:25.506932
Keep,D:\Programs\追加アイディア\情報\pii-output\clean-dataset\Keep\2026-03-19T09_05_35.039+09_00.html,2026-03-19T09_05_35.039+09_00.html,.html,16190,2026-07-10T01:05:25.554505
Keep,D:\Programs\追加アイディア\情報\pii-output\clean-dataset\Keep\2026-03-19T09_05_35.039+09_00.json,2026-03-19T09_05_35.039+09_00.json,.json,46862,2026-07-10T01:05:25.585992
Keep,D:\Programs\追加アイディア\情報\pii-output\clean-dataset\Keep\2026-03-19T09_13_49.515+09_00.html,2026-03-19T09_13_49.515+09_00.html,.html,48250,2026-07-10T01:05:25.635553
Keep,D:\Programs\追加アイディア\情報\pii-output\clean-dataset\Keep\2026-03-19T09_13_49.515+09_00.json,2026-03-19T09_13_49.515+09_00.json,.json,403118,2026-07-10T01:05:25.916810
Keep,D:\Programs\追加アイディア\情報\pii-output\clean-dataset\Keep\2026-03-19T09_15_56.646+09_00.html,2026-03-19T09_15_56.646+09_00.html,.html,14935,2026-07-10T01:05:25.964070
Keep,D:\Programs\追加アイディア\情報\pii-output\clean-dataset\Keep\2026-03-19T09_15_56.646+09_00.json,2026-03-19T09_15_56.646+09_00.json,.json,51264,2026-07-10T01:05:25.995486
Keep,D:\Programs\追加アイディア\情報\pii-output\clean-dataset\Keep\2026-03-19T11_00_06.908+09_00.html,2026-03-19T11_00_06.908+09_00.html,.html,14865,2026-07-10T01:05:26.042763
Keep,D:\Programs\追加アイディア\情報\pii-output\clean-dataset\Keep\2026-03-19T11_00_06.908+09_00.json,2026-03-19T11_00_06.908+09_00.json,.json,40291,2026-07-10T01:05:26.074392
Keep,D:\Programs\追加アイディア\情報\pii-output\clean-dataset\Keep\2026-03-19T12_31_32.662+09_00.html,2026-03-19T12_31_32.662+09_00.html,.html,15839,2026-07-10T01:05:26.105927
Keep,D:\Programs\追加アイディア\情報\pii-output\clean-dataset\Keep\2026-03-19T12_31_32.662+09_00.json,2026-03-19T12_31_32.662+09_00.json,.json,47761,2026-07-10T01:05:26.140423
Keep,D:\Programs\追加アイディア\情報\pii-output\clean-dataset\Keep\2026-03-19T12_31_32.669+09_00.html,2026-03-19T12_31_32.669+09_00.html,.html,18483,2026-07-10T01:05:26.185996
Keep,D:\Programs\追加アイディア\情報\pii-output\clean-dataset\Keep\2026-03-19T12_31_32.669+09_00.json,2026-03-19T12_31_32.669+09_00.json,.json,60508,2026-07-10T01:05:26.233083
Keep,D:\Programs\追加アイディア\情報\pii-output\clean-dataset\Keep\2026-03-19T12_31_32.704+09_00.html,2026-03-19T12_31_32.704+09_00.html,.html,14080,2026-07-10T01:05:26.264616
Keep,D:\Programs\追加アイディア\情報\pii-output\clean-dataset\Keep\2026-03-19T12_31_32.704+09_00.json,2026-03-19T12_31_32.704+09_00.json,.json,27310,2026-07-10T01:05:26.296256
Keep,D:\Programs\追加アイディア\情報\pii-output\clean-dataset\Keep\2026-03-19T12_36_08.209+09_00.html,2026-03-19T12_36_08.209+09_00.html,.html,17842,2026-07-10T01:05:26.343470
Keep,D:\Programs\追加アイディア\情報\pii-output\clean-dataset\Keep\2026-03-19T12_36_08.209+09_00.json,2026-03-19T12_36_08.209+09_00.json,.json,67163,2026-07-10T01:05:26.390665
Keep,D:\Programs\追加アイディア\情報\pii-output\clean-dataset\Keep\2026-03-19T15_57_01.902+09_00.html,2026-03-19T15_57_01.902+09_00.html,.html,11774,2026-07-10T01:05:26.438208
Keep,D:\Programs\追加アイディア\情報\pii-output\clean-dataset\Keep\2026-03-19T15_57_01.902+09_00.json,2026-03-19T15_57_01.902+09_00.json,.json,8927,2026-07-10T01:05:26.438208
Keep,D:\Programs\追加アイディア\情報\pii-output\clean-dataset\Keep\2026-03-19T16_10_13.648+09_00.html,2026-03-19T16_10_13.648+09_00.html,.html,21777,2026-07-10T01:05:26.485324
Keep,D:\Programs\追加アイディア\情報\pii-output\clean-dataset\Keep\2026-03-19T16_10_13.648+09_00.json,2026-03-19T16_10_13.648+09_00.json,.json,125782,2026-07-10T01:05:26.564040
Keep,D:\Programs\追加アイディア\情報\pii-output\clean-dataset\Keep\2026-03-19T16_12_44.965+09_00.html,2026-03-19T16_12_44.965+09_00.html,.html,17591,2026-07-10T01:05:26.611156
Keep,D:\Programs\追加アイディア\情報\pii-output\clean-dataset\Keep\2026-03-19T16_12_44.965+09_00.json,2026-03-19T16_12_44.965+09_00.json,.json,62332,2026-07-10T01:05:26.658374
Keep,D:\Programs\追加アイディア\情報\pii-output\clean-dataset\Keep\2026-03-19T17_37_38.426+09_00.html,2026-03-19T17_37_38.426+09_00.html,.html,45532,2026-07-10T01:05:26.719613
Keep,D:\Programs\追加アイディア\情報\pii-output\clean-dataset\Keep\2026-03-19T17_37_38.426+09_00.json,2026-03-19T17_37_38.426+09_00.json,.json,348328,2026-07-10T01:05:26.943189
Keep,D:\Programs\追加アイディア\情報\pii-output\clean-dataset\Keep\2026-03-19T17_38_59.462+09_00.html,2026-03-19T17_38_59.462+09_00.html,.html,22714,2026-07-10T01:05:26.990956
Keep,D:\Programs\追加アイディア\情報\pii-output\clean-dataset\Keep\2026-03-19T17_38_59.462+09_00.json,2026-03-19T17_38_59.462+09_00.json,.json,116770,2026-07-10T01:05:27.069852
Keep,D:\Programs\追加アイディア\情報\pii-output\clean-dataset\Keep\2026-03-19T18_09_10.589+09_00.html,2026-03-19T18_09_10.589+09_00.html,.html,22781,2026-07-10T01:05:27.117644
Keep,D:\Programs\追加アイディア\情報\pii-output\clean-dataset\Keep\2026-03-19T18_09_10.589+09_00.json,2026-03-19T18_09_10.589+09_00.json,.json,120600,2026-07-10T01:05:27.196800
Keep,D:\Programs\追加アイディア\情報\pii-output\clean-dataset\Keep\2026-03-19T18_09_11.020+09_00.html,2026-03-19T18_09_11.020+09_00.html,.html,15942,2026-07-10T01:05:27.228480
Keep,D:\Programs\追加アイディア\情報\pii-output\clean-dataset\Keep\2026-03-19T18_09_11.020+09_00.json,2026-03-19T18_09_11.020+09_00.json,.json,52642,2026-07-10T01:05:27.277036
Keep,D:\Programs\追加アイディア\情報\pii-output\clean-dataset\Keep\2026-03-19T19_29_38.403+09_00.html,2026-03-19T19_29_38.403+09_00.html,.html,15442,2026-07-10T01:05:27.306647
Keep,D:\Programs\追加アイディア\情報\pii-output\clean-dataset\Keep\2026-03-19T19_29_38.403+09_00.json,2026-03-19T19_29_38.403+09_00.json,.json,44105,2026-07-10T01:05:27.341211
Keep,D:\Programs\追加アイディア\情報\pii-output\clean-dataset\Keep\2026-03-19T19_29_38.408+09_00.html,2026-03-19T19_29_38.408+09_00.html,.html,11659,2026-07-10T01:05:27.395375
Keep,D:\Programs\追加アイディア\情報\pii-output\clean-dataset\Keep\2026-03-19T19_29_38.408+09_00.json,2026-03-19T19_29_38.408+09_00.json,.json,4175,2026-07-10T01:05:27.395375
Keep,D:\Programs\追加アイディア\情報\pii-output\clean-dataset\Keep\2026-03-19T19_31_13.663+09_00.html,2026-03-19T19_31_13.663+09_00.html,.html,13736,2026-07-10T01:05:27.432620
Keep,D:\Programs\追加アイディア\情報\pii-output\clean-dataset\Keep\2026-03-19T19_31_13.663+09_00.json,2026-03-19T19_31_13.663+09_00.json,.json,37980,2026-07-10T01:05:27.464206
Keep,D:\Programs\追加アイディア\情報\pii-output\clean-dataset\Keep\2026-03-20T06_28_04.176+09_00.html,2026-03-20T06_28_04.176+09_00.html,.html,19914,2026-07-10T01:05:27.512110
Keep,D:\Programs\追加アイディア\情報\pii-output\clean-dataset\Keep\2026-03-20T06_28_04.176+09_00.json,2026-03-20T06_28_04.176+09_00.json,.json,76314,2026-07-10T01:05:27.558250
Keep,D:\Programs\追加アイディア\情報\pii-output\clean-dataset\Keep\2026-03-20T06_28_04.209+09_00.html,2026-03-20T06_28_04.209+09_00.html,.html,27280,2026-07-10T01:05:27.591598
Keep,D:\Programs\追加アイディア\情報\pii-output\clean-dataset\Keep\2026-03-20T06_28_04.209+09_00.json,2026-03-20T06_28_04.209+09_00.json,.json,149511,2026-07-10T01:05:27.702624
Keep,D:\Programs\追加アイディア\情報\pii-output\clean-dataset\Keep\2026-03-20T07_07_53.874+09_00.html,2026-03-20T07_07_53.874+09_00.html,.html,16954,2026-07-10T01:05:27.746217
Keep,D:\Programs\追加アイディア\情報\pii-output\clean-dataset\Keep\2026-03-20T07_07_53.874+09_00.json,2026-03-20T07_07_53.874+09_00.json,.json,57339,2026-07-10T01:05:27.781713
Keep,D:\Programs\追加アイディア\情報\pii-output\clean-dataset\Keep\2026-03-20T07_31_35.372+09_00.html,2026-03-20T07_31_35.372+09_00.html,.html,31291,2026-07-10T01:05:27.833489
Keep,D:\Programs\追加アイディア\情報\pii-output\clean-dataset\Keep\2026-03-20T07_31_35.372+09_00.json,2026-03-20T07_31_35.372+09_00.json,.json,203179,2026-07-10T01:05:27.956500
Keep,D:\Programs\追加アイディア\情報\pii-output\clean-dataset\Keep\2026-03-20T07_38_34.273+09_00.html,2026-03-20T07_38_34.273+09_00.html,.html,42840,2026-07-10T01:05:28.019926
Keep,D:\Programs\追加アイディア\情報\pii-output\clean-dataset\Keep\2026-03-20T07_38_34.273+09_00.json,2026-03-20T07_38_34.273+09_00.json,.json,341542,2026-07-10T01:05:28.240831
Keep,D:\Programs\追加アイディア\情報\pii-output\clean-dataset\Keep\2026-03-20T07_47_25.680+09_00.html,2026-03-20T07_47_25.680+09_00.html,.html,30574,2026-07-10T01:05:28.288154
Keep,D:\Programs\追加アイディア\情報\pii-output\clean-dataset\Keep\2026-03-20T07_47_25.680+09_00.json,2026-03-20T07_47_25.680+09_00.json,.json,211642,2026-07-10T01:05:28.446822
Keep,D:\Programs\追加アイディア\情報\pii-output\clean-dataset\Keep\2026-03-20T07_48_32.182+09_00.html,2026-03-20T07_48_32.182+09_00.html,.html,23929,2026-07-10T01:05:28.494574
Keep,D:\Programs\追加アイディア\情報\pii-output\clean-dataset\Keep\2026-03-20T07_48_32.182+09_00.json,2026-03-20T07_48_32.182+09_00.json,.json,124340,2026-07-10T01:05:28.573630
Keep,D:\Programs\追加アイディア\情報\pii-output\clean-dataset\Keep\2026-03-20T08_29_47.328+09_00.html,2026-03-20T08_29_47.328+09_00.html,.html,43526,2026-07-10T01:05:28.636276
Keep,D:\Programs\追加アイディア\情報\pii-output\clean-dataset\Keep\2026-03-20T08_29_47.328+09_00.json,2026-03-20T08_29_47.328+09_00.json,.json,354996,2026-07-10T01:05:28.883642
Keep,D:\Programs\追加アイディア\情報\pii-output\clean-dataset\Keep\2026-03-20T08_56_33.928+09_00.html,2026-03-20T08_56_33.928+09_00.html,.html,18622,2026-07-10T01:05:28.921213
Keep,D:\Programs\追加アイディア\情報\pii-output\clean-dataset\Keep\2026-03-20T08_56_33.928+09_00.json,2026-03-20T08_56_33.928+09_00.json,.json,77840,2026-07-10T01:05:28.984802
Keep,D:\Programs\追加アイディア\情報\pii-output\clean-dataset\Keep\2026-03-20T09_03_49.480+09_00.html,2026-03-20T09_03_49.480+09_00.html,.html,27607,2026-07-10T01:05:29.033286
Keep,D:\Programs\追加アイディア\情報\pii-output\clean-dataset\Keep\2026-03-20T09_03_49.480+09_00.json,2026-03-20T09_03_49.480+09_00.json,.json,164785,2026-07-10T01:05:29.143570
Keep,D:\Programs\追加アイディア\情報\pii-output\clean-dataset\Keep\2026-03-20T10_44_15.674+09_00.html,2026-03-20T10_44_15.674+09_00.html,.html,12905,2026-07-10T01:05:29.187721
Keep,D:\Programs\追加アイディア\情報\pii-output\clean-dataset\Keep\2026-03-20T10_44_15.674+09_00.json,2026-03-20T10_44_15.674+09_00.json,.json,9810,2026-07-10T01:05:29.193702
Keep,D:\Programs\追加アイディア\情報\pii-output\clean-dataset\Keep\2026-03-20T11_07_14.088+09_00.html,2026-03-20T11_07_14.088+09_00.html,.html,21861,2026-07-10T01:05:29.236742
Keep,D:\Programs\追加アイディア\情報\pii-output\clean-dataset\Keep\2026-03-20T11_07_14.088+09_00.json,2026-03-20T11_07_14.088+09_00.json,.json,123301,2026-07-10T01:05:29.316013
Keep,D:\Programs\追加アイディア\情報\pii-output\clean-dataset\Keep\2026-03-20T11_07_14.744+09_00.html,2026-03-20T11_07_14.744+09_00.html,.html,18716,2026-07-10T01:05:29.373320
Keep,D:\Programs\追加アイディア\情報\pii-output\clean-dataset\Keep\2026-03-20T11_07_14.744+09_00.json,2026-03-20T11_07_14.744+09_00.json,.json,64430,2026-07-10T01:05:29.417177
Keep,D:\Programs\追加アイディア\情報\pii-output\clean-dataset\Keep\2026-03-20T11_09_43.095+09_00.html,2026-03-20T11_09_43.095+09_00.html,.html,18336,2026-07-10T01:05:29.461115
Keep,D:\Programs\追加アイディア\情報\pii-output\clean-dataset\Keep\2026-03-20T11_09_43.095+09_00.json,2026-03-20T11_09_43.095+09_00.json,.json,83711,2026-07-10T01:05:29.506166
Keep,D:\Programs\追加アイディア\情報\pii-output\clean-dataset\Keep\2026-03-20T11_09_43.176+09_00.html,2026-03-20T11_09_43.176+09_00.html,.html,18349,2026-07-10T01:05:29.554101
Keep,D:\Programs\追加アイディア\情報\pii-output\clean-dataset\Keep\2026-03-20T11_09_43.176+09_00.json,2026-03-20T11_09_43.176+09_00.json,.json,78950,2026-07-10T01:05:29.601659
Keep,D:\Programs\追加アイディア\情報\pii-output\clean-dataset\Keep\2026-03-20T11_10_03.418+09_00.html,2026-03-20T11_10_03.418+09_00.html,.html,17757,2026-07-10T01:05:29.649454
Keep,D:\Programs\追加アイディア\情報\pii-output\clean-dataset\Keep\2026-03-20T11_10_03.418+09_00.json,2026-03-20T11_10_03.418+09_00.json,.json,65618,2026-07-10T01:05:29.697092
Keep,D:\Programs\追加アイディア\情報\pii-output\clean-dataset\Keep\2026-03-20T11_32_48.187+09_00.html,2026-03-20T11_32_48.187+09_00.html,.html,17840,2026-07-10T01:05:29.745901
Keep,D:\Programs\追加アイディア\情報\pii-output\clean-dataset\Keep\2026-03-20T11_32_48.187+09_00.json,2026-03-20T11_32_48.187+09_00.json,.json,69936,2026-07-10T01:05:29.791919
Keep,D:\Programs\追加アイディア\情報\pii-output\clean-dataset\Keep\2026-03-20T11_49_33.454+09_00.html,2026-03-20T11_49_33.454+09_00.html,.html,16883,2026-07-10T01:05:29.823505
Keep,D:\Programs\追加アイディア\情報\pii-output\clean-dataset\Keep\2026-03-20T11_49_33.454+09_00.json,2026-03-20T11_49_33.454+09_00.json,.json,59517,2026-07-10T01:05:29.871246
Keep,D:\Programs\追加アイディア\情報\pii-output\clean-dataset\Keep\2026-03-20T11_51_52.643+09_00.html,2026-03-20T11_51_52.643+09_00.html,.html,21063,2026-07-10T01:05:29.920664
Keep,D:\Programs\追加アイディア\情報\pii-output\clean-dataset\Keep\2026-03-20T11_51_52.643+09_00.json,2026-03-20T11_51_52.643+09_00.json,.json,100406,2026-07-10T01:05:29.981791
Keep,D:\Programs\追加アイディア\情報\pii-output\clean-dataset\Keep\2026-03-20T11_53_11.836+09_00.html,2026-03-20T11_53_11.836+09_00.html,.html,16813,2026-07-10T01:05:30.029078
Keep,D:\Programs\追加アイディア\情報\pii-output\clean-dataset\Keep\2026-03-20T11_53_11.836+09_00.json,2026-03-20T11_53_11.836+09_00.json,.json,56505,2026-07-10T01:05:30.061151
Keep,D:\Programs\追加アイディア\情報\pii-output\clean-dataset\Keep\2026-03-20T11_54_59.819+09_00.html,2026-03-20T11_54_59.819+09_00.html,.html,18971,2026-07-10T01:05:30.108328
Keep,D:\Programs\追加アイディア\情報\pii-output\clean-dataset\Keep\2026-03-20T11_54_59.819+09_00.json,2026-03-20T11_54_59.819+09_00.json,.json,85313,2026-07-10T01:05:30.169491
Keep,D:\Programs\追加アイディア\情報\pii-output\clean-dataset\Keep\2026-03-20T11_58_57.888+09_00.html,2026-03-20T11_58_57.888+09_00.html,.html,18760,2026-07-10T01:05:30.202894
Keep,D:\Programs\追加アイディア\情報\pii-output\clean-dataset\Keep\2026-03-20T11_58_57.888+09_00.json,2026-03-20T11_58_57.888+09_00.json,.json,88788,2026-07-10T01:05:30.265843
Keep,D:\Programs\追加アイディア\情報\pii-output\clean-dataset\Keep\2026-03-20T12_03_02.917+09_00.html,2026-03-20T12_03_02.917+09_00.html,.html,17823,2026-07-10T01:05:30.313210
Keep,D:\Programs\追加アイディア\情報\pii-output\clean-dataset\Keep\2026-03-20T12_03_02.917+09_00.json,2026-03-20T12_03_02.917+09_00.json,.json,63936,2026-07-10T01:05:30.346913
Keep,D:\Programs\追加アイディア\情報\pii-output\clean-dataset\Keep\2026-03-20T12_25_39.615+09_00.html,2026-03-20T12_25_39.615+09_00.html,.html,14945,2026-07-10T01:05:30.400241
Keep,D:\Programs\追加アイディア\情報\pii-output\clean-dataset\Keep\2026-03-20T12_25_39.615+09_00.json,2026-03-20T12_25_39.615+09_00.json,.json,33585,2026-07-10T01:05:30.423706
Keep,D:\Programs\追加アイディア\情報\pii-output\clean-dataset\Keep\2026-03-20T13_13_30.188+09_00.html,2026-03-20T13_13_30.188+09_00.html,.html,17949,2026-07-10T01:05:30.455621
Keep,D:\Programs\追加アイディア\情報\pii-output\clean-dataset\Keep\2026-03-20T13_13_30.188+09_00.json,2026-03-20T13_13_30.188+09_00.json,.json,80179,2026-07-10T01:05:30.503429
Keep,D:\Programs\追加アイディア\情報\pii-output\clean-dataset\Keep\2026-03-20T13_15_41.438+09_00.html,2026-03-20T13_15_41.438+09_00.html,.html,18555,2026-07-10T01:05:30.560710
Keep,D:\Programs\追加アイディア\情報\pii-output\clean-dataset\Keep\2026-03-20T13_15_41.438+09_00.json,2026-03-20T13_15_41.438+09_00.json,.json,89605,2026-07-10T01:05:30.620338
Keep,D:\Programs\追加アイディア\情報\pii-output\clean-dataset\Keep\2026-03-20T13_18_39.341+09_00.html,2026-03-20T13_18_39.341+09_00.html,.html,17886,2026-07-10T01:05:30.663219
Keep,D:\Programs\追加アイディア\情報\pii-output\clean-dataset\Keep\2026-03-20T13_18_39.341+09_00.json,2026-03-20T13_18_39.341+09_00.json,.json,64054,2026-07-10T01:05:30.705688
Keep,D:\Programs\追加アイディア\情報\pii-output\clean-dataset\Keep\2026-03-20T13_31_02.864+09_00.html,2026-03-20T13_31_02.864+09_00.html,.html,17419,2026-07-10T01:05:30.749173
Keep,D:\Programs\追加アイディア\情報\pii-output\clean-dataset\Keep\2026-03-20T13_31_02.864+09_00.json,2026-03-20T13_31_02.864+09_00.json,.json,69420,2026-07-10T01:05:30.795363
Keep,D:\Programs\追加アイディア\情報\pii-output\clean-dataset\Keep\2026-03-20T13_33_09.791+09_00.html,2026-03-20T13_33_09.791+09_00.html,.html,17358,2026-07-10T01:05:30.838076
Keep,D:\Programs\追加アイディア\情報\pii-output\clean-dataset\Keep\2026-03-20T13_33_09.791+09_00.json,2026-03-20T13_33_09.791+09_00.json,.json,62006,2026-07-10T01:05:30.878056
Keep,D:\Programs\追加アイディア\情報\pii-output\clean-dataset\Keep\2026-03-20T13_53_21.118+09_00.html,2026-03-20T13_53_21.118+09_00.html,.html,17580,2026-07-10T01:05:30.920028
Keep,D:\Programs\追加アイディア\情報\pii-output\clean-dataset\Keep\2026-03-20T13_53_21.118+09_00.json,2026-03-20T13_53_21.118+09_00.json,.json,64831,2026-07-10T01:05:30.961301
Keep,D:\Programs\追加アイディア\情報\pii-output\clean-dataset\Keep\2026-03-20T13_53_48.331+09_00.html,2026-03-20T13_53_48.331+09_00.html,.html,17578,2026-07-10T01:05:31.003938
Keep,D:\Programs\追加アイディア\情報\pii-output\clean-dataset\Keep\2026-03-20T13_53_48.331+09_00.json,2026-03-20T13_53_48.331+09_00.json,.json,62542,2026-07-10T01:05:31.044688
Keep,D:\Programs\追加アイディア\情報\pii-output\clean-dataset\Keep\2026-03-20T13_53_49.992+09_00.html,2026-03-20T13_53_49.992+09_00.html,.html,17362,2026-07-10T01:05:31.087160
Keep,D:\Programs\追加アイディア\情報\pii-output\clean-dataset\Keep\2026-03-20T13_53_49.992+09_00.json,2026-03-20T13_53_49.992+09_00.json,.json,60609,2026-07-10T01:05:31.116632
Keep,D:\Programs\追加アイディア\情報\pii-output\clean-dataset\Keep\2026-03-20T13_54_02.538+09_00.html,2026-03-20T13_54_02.538+09_00.html,.html,18036,2026-07-10T01:05:31.164541
Keep,D:\Programs\追加アイディア\情報\pii-output\clean-dataset\Keep\2026-03-20T13_54_02.538+09_00.json,2026-03-20T13_54_02.538+09_00.json,.json,69308,2026-07-10T01:05:31.212206
Keep,D:\Programs\追加アイディア\情報\pii-output\clean-dataset\Keep\2026-03-20T13_54_24.881+09_00.html,2026-03-20T13_54_24.881+09_00.html,.html,18204,2026-07-10T01:05:31.259730
Keep,D:\Programs\追加アイディア\情報\pii-output\clean-dataset\Keep\2026-03-20T13_54_24.881+09_00.json,2026-03-20T13_54_24.881+09_00.json,.json,69056,2026-07-10T01:05:31.291879
Keep,D:\Programs\追加アイディア\情報\pii-output\clean-dataset\Keep\2026-03-20T13_54_26.127+09_00.html,2026-03-20T13_54_26.127+09_00.html,.html,18604,2026-07-10T01:05:31.348479
Keep,D:\Programs\追加アイディア\情報\pii-output\clean-dataset\Keep\2026-03-20T13_54_26.127+09_00.json,2026-03-20T13_54_26.127+09_00.json,.json,71749,2026-07-10T01:05:31.386853
Keep,D:\Programs\追加アイディア\情報\pii-output\clean-dataset\Keep\2026-03-20T14_10_31.019+09_00.html,2026-03-20T14_10_31.019+09_00.html,.html,16813,2026-07-10T01:05:31.434298
Keep,D:\Programs\追加アイディア\情報\pii-output\clean-dataset\Keep\2026-03-20T14_10_31.019+09_00.json,2026-03-20T14_10_31.019+09_00.json,.json,62447,2026-07-10T01:05:31.481612
Keep,D:\Programs\追加アイディア\情報\pii-output\clean-dataset\Keep\2026-03-20T14_11_02.766+09_00.html,2026-03-20T14_11_02.766+09_00.html,.html,18554,2026-07-10T01:05:31.528832
Keep,D:\Programs\追加アイディア\情報\pii-output\clean-dataset\Keep\2026-03-20T14_11_02.766+09_00.json,2026-03-20T14_11_02.766+09_00.json,.json,80294,2026-07-10T01:05:31.583474
Keep,D:\Programs\追加アイディア\情報\pii-output\clean-dataset\Keep\2026-03-20T14_15_56.935+09_00.html,2026-03-20T14_15_56.935+09_00.html,.html,15287,2026-07-10T01:05:31.623967
Keep,D:\Programs\追加アイディア\情報\pii-output\clean-dataset\Keep\2026-03-20T14_15_56.935+09_00.json,2026-03-20T14_15_56.935+09_00.json,.json,42405,2026-07-10T01:05:31.654919
Keep,D:\Programs\追加アイディア\情報\pii-output\clean-dataset\Keep\2026-03-20T14_17_19.084+09_00.html,2026-03-20T14_17_19.084+09_00.html,.html,18315,2026-07-10T01:05:31.700108
Keep,D:\Programs\追加アイディア\情報\pii-output\clean-dataset\Keep\2026-03-20T14_17_19.084+09_00.json,2026-03-20T14_17_19.084+09_00.json,.json,85068,2026-07-10T01:05:31.760343
Keep,D:\Programs\追加アイディア\情報\pii-output\clean-dataset\Keep\2026-03-20T14_18_03.983+09_00.html,2026-03-20T14_18_03.983+09_00.html,.html,19857,2026-07-10T01:05:31.806277
Keep,D:\Programs\追加アイディア\情報\pii-output\clean-dataset\Keep\2026-03-20T14_18_03.983+09_00.json,2026-03-20T14_18_03.983+09_00.json,.json,100941,2026-07-10T01:05:31.874726
Keep,D:\Programs\追加アイディア\情報\pii-output\clean-dataset\Keep\2026-03-20T14_23_07.448+09_00.html,2026-03-20T14_23_07.448+09_00.html,.html,17735,2026-07-10T01:05:31.919182
Keep,D:\Programs\追加アイディア\情報\pii-output\clean-dataset\Keep\2026-03-20T14_23_07.448+09_00.json,2026-03-20T14_23_07.448+09_00.json,.json,78583,2026-07-10T01:05:31.973085
Keep,D:\Programs\追加アイディア\情報\pii-output\clean-dataset\Keep\2026-03-20T15_09_16.369+09_00.html,2026-03-20T15_09_16.369+09_00.html,.html,17576,2026-07-10T01:05:32.018534
Keep,D:\Programs\追加アイディア\情報\pii-output\clean-dataset\Keep\2026-03-20T15_09_16.369+09_00.json,2026-03-20T15_09_16.369+09_00.json,.json,66082,2026-07-10T01:05:32.062239
Keep,D:\Programs\追加アイディア\情報\pii-output\clean-dataset\Keep\2026-03-20T15_45_43.706+09_00.html,2026-03-20T15_45_43.706+09_00.html,.html,16960,2026-07-10T01:05:32.105159
Keep,D:\Programs\追加アイディア\情報\pii-output\clean-dataset\Keep\2026-03-20T15_45_43.706+09_00.json,2026-03-20T15_45_43.706+09_00.json,.json,53728,2026-07-10T01:05:32.139171
Keep,D:\Programs\追加アイディア\情報\pii-output\clean-dataset\Keep\2026-03-20T16_13_16.903+09_00.html,2026-03-20T16_13_16.903+09_00.html,.html,17790,2026-07-10T01:05:32.181502
Keep,D:\Programs\追加アイディア\情報\pii-output\clean-dataset\Keep\2026-03-20T16_13_16.903+09_00.json,2026-03-20T16_13_16.903+09_00.json,.json,86633,2026-07-10T01:05:32.237978
Keep,D:\Programs\追加アイディア\情報\pii-output\clean-dataset\Keep\2026-03-20T16_18_20.895+09_00.html,2026-03-20T16_18_20.895+09_00.html,.html,17038,2026-07-10T01:05:32.281689
Keep,D:\Programs\追加アイディア\情報\pii-output\clean-dataset\Keep\2026-03-20T16_18_20.895+09_00.json,2026-03-20T16_18_20.895+09_00.json,.json,81295,2026-07-10T01:05:32.335397
Keep,D:\Programs\追加アイディア\情報\pii-output\clean-dataset\Keep\2026-03-20T16_24_24.413+09_00.html,2026-03-20T16_24_24.413+09_00.html,.html,18390,2026-07-10T01:05:32.380146
Keep,D:\Programs\追加アイディア\情報\pii-output\clean-dataset\Keep\2026-03-20T16_24_24.413+09_00.json,2026-03-20T16_24_24.413+09_00.json,.json,85054,2026-07-10T01:05:32.419705
Keep,D:\Programs\追加アイディア\情報\pii-output\clean-dataset\Keep\2026-03-20T16_27_25.683+09_00.html,2026-03-20T16_27_25.683+09_00.html,.html,17814,2026-07-10T01:05:32.467377
Keep,D:\Programs\追加アイディア\情報\pii-output\clean-dataset\Keep\2026-03-20T16_27_25.683+09_00.json,2026-03-20T16_27_25.683+09_00.json,.json,74411,2026-07-10T01:05:32.530750
Keep,D:\Programs\追加アイディア\情報\pii-output\clean-dataset\Keep\2026-03-20T16_28_08.749+09_00.html,2026-03-20T16_28_08.749+09_00.html,.html,18676,2026-07-10T01:05:32.561691
Keep,D:\Programs\追加アイディア\情報\pii-output\clean-dataset\Keep\2026-03-20T16_28_08.749+09_00.json,2026-03-20T16_28_08.749+09_00.json,.json,82520,2026-07-10T01:05:32.624706
Keep,D:\Programs\追加アイディア\情報\pii-output\clean-dataset\Keep\2026-03-20T17_01_59.096+09_00.html,2026-03-20T17_01_59.096+09_00.html,.html,17372,2026-07-10T01:05:32.672312
Keep,D:\Programs\追加アイディア\情報\pii-output\clean-dataset\Keep\2026-03-20T17_01_59.096+09_00.json,2026-03-20T17_01_59.096+09_00.json,.json,72070,2026-07-10T01:05:32.719573
Keep,D:\Programs\追加アイディア\情報\pii-output\clean-dataset\Keep\2026-03-20T17_04_39.043+09_00.html,2026-03-20T17_04_39.043+09_00.html,.html,17912,2026-07-10T01:05:32.751465
Keep,D:\Programs\追加アイディア\情報\pii-output\clean-dataset\Keep\2026-03-20T17_04_39.043+09_00.json,2026-03-20T17_04_39.043+09_00.json,.json,76097,2026-07-10T01:05:32.814286
Keep,D:\Programs\追加アイディア\情報\pii-output\clean-dataset\Keep\2026-03-20T17_07_19.986+09_00.html,2026-03-20T17_07_19.986+09_00.html,.html,19090,2026-07-10T01:05:32.845974
Keep,D:\Programs\追加アイディア\情報\pii-output\clean-dataset\Keep\2026-03-20T17_07_19.986+09_00.json,2026-03-20T17_07_19.986+09_00.json,.json,84130,2026-07-10T01:05:32.909043
Keep,D:\Programs\追加アイディア\情報\pii-output\clean-dataset\Keep\2026-03-20T17_09_05.448+09_00.html,2026-03-20T17_09_05.448+09_00.html,.html,20073,2026-07-10T01:05:32.956379
Keep,D:\Programs\追加アイディア\情報\pii-output\clean-dataset\Keep\2026-03-20T17_09_05.448+09_00.json,2026-03-20T17_09_05.448+09_00.json,.json,105322,2026-07-10T01:05:33.019209
Keep,D:\Programs\追加アイディア\情報\pii-output\clean-dataset\Keep\2026-03-20T17_09_58.950+09_00.html,2026-03-20T17_09_58.950+09_00.html,.html,17618,2026-07-10T01:05:33.066547
Keep,D:\Programs\追加アイディア\情報\pii-output\clean-dataset\Keep\2026-03-20T17_09_58.950+09_00.json,2026-03-20T17_09_58.950+09_00.json,.json,71940,2026-07-10T01:05:33.113903
Keep,D:\Programs\追加アイディア\情報\pii-output\clean-dataset\Keep\2026-03-20T17_09_59.775+09_00.html,2026-03-20T17_09_59.775+09_00.html,.html,17488,2026-07-10T01:05:33.161183
Keep,D:\Programs\追加アイディア\情報\pii-output\clean-dataset\Keep\2026-03-20T17_09_59.775+09_00.json,2026-03-20T17_09_59.775+09_00.json,.json,82216,2026-07-10T01:05:33.208430
Keep,D:\Programs\追加アイディア\情報\pii-output\clean-dataset\Keep\2026-03-20T17_10_01.993+09_00.html,2026-03-20T17_10_01.993+09_00.html,.html,18484,2026-07-10T01:05:33.255767
Keep,D:\Programs\追加アイディア\情報\pii-output\clean-dataset\Keep\2026-03-20T17_10_01.993+09_00.json,2026-03-20T17_10_01.993+09_00.json,.json,85440,2026-07-10T01:05:33.303000
Keep,D:\Programs\追加アイディア\情報\pii-output\clean-dataset\Keep\2026-03-20T17_11_39.933+09_00.html,2026-03-20T17_11_39.933+09_00.html,.html,17811,2026-07-10T01:05:33.352727
Keep,D:\Programs\追加アイディア\情報\pii-output\clean-dataset\Keep\2026-03-20T17_11_39.933+09_00.json,2026-03-20T17_11_39.933+09_00.json,.json,81220,2026-07-10T01:05:33.413481
Keep,D:\Programs\追加アイディア\情報\pii-output\clean-dataset\Keep\2026-03-20T17_11_42.775+09_00.html,2026-03-20T17_11_42.775+09_00.html,.html,17425,2026-07-10T01:05:33.458459
Keep,D:\Programs\追加アイディア\情報\pii-output\clean-dataset\Keep\2026-03-20T17_11_42.775+09_00.json,2026-03-20T17_11_42.775+09_00.json,.json,77148,2026-07-10T01:05:33.508723
Keep,D:\Programs\追加アイディア\情報\pii-output\clean-dataset\Keep\2026-03-20T17_12_37.084+09_00.html,2026-03-20T17_12_37.084+09_00.html,.html,16992,2026-07-10T01:05:33.552893
Keep,D:\Programs\追加アイディア\情報\pii-output\clean-dataset\Keep\2026-03-20T17_12_37.084+09_00.json,2026-03-20T17_12_37.084+09_00.json,.json,66580,2026-07-10T01:05:33.587963
Keep,D:\Programs\追加アイディア\情報\pii-output\clean-dataset\Keep\2026-03-20T17_13_20.814+09_00.html,2026-03-20T17_13_20.814+09_00.html,.html,17292,2026-07-10T01:05:33.635036
Keep,D:\Programs\追加アイディア\情報\pii-output\clean-dataset\Keep\2026-03-20T17_13_20.814+09_00.json,2026-03-20T17_13_20.814+09_00.json,.json,64269,2026-07-10T01:05:33.682915
Keep,D:\Programs\追加アイディア\情報\pii-output\clean-dataset\Keep\2026-03-20T17_13_32.971+09_00.html,2026-03-20T17_13_32.971+09_00.html,.html,17640,2026-07-10T01:05:33.714757
Keep,D:\Programs\追加アイディア\情報\pii-output\clean-dataset\Keep\2026-03-20T17_13_32.971+09_00.json,2026-03-20T17_13_32.971+09_00.json,.json,75510,2026-07-10T01:05:33.777883
Keep,D:\Programs\追加アイディア\情報\pii-output\clean-dataset\Keep\2026-03-20T17_14_19.827+09_00.html,2026-03-20T17_14_19.827+09_00.html,.html,17136,2026-07-10T01:05:33.809711
Keep,D:\Programs\追加アイディア\情報\pii-output\clean-dataset\Keep\2026-03-20T17_14_19.827+09_00.json,2026-03-20T17_14_19.827+09_00.json,.json,63164,2026-07-10T01:05:33.857185
Keep,D:\Programs\追加アイディア\情報\pii-output\clean-dataset\Keep\2026-03-20T17_22_47.152+09_00.html,2026-03-20T17_22_47.152+09_00.html,.html,18724,2026-07-10T01:05:33.903762
Keep,D:\Programs\追加アイディア\情報\pii-output\clean-dataset\Keep\2026-03-20T17_22_47.152+09_00.json,2026-03-20T17_22_47.152+09_00.json,.json,81753,2026-07-10T01:05:33.954129
Keep,D:\Programs\追加アイディア\情報\pii-output\clean-dataset\Keep\2026-03-20T17_22_50.271+09_00.html,2026-03-20T17_22_50.271+09_00.html,.html,18920,2026-07-10T01:05:33.998377
Keep,D:\Programs\追加アイディア\情報\pii-output\clean-dataset\Keep\2026-03-20T17_22_50.271+09_00.json,2026-03-20T17_22_50.271+09_00.json,.json,94497,2026-07-10T01:05:34.061671
Keep,D:\Programs\追加アイディア\情報\pii-output\clean-dataset\Keep\2026-03-20T17_26_09.553+09_00.html,2026-03-20T17_26_09.553+09_00.html,.html,18042,2026-07-10T01:05:34.109092
Keep,D:\Programs\追加アイディア\情報\pii-output\clean-dataset\Keep\2026-03-20T17_26_09.553+09_00.json,2026-03-20T17_26_09.553+09_00.json,.json,72272,2026-07-10T01:05:34.156320
Keep,D:\Programs\追加アイディア\情報\pii-output\clean-dataset\Keep\2026-03-20T17_26_38.235+09_00.html,2026-03-20T17_26_38.235+09_00.html,.html,17320,2026-07-10T01:05:34.203542
Keep,D:\Programs\追加アイディア\情報\pii-output\clean-dataset\Keep\2026-03-20T17_26_38.235+09_00.json,2026-03-20T17_26_38.235+09_00.json,.json,64539,2026-07-10T01:05:34.250803
Keep,D:\Programs\追加アイディア\情報\pii-output\clean-dataset\Keep\2026-03-20T17_26_41.342+09_00.html,2026-03-20T17_26_41.342+09_00.html,.html,17196,2026-07-10T01:05:34.282405
Keep,D:\Programs\追加アイディア\情報\pii-output\clean-dataset\Keep\2026-03-20T17_26_41.342+09_00.json,2026-03-20T17_26_41.342+09_00.json,.json,69346,2026-07-10T01:05:34.329728
Keep,D:\Programs\追加アイディア\情報\pii-output\clean-dataset\Keep\2026-03-20T17_27_25.415+09_00.html,2026-03-20T17_27_25.415+09_00.html,.html,16532,2026-07-10T01:05:34.376791
Keep,D:\Programs\追加アイディア\情報\pii-output\clean-dataset\Keep\2026-03-20T17_27_25.415+09_00.json,2026-03-20T17_27_25.415+09_00.json,.json,51381,2026-07-10T01:05:34.408247
Keep,D:\Programs\追加アイディア\情報\pii-output\clean-dataset\Keep\2026-03-20T17_27_25.596+09_00.html,2026-03-20T17_27_25.596+09_00.html,.html,17987,2026-07-10T01:05:34.455512
Keep,D:\Programs\追加アイディア\情報\pii-output\clean-dataset\Keep\2026-03-20T17_27_25.596+09_00.json,2026-03-20T17_27_25.596+09_00.json,.json,71283,2026-07-10T01:05:34.502964
Keep,D:\Programs\追加アイディア\情報\pii-output\clean-dataset\Keep\2026-03-20T17_28_12.721+09_00.html,2026-03-20T17_28_12.721+09_00.html,.html,17460,2026-07-10T01:05:34.554872
Keep,D:\Programs\追加アイディア\情報\pii-output\clean-dataset\Keep\2026-03-20T17_28_12.721+09_00.json,2026-03-20T17_28_12.721+09_00.json,.json,73902,2026-07-10T01:05:34.597860
Keep,D:\Programs\追加アイディア\情報\pii-output\clean-dataset\Keep\2026-03-20T17_28_15.192+09_00.html,2026-03-20T17_28_15.192+09_00.html,.html,17549,2026-07-10T01:05:34.645099
Keep,D:\Programs\追加アイディア\情報\pii-output\clean-dataset\Keep\2026-03-20T17_28_15.192+09_00.json,2026-03-20T17_28_15.192+09_00.json,.json,74015,2026-07-10T01:05:34.692349
Keep,D:\Programs\追加アイディア\情報\pii-output\clean-dataset\Keep\2026-03-20T17_28_41.145+09_00.html,2026-03-20T17_28_41.145+09_00.html,.html,17221,2026-07-10T01:05:34.725861
Keep,D:\Programs\追加アイディア\情報\pii-output\clean-dataset\Keep\2026-03-20T17_28_41.145+09_00.json,2026-03-20T17_28_41.145+09_00.json,.json,64600,2026-07-10T01:05:34.771283
Keep,D:\Programs\追加アイディア\情報\pii-output\clean-dataset\Keep\2026-03-20T17_29_12.083+09_00.html,2026-03-20T17_29_12.083+09_00.html,.html,21536,2026-07-10T01:05:34.818457
Keep,D:\Programs\追加アイディア\情報\pii-output\clean-dataset\Keep\2026-03-20T17_29_12.083+09_00.json,2026-03-20T17_29_12.083+09_00.json,.json,125764,2026-07-10T01:05:34.913043
Keep,D:\Programs\追加アイディア\情報\pii-output\clean-dataset\Keep\2026-03-20T17_30_17.840+09_00.html,2026-03-20T17_30_17.840+09_00.html,.html,20294,2026-07-10T01:05:34.956049
Keep,D:\Programs\追加アイディア\情報\pii-output\clean-dataset\Keep\2026-03-20T17_30_17.840+09_00.json,2026-03-20T17_30_17.840+09_00.json,.json,123234,2026-07-10T01:05:35.039200
Keep,D:\Programs\追加アイディア\情報\pii-output\clean-dataset\Keep\2026-03-20T17_30_19.899+09_00.html,2026-03-20T17_30_19.899+09_00.html,.html,18863,2026-07-10T01:05:35.086442
Keep,D:\Programs\追加アイディア\情報\pii-output\clean-dataset\Keep\2026-03-20T17_30_19.899+09_00.json,2026-03-20T17_30_19.899+09_00.json,.json,82191,2026-07-10T01:05:35.135196
Keep,D:\Programs\追加アイディア\情報\pii-output\clean-dataset\Keep\2026-03-20T17_31_14.920+09_00.html,2026-03-20T17_31_14.920+09_00.html,.html,18239,2026-07-10T01:05:35.181455
Keep,D:\Programs\追加アイディア\情報\pii-output\clean-dataset\Keep\2026-03-20T17_31_14.920+09_00.json,2026-03-20T17_31_14.920+09_00.json,.json,73301,2026-07-10T01:05:35.229952
Keep,D:\Programs\追加アイディア\情報\pii-output\clean-dataset\Keep\2026-03-20T17_31_41.133+09_00.html,2026-03-20T17_31_41.133+09_00.html,.html,18331,2026-07-10T01:05:35.275877
Keep,D:\Programs\追加アイディア\情報\pii-output\clean-dataset\Keep\2026-03-20T17_31_41.133+09_00.json,2026-03-20T17_31_41.133+09_00.json,.json,89615,2026-07-10T01:05:35.339007
Keep,D:\Programs\追加アイディア\情報\pii-output\clean-dataset\Keep\2026-03-20T17_32_09.926+09_00.html,2026-03-20T17_32_09.926+09_00.html,.html,17320,2026-07-10T01:05:35.386649
Keep,D:\Programs\追加アイディア\情報\pii-output\clean-dataset\Keep\2026-03-20T17_32_09.926+09_00.json,2026-03-20T17_32_09.926+09_00.json,.json,65666,2026-07-10T01:05:35.418179
Keep,D:\Programs\追加アイディア\情報\pii-output\clean-dataset\Keep\2026-03-20T17_32_36.329+09_00.html,2026-03-20T17_32_36.329+09_00.html,.html,17985,2026-07-10T01:05:35.465496
Keep,D:\Programs\追加アイディア\情報\pii-output\clean-dataset\Keep\2026-03-20T17_32_36.329+09_00.json,2026-03-20T17_32_36.329+09_00.json,.json,78870,2026-07-10T01:05:35.528579
Keep,D:\Programs\追加アイディア\情報\pii-output\clean-dataset\Keep\2026-03-20T17_32_37.953+09_00.html,2026-03-20T17_32_37.953+09_00.html,.html,17368,2026-07-10T01:05:35.559991
Keep,D:\Programs\追加アイディア\情報\pii-output\clean-dataset\Keep\2026-03-20T17_32_37.953+09_00.json,2026-03-20T17_32_37.953+09_00.json,.json,75328,2026-07-10T01:05:35.623131
Keep,D:\Programs\追加アイディア\情報\pii-output\clean-dataset\Keep\2026-03-20T17_33_11.496+09_00.html,2026-03-20T17_33_11.496+09_00.html,.html,17423,2026-07-10T01:05:35.654756
Keep,D:\Programs\追加アイディア\情報\pii-output\clean-dataset\Keep\2026-03-20T17_33_11.496+09_00.json,2026-03-20T17_33_11.496+09_00.json,.json,86351,2026-07-10T01:05:35.719902
Keep,D:\Programs\追加アイディア\情報\pii-output\clean-dataset\Keep\2026-03-20T17_34_07.240+09_00.html,2026-03-20T17_34_07.240+09_00.html,.html,17984,2026-07-10T01:05:35.765860
Keep,D:\Programs\追加アイディア\情報\pii-output\clean-dataset\Keep\2026-03-20T17_34_07.240+09_00.json,2026-03-20T17_34_07.240+09_00.json,.json,79973,2026-07-10T01:05:35.813104
Keep,D:\Programs\追加アイディア\情報\pii-output\clean-dataset\Keep\2026-03-20T17_34_09.227+09_00.html,2026-03-20T17_34_09.227+09_00.html,.html,19298,2026-07-10T01:05:35.860279
Keep,D:\Programs\追加アイディア\情報\pii-output\clean-dataset\Keep\2026-03-20T17_34_09.227+09_00.json,2026-03-20T17_34_09.227+09_00.json,.json,101532,2026-07-10T01:05:35.925543
Keep,D:\Programs\追加アイディア\情報\pii-output\clean-dataset\Keep\2026-03-20T17_35_21.808+09_00.html,2026-03-20T17_35_21.808+09_00.html,.html,16670,2026-07-10T01:05:35.971340
Keep,D:\Programs\追加アイディア\情報\pii-output\clean-dataset\Keep\2026-03-20T17_35_21.808+09_00.json,2026-03-20T17_35_21.808+09_00.json,.json,58516,2026-07-10T01:05:36.018893
Keep,D:\Programs\追加アイディア\情報\pii-output\clean-dataset\Keep\2026-03-20T17_35_51.654+09_00.html,2026-03-20T17_35_51.654+09_00.html,.html,19656,2026-07-10T01:05:36.066390
Keep,D:\Programs\追加アイディア\情報\pii-output\clean-dataset\Keep\2026-03-20T17_35_51.654+09_00.json,2026-03-20T17_35_51.654+09_00.json,.json,98755,2026-07-10T01:05:36.129608
Keep,D:\Programs\追加アイディア\情報\pii-output\clean-dataset\Keep\2026-03-20T18_15_42.844+09_00.html,2026-03-20T18_15_42.844+09_00.html,.html,21286,2026-07-10T01:05:36.177036
Keep,D:\Programs\追加アイディア\情報\pii-output\clean-dataset\Keep\2026-03-20T18_15_42.844+09_00.json,2026-03-20T18_15_42.844+09_00.json,.json,130380,2026-07-10T01:05:36.257729
Keep,D:\Programs\追加アイディア\情報\pii-output\clean-dataset\Keep\2026-03-20T18_15_42.846+09_00.html,2026-03-20T18_15_42.846+09_00.html,.html,21810,2026-07-10T01:05:36.318482
Keep,D:\Programs\追加アイディア\情報\pii-output\clean-dataset\Keep\2026-03-20T18_15_42.846+09_00.json,2026-03-20T18_15_42.846+09_00.json,.json,119291,2026-07-10T01:05:36.399830
Keep,D:\Programs\追加アイディア\情報\pii-output\clean-dataset\Keep\2026-03-20T18_15_42.937+09_00.html,2026-03-20T18_15_42.937+09_00.html,.html,13610,2026-07-10T01:05:36.428042
Keep,D:\Programs\追加アイディア\情報\pii-output\clean-dataset\Keep\2026-03-20T18_15_42.937+09_00.json,2026-03-20T18_15_42.937+09_00.json,.json,23179,2026-07-10T01:05:36.443805
Keep,D:\Programs\追加アイディア\情報\pii-output\clean-dataset\Keep\2026-03-20T19_52_34.798+09_00.html,2026-03-20T19_52_34.798+09_00.html,.html,16624,2026-07-10T01:05:36.491411
Keep,D:\Programs\追加アイディア\情報\pii-output\clean-dataset\Keep\2026-03-20T19_52_34.798+09_00.json,2026-03-20T19_52_34.798+09_00.json,.json,57170,2026-07-10T01:05:36.538689
Keep,D:\Programs\追加アイディア\情報\pii-output\clean-dataset\Keep\2026-03-20T19_52_34.813+09_00.html,2026-03-20T19_52_34.813+09_00.html,.html,17278,2026-07-10T01:05:36.570409
Keep,D:\Programs\追加アイディア\情報\pii-output\clean-dataset\Keep\2026-03-20T19_52_34.813+09_00.json,2026-03-20T19_52_34.813+09_00.json,.json,66180,2026-07-10T01:05:36.617949
Keep,D:\Programs\追加アイディア\情報\pii-output\clean-dataset\Keep\2026-03-20T22_12_49.140+09_00.html,2026-03-20T22_12_49.140+09_00.html,.html,19192,2026-07-10T01:05:36.665504
Keep,D:\Programs\追加アイディア\情報\pii-output\clean-dataset\Keep\2026-03-20T22_12_49.140+09_00.json,2026-03-20T22_12_49.140+09_00.json,.json,82813,2026-07-10T01:05:36.729022
Keep,D:\Programs\追加アイディア\情報\pii-output\clean-dataset\Keep\2026-03-20T22_13_26.278+09_00.html,2026-03-20T22_13_26.278+09_00.html,.html,19402,2026-07-10T01:05:36.759850
Keep,D:\Programs\追加アイディア\情報\pii-output\clean-dataset\Keep\2026-03-20T22_13_26.278+09_00.json,2026-03-20T22_13_26.278+09_00.json,.json,89511,2026-07-10T01:05:36.825361
Keep,D:\Programs\追加アイディア\情報\pii-output\clean-dataset\Keep\2026-03-20T22_14_22.547+09_00.html,2026-03-20T22_14_22.547+09_00.html,.html,23492,2026-07-10T01:05:36.871248
Keep,D:\Programs\追加アイディア\情報\pii-output\clean-dataset\Keep\2026-03-20T22_14_22.547+09_00.json,2026-03-20T22_14_22.547+09_00.json,.json,145513,2026-07-10T01:05:36.981699
Keep,D:\Programs\追加アイディア\情報\pii-output\clean-dataset\Keep\2026-03-20T22_15_04.177+09_00.html,2026-03-20T22_15_04.177+09_00.html,.html,15573,2026-07-10T01:05:37.013248
Keep,D:\Programs\追加アイディア\情報\pii-output\clean-dataset\Keep\2026-03-20T22_15_04.177+09_00.json,2026-03-20T22_15_04.177+09_00.json,.json,44976,2026-07-10T01:05:37.045087
Keep,D:\Programs\追加アイディア\情報\pii-output\clean-dataset\Keep\2026-03-20T22_30_26.627+09_00.html,2026-03-20T22_30_26.627+09_00.html,.html,17853,2026-07-10T01:05:37.092771
Keep,D:\Programs\追加アイディア\情報\pii-output\clean-dataset\Keep\2026-03-20T22_30_26.627+09_00.json,2026-03-20T22_30_26.627+09_00.json,.json,74137,2026-07-10T01:05:37.140407
Keep,D:\Programs\追加アイディア\情報\pii-output\clean-dataset\Keep\2026-03-20T22_30_26.642+09_00.html,2026-03-20T22_30_26.642+09_00.html,.html,18038,2026-07-10T01:05:37.188038
Keep,D:\Programs\追加アイディア\情報\pii-output\clean-dataset\Keep\2026-03-20T22_30_26.642+09_00.json,2026-03-20T22_30_26.642+09_00.json,.json,75434,2026-07-10T01:05:37.235396
Keep,D:\Programs\追加アイディア\情報\pii-output\clean-dataset\Keep\2026-03-20T22_30_26.666+09_00.html,2026-03-20T22_30_26.666+09_00.html,.html,35337,2026-07-10T01:05:37.297830
Keep,D:\Programs\追加アイディア\情報\pii-output\clean-dataset\Keep\2026-03-20T22_30_26.666+09_00.json,2026-03-20T22_30_26.666+09_00.json,.json,228442,2026-07-10T01:05:37.440081
Keep,D:\Programs\追加アイディア\情報\pii-output\clean-dataset\Keep\2026-03-20T22_30_26.684+09_00.html,2026-03-20T22_30_26.684+09_00.html,.html,19604,2026-07-10T01:05:37.487589
Keep,D:\Programs\追加アイディア\情報\pii-output\clean-dataset\Keep\2026-03-20T22_30_26.684+09_00.json,2026-03-20T22_30_26.684+09_00.json,.json,72704,2026-07-10T01:05:37.534792
Keep,D:\Programs\追加アイディア\情報\pii-output\clean-dataset\Keep\2026-03-20T22_47_39.286+09_00.html,2026-03-20T22_47_39.286+09_00.html,.html,19162,2026-07-10T01:05:37.582399
Keep,D:\Programs\追加アイディア\情報\pii-output\clean-dataset\Keep\2026-03-20T22_47_39.286+09_00.json,2026-03-20T22_47_39.286+09_00.json,.json,97802,2026-07-10T01:05:37.645354
Keep,D:\Programs\追加アイディア\情報\pii-output\clean-dataset\Keep\2026-03-21T06_57_19.899+09_00.html,2026-03-21T06_57_19.899+09_00.html,.html,17068,2026-07-10T01:05:37.694505
Keep,D:\Programs\追加アイディア\情報\pii-output\clean-dataset\Keep\2026-03-21T06_57_19.899+09_00.json,2026-03-21T06_57_19.899+09_00.json,.json,58864,2026-07-10T01:05:37.739944
Keep,D:\Programs\追加アイディア\情報\pii-output\clean-dataset\Keep\2026-03-21T06_59_38.295+09_00.html,2026-03-21T06_59_38.295+09_00.html,.html,26188,2026-07-10T01:05:37.787429
Keep,D:\Programs\追加アイディア\情報\pii-output\clean-dataset\Keep\2026-03-21T06_59_38.295+09_00.json,2026-03-21T06_59_38.295+09_00.json,.json,146406,2026-07-10T01:05:37.883065
Keep,D:\Programs\追加アイディア\情報\pii-output\clean-dataset\Keep\2026-03-21T06_59_38.297+09_00.html,2026-03-21T06_59_38.297+09_00.html,.html,51746,2026-07-10T01:05:37.944786
Keep,D:\Programs\追加アイディア\情報\pii-output\clean-dataset\Keep\2026-03-21T06_59_38.297+09_00.json,2026-03-21T06_59_38.297+09_00.json,.json,422324,2026-07-10T01:05:38.228999
Keep,D:\Programs\追加アイディア\情報\pii-output\clean-dataset\Keep\2026-03-21T06_59_38.362+09_00.html,2026-03-21T06_59_38.362+09_00.html,.html,18197,2026-07-10T01:05:38.260613
Keep,D:\Programs\追加アイディア\情報\pii-output\clean-dataset\Keep\2026-03-21T06_59_38.362+09_00.json,2026-03-21T06_59_38.362+09_00.json,.json,75300,2026-07-10T01:05:38.307813
Keep,D:\Programs\追加アイディア\情報\pii-output\clean-dataset\Keep\2026-03-21T07_04_01.688+09_00.html,2026-03-21T07_04_01.688+09_00.html,.html,11672,2026-07-10T01:05:38.363424
Keep,D:\Programs\追加アイディア\情報\pii-output\clean-dataset\Keep\2026-03-21T07_04_01.688+09_00.json,2026-03-21T07_04_01.688+09_00.json,.json,4648,2026-07-10T01:05:38.363424
Keep,D:\Programs\追加アイディア\情報\pii-output\clean-dataset\Keep\2026-03-21T15_23_11.321+09_00.html,2026-03-21T15_23_11.321+09_00.html,.html,15604,2026-07-10T01:05:38.402426
Keep,D:\Programs\追加アイディア\情報\pii-output\clean-dataset\Keep\2026-03-21T15_23_11.321+09_00.json,2026-03-21T15_23_11.321+09_00.json,.json,38582,2026-07-10T01:05:38.434107
Keep,D:\Programs\追加アイディア\情報\pii-output\clean-dataset\Keep\2026-03-21T15_23_11.338+09_00.html,2026-03-21T15_23_11.338+09_00.html,.html,35672,2026-07-10T01:05:38.481392
Keep,D:\Programs\追加アイディア\情報\pii-output\clean-dataset\Keep\2026-03-21T15_23_11.338+09_00.json,2026-03-21T15_23_11.338+09_00.json,.json,268683,2026-07-10T01:05:38.671729
Keep,D:\Programs\追加アイディア\情報\pii-output\clean-dataset\Keep\2026-03-22T12_05_26.195+09_00.html,2026-03-22T12_05_26.195+09_00.html,.html,11712,2026-07-10T01:05:38.719292
Keep,D:\Programs\追加アイディア\情報\pii-output\clean-dataset\Keep\2026-03-22T12_05_26.195+09_00.json,2026-03-22T12_05_26.195+09_00.json,.json,3125,2026-07-10T01:05:38.719292
Keep,D:\Programs\追加アイディア\情報\pii-output\clean-dataset\Keep\2026-03-22T12_05_27.584+09_00.html,2026-03-22T12_05_27.584+09_00.html,.html,19228,2026-07-10T01:05:38.767058
Keep,D:\Programs\追加アイディア\情報\pii-output\clean-dataset\Keep\2026-03-22T12_05_27.584+09_00.json,2026-03-22T12_05_27.584+09_00.json,.json,69619,2026-07-10T01:05:38.814858
Keep,D:\Programs\追加アイディア\情報\pii-output\clean-dataset\Keep\2026-03-22T16_37_36.534+09_00.html,2026-03-22T16_37_36.534+09_00.html,.html,13990,2026-07-10T01:05:38.846620
Keep,D:\Programs\追加アイディア\情報\pii-output\clean-dataset\Keep\2026-03-22T16_37_36.534+09_00.json,2026-03-22T16_37_36.534+09_00.json,.json,25435,2026-07-10T01:05:38.862666
Keep,D:\Programs\追加アイディア\情報\pii-output\clean-dataset\Keep\2026-03-22T16_37_36.553+09_00.html,2026-03-22T16_37_36.553+09_00.html,.html,13931,2026-07-10T01:05:38.910366
Keep,D:\Programs\追加アイディア\情報\pii-output\clean-dataset\Keep\2026-03-22T16_37_36.553+09_00.json,2026-03-22T16_37_36.553+09_00.json,.json,22637,2026-07-10T01:05:38.926281
Keep,D:\Programs\追加アイディア\情報\pii-output\clean-dataset\Keep\2026-03-22T16_37_36.557+09_00.html,2026-03-22T16_37_36.557+09_00.html,.html,32188,2026-07-10T01:05:38.973889
Keep,D:\Programs\追加アイディア\情報\pii-output\clean-dataset\Keep\2026-03-22T16_37_36.557+09_00.json,2026-03-22T16_37_36.557+09_00.json,.json,212603,2026-07-10T01:05:39.117932
Keep,D:\Programs\追加アイディア\情報\pii-output\clean-dataset\Keep\2026-03-22T17_02_22.680+09_00.html,2026-03-22T17_02_22.680+09_00.html,.html,16745,2026-07-10T01:05:39.164631
Keep,D:\Programs\追加アイディア\情報\pii-output\clean-dataset\Keep\2026-03-22T17_02_22.680+09_00.json,2026-03-22T17_02_22.680+09_00.json,.json,54648,2026-07-10T01:05:39.195990
Keep,D:\Programs\追加アイディア\情報\pii-output\clean-dataset\Keep\2026-03-22T17_37_48.217+09_00.html,2026-03-22T17_37_48.217+09_00.html,.html,17693,2026-07-10T01:05:39.243081
Keep,D:\Programs\追加アイディア\情報\pii-output\clean-dataset\Keep\2026-03-22T17_37_48.217+09_00.json,2026-03-22T17_37_48.217+09_00.json,.json,83123,2026-07-10T01:05:39.306610
Keep,D:\Programs\追加アイディア\情報\pii-output\clean-dataset\Keep\2026-03-22T19_08_16.151+09_00.html,2026-03-22T19_08_16.151+09_00.html,.html,21787,2026-07-10T01:05:39.354001
Keep,D:\Programs\追加アイディア\情報\pii-output\clean-dataset\Keep\2026-03-22T19_08_16.151+09_00.json,2026-03-22T19_08_16.151+09_00.json,.json,114177,2026-07-10T01:05:39.433481
Keep,D:\Programs\追加アイディア\情報\pii-output\clean-dataset\Keep\2026-03-22T20_42_27.262+09_00.html,2026-03-22T20_42_27.262+09_00.html,.html,17434,2026-07-10T01:05:39.480906
Keep,D:\Programs\追加アイディア\情報\pii-output\clean-dataset\Keep\2026-03-22T20_42_27.262+09_00.json,2026-03-22T20_42_27.262+09_00.json,.json,75673,2026-07-10T01:05:39.531198
Keep,D:\Programs\追加アイディア\情報\pii-output\clean-dataset\Keep\2026-03-22T22_22_39.632+09_00.html,2026-03-22T22_22_39.632+09_00.html,.html,16810,2026-07-10T01:05:39.576012
Keep,D:\Programs\追加アイディア\情報\pii-output\clean-dataset\Keep\2026-03-22T22_22_39.632+09_00.json,2026-03-22T22_22_39.632+09_00.json,.json,60669,2026-07-10T01:05:39.607601
Keep,D:\Programs\追加アイディア\情報\pii-output\clean-dataset\Keep\2026-03-22T23_49_15.539+09_00.html,2026-03-22T23_49_15.539+09_00.html,.html,14468,2026-07-10T01:05:39.655312
Keep,D:\Programs\追加アイディア\情報\pii-output\clean-dataset\Keep\2026-03-22T23_49_15.539+09_00.json,2026-03-22T23_49_15.539+09_00.json,.json,49137,2026-07-10T01:05:39.687162
Keep,D:\Programs\追加アイディア\情報\pii-output\clean-dataset\Keep\2026-03-23T00_19_37.409+09_00.html,2026-03-23T00_19_37.409+09_00.html,.html,13576,2026-07-10T01:05:39.741712
Keep,D:\Programs\追加アイディア\情報\pii-output\clean-dataset\Keep\2026-03-23T00_19_37.409+09_00.json,2026-03-23T00_19_37.409+09_00.json,.json,24914,2026-07-10T01:05:39.750679
Keep,D:\Programs\追加アイディア\情報\pii-output\clean-dataset\Keep\2026-03-23T00_31_28.035+09_00.html,2026-03-23T00_31_28.035+09_00.html,.html,13843,2026-07-10T01:05:39.797598
Keep,D:\Programs\追加アイディア\情報\pii-output\clean-dataset\Keep\2026-03-23T00_31_28.035+09_00.json,2026-03-23T00_31_28.035+09_00.json,.json,26133,2026-07-10T01:05:39.813472
Keep,D:\Programs\追加アイディア\情報\pii-output\clean-dataset\Keep\2026-03-23T00_59_01.004+09_00.html,2026-03-23T00_59_01.004+09_00.html,.html,17684,2026-07-10T01:05:39.861005
Keep,D:\Programs\追加アイディア\情報\pii-output\clean-dataset\Keep\2026-03-23T00_59_01.004+09_00.json,2026-03-23T00_59_01.004+09_00.json,.json,64447,2026-07-10T01:05:39.910184
Keep,D:\Programs\追加アイディア\情報\pii-output\clean-dataset\Keep\2026-03-23T01_32_13.502+09_00.html,2026-03-23T01_32_13.502+09_00.html,.html,16209,2026-07-10T01:05:39.954825
Keep,D:\Programs\追加アイディア\情報\pii-output\clean-dataset\Keep\2026-03-23T01_32_13.502+09_00.json,2026-03-23T01_32_13.502+09_00.json,.json,55809,2026-07-10T01:05:39.986584
Keep,D:\Programs\追加アイディア\情報\pii-output\clean-dataset\Keep\2026-03-23T01_37_53.872+09_00.html,2026-03-23T01_37_53.872+09_00.html,.html,12506,2026-07-10T01:05:40.034013
Keep,D:\Programs\追加アイディア\情報\pii-output\clean-dataset\Keep\2026-03-23T01_37_53.872+09_00.json,2026-03-23T01_37_53.872+09_00.json,.json,11921,2026-07-10T01:05:40.038591
Keep,D:\Programs\追加アイディア\情報\pii-output\clean-dataset\Keep\2026-03-23T09_02_21.084+09_00.html,2026-03-23T09_02_21.084+09_00.html,.html,17151,2026-07-10T01:05:40.081519
Keep,D:\Programs\追加アイディア\情報\pii-output\clean-dataset\Keep\2026-03-23T09_02_21.084+09_00.json,2026-03-23T09_02_21.084+09_00.json,.json,84020,2026-07-10T01:05:40.145030
Keep,D:\Programs\追加アイディア\情報\pii-output\clean-dataset\Keep\2026-03-23T09_10_26.999+09_00.html,2026-03-23T09_10_26.999+09_00.html,.html,23108,2026-07-10T01:05:40.192652
Keep,D:\Programs\追加アイディア\情報\pii-output\clean-dataset\Keep\2026-03-23T09_10_26.999+09_00.json,2026-03-23T09_10_26.999+09_00.json,.json,119793,2026-07-10T01:05:40.256709
Keep,D:\Programs\追加アイディア\情報\pii-output\clean-dataset\Keep\2026-03-23T09_21_53.844+09_00.html,2026-03-23T09_21_53.844+09_00.html,.html,35585,2026-07-10T01:05:40.319814
Keep,D:\Programs\追加アイディア\情報\pii-output\clean-dataset\Keep\2026-03-23T09_21_53.844+09_00.json,2026-03-23T09_21_53.844+09_00.json,.json,276755,2026-07-10T01:05:40.504746
Keep,D:\Programs\追加アイディア\情報\pii-output\clean-dataset\Keep\2026-03-23T09_25_53.883+09_00.html,2026-03-23T09_25_53.883+09_00.html,.html,12974,2026-07-10T01:05:40.550984
Keep,D:\Programs\追加アイディア\情報\pii-output\clean-dataset\Keep\2026-03-23T09_25_53.883+09_00.json,2026-03-23T09_25_53.883+09_00.json,.json,15898,2026-07-10T01:05:40.555730
Keep,D:\Programs\追加アイディア\情報\pii-output\clean-dataset\Keep\2026-03-23T09_38_32.639+09_00.html,2026-03-23T09_38_32.639+09_00.html,.html,14063,2026-07-10T01:05:40.604459
Keep,D:\Programs\追加アイディア\情報\pii-output\clean-dataset\Keep\2026-03-23T09_38_32.639+09_00.json,2026-03-23T09_38_32.639+09_00.json,.json,26406,2026-07-10T01:05:40.618869
Keep,D:\Programs\追加アイディア\情報\pii-output\clean-dataset\Keep\2026-03-23T09_43_47.658+09_00.html,2026-03-23T09_43_47.658+09_00.html,.html,18097,2026-07-10T01:05:40.666299
Keep,D:\Programs\追加アイディア\情報\pii-output\clean-dataset\Keep\2026-03-23T09_43_47.658+09_00.json,2026-03-23T09_43_47.658+09_00.json,.json,74608,2026-07-10T01:05:40.714221
Keep,D:\Programs\追加アイディア\情報\pii-output\clean-dataset\Keep\2026-03-23T09_58_58.584+09_00.html,2026-03-23T09_58_58.584+09_00.html,.html,20740,2026-07-10T01:05:40.773570
Keep,D:\Programs\追加アイディア\情報\pii-output\clean-dataset\Keep\2026-03-23T09_58_58.584+09_00.json,2026-03-23T09_58_58.584+09_00.json,.json,95644,2026-07-10T01:05:40.824636
Keep,D:\Programs\追加アイディア\情報\pii-output\clean-dataset\Keep\2026-03-23T10_17_27.136+09_00.html,2026-03-23T10_17_27.136+09_00.html,.html,37883,2026-07-10T01:05:40.887305
Keep,D:\Programs\追加アイディア\情報\pii-output\clean-dataset\Keep\2026-03-23T10_17_27.136+09_00.json,2026-03-23T10_17_27.136+09_00.json,.json,154305,2026-07-10T01:05:40.982760
Keep,D:\Programs\追加アイディア\情報\pii-output\clean-dataset\Keep\2026-03-23T10_28_34.362+09_00.html,2026-03-23T10_28_34.362+09_00.html,.html,16408,2026-07-10T01:05:41.030673
Keep,D:\Programs\追加アイディア\情報\pii-output\clean-dataset\Keep\2026-03-23T10_28_34.362+09_00.json,2026-03-23T10_28_34.362+09_00.json,.json,50009,2026-07-10T01:05:41.062546
Keep,D:\Programs\追加アイディア\情報\pii-output\clean-dataset\Keep\2026-03-23T10_32_31.939+09_00.html,2026-03-23T10_32_31.939+09_00.html,.html,15879,2026-07-10T01:05:41.110384
Keep,D:\Programs\追加アイディア\情報\pii-output\clean-dataset\Keep\2026-03-23T10_32_31.939+09_00.json,2026-03-23T10_32_31.939+09_00.json,.json,45218,2026-07-10T01:05:41.141340
Keep,D:\Programs\追加アイディア\情報\pii-output\clean-dataset\Keep\2026-03-23T11_02_29.432+09_00.html,2026-03-23T11_02_29.432+09_00.html,.html,14709,2026-07-10T01:05:41.188754
Keep,D:\Programs\追加アイディア\情報\pii-output\clean-dataset\Keep\2026-03-23T11_02_29.432+09_00.json,2026-03-23T11_02_29.432+09_00.json,.json,27092,2026-07-10T01:05:41.204598
Keep,D:\Programs\追加アイディア\情報\pii-output\clean-dataset\Keep\2026-03-23T11_06_17.628+09_00.html,2026-03-23T11_06_17.628+09_00.html,.html,50265,2026-07-10T01:05:41.254117
Keep,D:\Programs\追加アイディア\情報\pii-output\clean-dataset\Keep\2026-03-23T11_06_17.628+09_00.json,2026-03-23T11_06_17.628+09_00.json,.json,320627,2026-07-10T01:05:41.459165
Keep,D:\Programs\追加アイディア\情報\pii-output\clean-dataset\Keep\2026-03-23T11_09_11.577+09_00.html,2026-03-23T11_09_11.577+09_00.html,.html,17705,2026-07-10T01:05:41.510471
Keep,D:\Programs\追加アイディア\情報\pii-output\clean-dataset\Keep\2026-03-23T11_09_11.577+09_00.json,2026-03-23T11_09_11.577+09_00.json,.json,50758,2026-07-10T01:05:41.538114
Keep,D:\Programs\追加アイディア\情報\pii-output\clean-dataset\Keep\2026-03-23T11_35_12.516+09_00.html,2026-03-23T11_35_12.516+09_00.html,.html,17238,2026-07-10T01:05:41.585282
Keep,D:\Programs\追加アイディア\情報\pii-output\clean-dataset\Keep\2026-03-23T11_35_12.516+09_00.json,2026-03-23T11_35_12.516+09_00.json,.json,58787,2026-07-10T01:05:41.617376
Keep,D:\Programs\追加アイディア\情報\pii-output\clean-dataset\Keep\2026-03-23T11_35_12.990+09_00.html,2026-03-23T11_35_12.990+09_00.html,.html,22710,2026-07-10T01:05:41.665283
Keep,D:\Programs\追加アイディア\情報\pii-output\clean-dataset\Keep\2026-03-23T11_35_12.990+09_00.json,2026-03-23T11_35_12.990+09_00.json,.json,102926,2026-07-10T01:05:41.729496
Keep,D:\Programs\追加アイディア\情報\pii-output\clean-dataset\Keep\2026-03-23T11_37_53.058+09_00.html,2026-03-23T11_37_53.058+09_00.html,.html,17992,2026-07-10T01:05:41.777492
Keep,D:\Programs\追加アイディア\情報\pii-output\clean-dataset\Keep\2026-03-23T11_37_53.058+09_00.json,2026-03-23T11_37_53.058+09_00.json,.json,60556,2026-07-10T01:05:41.825376
Keep,D:\Programs\追加アイディア\情報\pii-output\clean-dataset\Keep\2026-03-23T11_42_23.372+09_00.html,2026-03-23T11_42_23.372+09_00.html,.html,16696,2026-07-10T01:05:41.872896
Keep,D:\Programs\追加アイディア\情報\pii-output\clean-dataset\Keep\2026-03-23T11_42_23.372+09_00.json,2026-03-23T11_42_23.372+09_00.json,.json,55384,2026-07-10T01:05:41.903915
Keep,D:\Programs\追加アイディア\情報\pii-output\clean-dataset\Keep\2026-03-23T11_42_25.557+09_00.html,2026-03-23T11_42_25.557+09_00.html,.html,16925,2026-07-10T01:05:41.950472
Keep,D:\Programs\追加アイディア\情報\pii-output\clean-dataset\Keep\2026-03-23T11_42_25.557+09_00.json,2026-03-23T11_42_25.557+09_00.json,.json,60338,2026-07-10T01:05:41.992095
Keep,D:\Programs\追加アイディア\情報\pii-output\clean-dataset\Keep\2026-03-23T11_43_43.332+09_00.html,2026-03-23T11_43_43.332+09_00.html,.html,19010,2026-07-10T01:05:42.029814
Keep,D:\Programs\追加アイディア\情報\pii-output\clean-dataset\Keep\2026-03-23T11_43_43.332+09_00.json,2026-03-23T11_43_43.332+09_00.json,.json,84533,2026-07-10T01:05:42.092638
Keep,D:\Programs\追加アイディア\情報\pii-output\clean-dataset\Keep\2026-03-23T11_43_50.732+09_00.html,2026-03-23T11_43_50.732+09_00.html,.html,21701,2026-07-10T01:05:42.140119
Keep,D:\Programs\追加アイディア\情報\pii-output\clean-dataset\Keep\2026-03-23T11_43_50.732+09_00.json,2026-03-23T11_43_50.732+09_00.json,.json,104105,2026-07-10T01:05:42.203889
Keep,D:\Programs\追加アイディア\情報\pii-output\clean-dataset\Keep\2026-03-23T11_44_32.990+09_00.html,2026-03-23T11_44_32.990+09_00.html,.html,20522,2026-07-10T01:05:42.251399
Keep,D:\Programs\追加アイディア\情報\pii-output\clean-dataset\Keep\2026-03-23T11_44_32.990+09_00.json,2026-03-23T11_44_32.990+09_00.json,.json,94631,2026-07-10T01:05:42.325501
Keep,D:\Programs\追加アイディア\情報\pii-output\clean-dataset\Keep\2026-03-23T11_46_43.998+09_00.html,2026-03-23T11_46_43.998+09_00.html,.html,20699,2026-07-10T01:05:42.371491
Keep,D:\Programs\追加アイディア\情報\pii-output\clean-dataset\Keep\2026-03-23T11_46_43.998+09_00.json,2026-03-23T11_46_43.998+09_00.json,.json,96866,2026-07-10T01:05:42.426235
Keep,D:\Programs\追加アイディア\情報\pii-output\clean-dataset\Keep\2026-03-23T11_49_03.162+09_00.html,2026-03-23T11_49_03.162+09_00.html,.html,17845,2026-07-10T01:05:42.474433
Keep,D:\Programs\追加アイディア\情報\pii-output\clean-dataset\Keep\2026-03-23T11_49_03.162+09_00.json,2026-03-23T11_49_03.162+09_00.json,.json,70054,2026-07-10T01:05:42.522318
Keep,D:\Programs\追加アイディア\情報\pii-output\clean-dataset\Keep\2026-03-23T12_08_18.335+09_00.html,2026-03-23T12_08_18.335+09_00.html,.html,17119,2026-07-10T01:05:42.571950
Keep,D:\Programs\追加アイディア\情報\pii-output\clean-dataset\Keep\2026-03-23T12_08_18.335+09_00.json,2026-03-23T12_08_18.335+09_00.json,.json,62706,2026-07-10T01:05:42.601814
Keep,D:\Programs\追加アイディア\情報\pii-output\clean-dataset\Keep\2026-03-23T14_04_17.698+09_00.html,2026-03-23T14_04_17.698+09_00.html,.html,18814,2026-07-10T01:05:42.649305
Keep,D:\Programs\追加アイディア\情報\pii-output\clean-dataset\Keep\2026-03-23T14_04_17.698+09_00.json,2026-03-23T14_04_17.698+09_00.json,.json,83397,2026-07-10T01:05:42.712826
Keep,D:\Programs\追加アイディア\情報\pii-output\clean-dataset\Keep\2026-03-23T14_05_32.408+09_00.html,2026-03-23T14_05_32.408+09_00.html,.html,18001,2026-07-10T01:05:42.760140
Keep,D:\Programs\追加アイディア\情報\pii-output\clean-dataset\Keep\2026-03-23T14_05_32.408+09_00.json,2026-03-23T14_05_32.408+09_00.json,.json,72878,2026-07-10T01:05:42.807672
Keep,D:\Programs\追加アイディア\情報\pii-output\clean-dataset\Keep\2026-03-23T14_06_41.824+09_00.html,2026-03-23T14_06_41.824+09_00.html,.html,18215,2026-07-10T01:05:42.839392
Keep,D:\Programs\追加アイディア\情報\pii-output\clean-dataset\Keep\2026-03-23T14_06_41.824+09_00.json,2026-03-23T14_06_41.824+09_00.json,.json,77624,2026-07-10T01:05:42.902775
Keep,D:\Programs\追加アイディア\情報\pii-output\clean-dataset\Keep\2026-03-23T14_12_37.842+09_00.html,2026-03-23T14_12_37.842+09_00.html,.html,14493,2026-07-10T01:05:42.934872
Keep,D:\Programs\追加アイディア\情報\pii-output\clean-dataset\Keep\2026-03-23T14_12_37.842+09_00.json,2026-03-23T14_12_37.842+09_00.json,.json,33980,2026-07-10T01:05:42.971319
Keep,D:\Programs\追加アイディア\情報\pii-output\clean-dataset\Keep\2026-03-23T14_50_57.537+09_00.html,2026-03-23T14_50_57.537+09_00.html,.html,16730,2026-07-10T01:05:43.015093
Keep,D:\Programs\追加アイディア\情報\pii-output\clean-dataset\Keep\2026-03-23T14_50_57.537+09_00.json,2026-03-23T14_50_57.537+09_00.json,.json,53779,2026-07-10T01:05:43.045229
Keep,D:\Programs\追加アイディア\情報\pii-output\clean-dataset\Keep\2026-03-23T14_51_20.960+09_00.html,2026-03-23T14_51_20.960+09_00.html,.html,18967,2026-07-10T01:05:43.093167
Keep,D:\Programs\追加アイディア\情報\pii-output\clean-dataset\Keep\2026-03-23T14_51_20.960+09_00.json,2026-03-23T14_51_20.960+09_00.json,.json,80003,2026-07-10T01:05:43.140107
Keep,D:\Programs\追加アイディア\情報\pii-output\clean-dataset\Keep\2026-03-23T16_48_17.515+09_00.html,2026-03-23T16_48_17.515+09_00.html,.html,17800,2026-07-10T01:05:43.197365
Keep,D:\Programs\追加アイディア\情報\pii-output\clean-dataset\Keep\2026-03-23T16_48_17.515+09_00.json,2026-03-23T16_48_17.515+09_00.json,.json,60290,2026-07-10T01:05:43.235314
Keep,D:\Programs\追加アイディア\情報\pii-output\clean-dataset\Keep\2026-03-23T17_22_53.231+09_00.html,2026-03-23T17_22_53.231+09_00.html,.html,11785,2026-07-10T01:05:43.282686
Keep,D:\Programs\追加アイディア\情報\pii-output\clean-dataset\Keep\2026-03-23T17_22_53.231+09_00.json,2026-03-23T17_22_53.231+09_00.json,.json,4210,2026-07-10T01:05:43.289734
Keep,D:\Programs\追加アイディア\情報\pii-output\clean-dataset\Keep\2026-03-23T17_36_38.711+09_00.html,2026-03-23T17_36_38.711+09_00.html,.html,22761,2026-07-10T01:05:43.330547
Keep,D:\Programs\追加アイディア\情報\pii-output\clean-dataset\Keep\2026-03-23T17_36_38.711+09_00.json,2026-03-23T17_36_38.711+09_00.json,.json,94151,2026-07-10T01:05:43.394361
Keep,D:\Programs\追加アイディア\情報\pii-output\clean-dataset\Keep\2026-03-23T17_58_41.211+09_00.html,2026-03-23T17_58_41.211+09_00.html,.html,12156,2026-07-10T01:05:43.425949
Keep,D:\Programs\追加アイディア\情報\pii-output\clean-dataset\Keep\2026-03-23T17_58_41.211+09_00.json,2026-03-23T17_58_41.211+09_00.json,.json,6583,2026-07-10T01:05:43.443675
Keep,D:\Programs\追加アイディア\情報\pii-output\clean-dataset\Keep\2026-03-23T19_07_51.951+09_00.html,2026-03-23T19_07_51.951+09_00.html,.html,21724,2026-07-10T01:05:43.495221
Keep,D:\Programs\追加アイディア\情報\pii-output\clean-dataset\Keep\2026-03-23T19_07_51.951+09_00.json,2026-03-23T19_07_51.951+09_00.json,.json,99446,2026-07-10T01:05:43.554940
Keep,D:\Programs\追加アイディア\情報\pii-output\clean-dataset\Keep\2026-03-23T23_06_59.370+09_00.html,2026-03-23T23_06_59.370+09_00.html,.html,13045,2026-07-10T01:05:43.605867
Keep,D:\Programs\追加アイディア\情報\pii-output\clean-dataset\Keep\2026-03-23T23_06_59.370+09_00.json,2026-03-23T23_06_59.370+09_00.json,.json,15293,2026-07-10T01:05:43.615918
Keep,D:\Programs\追加アイディア\情報\pii-output\clean-dataset\Keep\2026-03-24T06_51_11.557+09_00.html,2026-03-24T06_51_11.557+09_00.html,.html,13934,2026-07-10T01:05:43.663548
Keep,D:\Programs\追加アイディア\情報\pii-output\clean-dataset\Keep\2026-03-24T06_51_11.557+09_00.json,2026-03-24T06_51_11.557+09_00.json,.json,25435,2026-07-10T01:05:43.679430
Keep,D:\Programs\追加アイディア\情報\pii-output\clean-dataset\Keep\2026-03-24T06_51_11.667+09_00.html,2026-03-24T06_51_11.667+09_00.html,.html,17017,2026-07-10T01:05:43.727403
Keep,D:\Programs\追加アイディア\情報\pii-output\clean-dataset\Keep\2026-03-24T06_51_11.667+09_00.json,2026-03-24T06_51_11.667+09_00.json,.json,43351,2026-07-10T01:05:43.743225
Keep,D:\Programs\追加アイディア\情報\pii-output\clean-dataset\Keep\2026-03-24T06_51_19.475+09_00.html,2026-03-24T06_51_19.475+09_00.html,.html,16144,2026-07-10T01:05:43.790946
Keep,D:\Programs\追加アイディア\情報\pii-output\clean-dataset\Keep\2026-03-24T06_51_19.475+09_00.json,2026-03-24T06_51_19.475+09_00.json,.json,41933,2026-07-10T01:05:43.822788
Keep,D:\Programs\追加アイディア\情報\pii-output\clean-dataset\Keep\2026-03-24T07_15_52.990+09_00.html,2026-03-24T07_15_52.990+09_00.html,.html,11264,2026-07-10T01:05:43.860123
Keep,D:\Programs\追加アイディア\情報\pii-output\clean-dataset\Keep\2026-03-24T07_15_52.990+09_00.json,2026-03-24T07_15_52.990+09_00.json,.json,631,2026-07-10T01:05:43.860123
Keep,D:\Programs\追加アイディア\情報\pii-output\clean-dataset\Keep\2026-03-24T08_21_21.155+09_00.html,2026-03-24T08_21_21.155+09_00.html,.html,15937,2026-07-10T01:05:43.902559
Keep,D:\Programs\追加アイディア\情報\pii-output\clean-dataset\Keep\2026-03-24T08_21_21.155+09_00.json,2026-03-24T08_21_21.155+09_00.json,.json,44141,2026-07-10T01:05:43.934575
Keep,D:\Programs\追加アイディア\情報\pii-output\clean-dataset\Keep\2026-03-24T08_35_05.889+09_00.html,2026-03-24T08_35_05.889+09_00.html,.html,11697,2026-07-10T01:05:43.982494
Keep,D:\Programs\追加アイディア\情報\pii-output\clean-dataset\Keep\2026-03-24T08_35_05.889+09_00.json,2026-03-24T08_35_05.889+09_00.json,.json,3435,2026-07-10T01:05:43.985137
Keep,D:\Programs\追加アイディア\情報\pii-output\clean-dataset\Keep\2026-03-24T17_50_56.114+09_00.html,2026-03-24T17_50_56.114+09_00.html,.html,16200,2026-07-10T01:05:44.030267
Keep,D:\Programs\追加アイディア\情報\pii-output\clean-dataset\Keep\2026-03-24T17_50_56.114+09_00.json,2026-03-24T17_50_56.114+09_00.json,.json,41163,2026-07-10T01:05:44.046378
Keep,D:\Programs\追加アイディア\情報\pii-output\clean-dataset\Keep\2026-03-24T17_58_15.560+09_00.html,2026-03-24T17_58_15.560+09_00.html,.html,17932,2026-07-10T01:05:44.093757
Keep,D:\Programs\追加アイディア\情報\pii-output\clean-dataset\Keep\2026-03-24T17_58_15.560+09_00.json,2026-03-24T17_58_15.560+09_00.json,.json,65551,2026-07-10T01:05:44.141362
Keep,D:\Programs\追加アイディア\情報\pii-output\clean-dataset\Keep\2026-03-24T18_00_42.466+09_00.html,2026-03-24T18_00_42.466+09_00.html,.html,17519,2026-07-10T01:05:44.183321
Keep,D:\Programs\追加アイディア\情報\pii-output\clean-dataset\Keep\2026-03-24T18_00_42.466+09_00.json,2026-03-24T18_00_42.466+09_00.json,.json,60784,2026-07-10T01:05:44.220814
Keep,D:\Programs\追加アイディア\情報\pii-output\clean-dataset\Keep\2026-03-24T18_00_43.916+09_00.html,2026-03-24T18_00_43.916+09_00.html,.html,17662,2026-07-10T01:05:44.269248
Keep,D:\Programs\追加アイディア\情報\pii-output\clean-dataset\Keep\2026-03-24T18_00_43.916+09_00.json,2026-03-24T18_00_43.916+09_00.json,.json,62708,2026-07-10T01:05:44.311227
Keep,D:\Programs\追加アイディア\情報\pii-output\clean-dataset\Keep\2026-03-24T18_03_01.927+09_00.html,2026-03-24T18_03_01.927+09_00.html,.html,11494,2026-07-10T01:05:44.355251
Keep,D:\Programs\追加アイディア\情報\pii-output\clean-dataset\Keep\2026-03-24T18_03_01.927+09_00.json,2026-03-24T18_03_01.927+09_00.json,.json,1626,2026-07-10T01:05:44.357253
Keep,D:\Programs\追加アイディア\情報\pii-output\clean-dataset\Keep\2026-03-24T18_08_14.441+09_00.html,2026-03-24T18_08_14.441+09_00.html,.html,17542,2026-07-10T01:05:44.400545
Keep,D:\Programs\追加アイディア\情報\pii-output\clean-dataset\Keep\2026-03-24T18_08_14.441+09_00.json,2026-03-24T18_08_14.441+09_00.json,.json,73674,2026-07-10T01:05:44.450535
Keep,D:\Programs\追加アイディア\情報\pii-output\clean-dataset\Keep\2026-03-24T18_32_01.245+09_00.html,2026-03-24T18_32_01.245+09_00.html,.html,16440,2026-07-10T01:05:44.492510
Keep,D:\Programs\追加アイディア\情報\pii-output\clean-dataset\Keep\2026-03-24T18_32_01.245+09_00.json,2026-03-24T18_32_01.245+09_00.json,.json,54900,2026-07-10T01:05:44.529481
Keep,D:\Programs\追加アイディア\情報\pii-output\clean-dataset\Keep\2026-03-24T18_32_01.852+09_00.html,2026-03-24T18_32_01.852+09_00.html,.html,16651,2026-07-10T01:05:44.571863
Keep,D:\Programs\追加アイディア\情報\pii-output\clean-dataset\Keep\2026-03-24T18_32_01.852+09_00.json,2026-03-24T18_32_01.852+09_00.json,.json,59086,2026-07-10T01:05:44.611147
Keep,D:\Programs\追加アイディア\情報\pii-output\clean-dataset\Keep\2026-03-24T18_37_55.707+09_00.html,2026-03-24T18_37_55.707+09_00.html,.html,20545,2026-07-10T01:05:44.659137
Keep,D:\Programs\追加アイディア\情報\pii-output\clean-dataset\Keep\2026-03-24T18_37_55.707+09_00.json,2026-03-24T18_37_55.707+09_00.json,.json,100583,2026-07-10T01:05:44.724841
Keep,D:\Programs\追加アイディア\情報\pii-output\clean-dataset\Keep\2026-03-24T19_52_21.811+09_00.html,2026-03-24T19_52_21.811+09_00.html,.html,19156,2026-07-10T01:05:44.766955
Keep,D:\Programs\追加アイディア\情報\pii-output\clean-dataset\Keep\2026-03-24T19_52_21.811+09_00.json,2026-03-24T19_52_21.811+09_00.json,.json,93527,2026-07-10T01:05:44.830162
Keep,D:\Programs\追加アイディア\情報\pii-output\clean-dataset\Keep\2026-03-24T21_12_59.116+09_00.html,2026-03-24T21_12_59.116+09_00.html,.html,18878,2026-07-10T01:05:44.877212
Keep,D:\Programs\追加アイディア\情報\pii-output\clean-dataset\Keep\2026-03-24T21_12_59.116+09_00.json,2026-03-24T21_12_59.116+09_00.json,.json,83123,2026-07-10T01:05:44.925049
Keep,D:\Programs\追加アイディア\情報\pii-output\clean-dataset\Keep\2026-03-24T21_21_45.942+09_00.html,2026-03-24T21_21_45.942+09_00.html,.html,28396,2026-07-10T01:05:44.976757
Keep,D:\Programs\追加アイディア\情報\pii-output\clean-dataset\Keep\2026-03-24T21_21_45.942+09_00.json,2026-03-24T21_21_45.942+09_00.json,.json,108627,2026-07-10T01:05:45.035938
Keep,D:\Programs\追加アイディア\情報\pii-output\clean-dataset\Keep\2026-03-24T22_06_12.667+09_00.html,2026-03-24T22_06_12.667+09_00.html,.html,17967,2026-07-10T01:05:45.083608
Keep,D:\Programs\追加アイディア\情報\pii-output\clean-dataset\Keep\2026-03-24T22_06_12.667+09_00.json,2026-03-24T22_06_12.667+09_00.json,.json,55609,2026-07-10T01:05:45.115477
Keep,D:\Programs\追加アイディア\情報\pii-output\clean-dataset\Keep\2026-03-24T22_12_23.552+09_00.html,2026-03-24T22_12_23.552+09_00.html,.html,16190,2026-07-10T01:05:45.163260
Keep,D:\Programs\追加アイディア\情報\pii-output\clean-dataset\Keep\2026-03-24T22_12_23.552+09_00.json,2026-03-24T22_12_23.552+09_00.json,.json,35898,2026-07-10T01:05:45.179129
Keep,D:\Programs\追加アイディア\情報\pii-output\clean-dataset\Keep\2026-03-24T22_20_27.585+09_00.html,2026-03-24T22_20_27.585+09_00.html,.html,12658,2026-07-10T01:05:45.226529
Keep,D:\Programs\追加アイディア\情報\pii-output\clean-dataset\Keep\2026-03-24T22_20_27.585+09_00.json,2026-03-24T22_20_27.585+09_00.json,.json,13938,2026-07-10T01:05:45.242332
Keep,D:\Programs\追加アイディア\情報\pii-output\clean-dataset\Keep\2026-03-24T22_41_15.148+09_00.html,2026-03-24T22_41_15.148+09_00.html,.html,18050,2026-07-10T01:05:45.292034
Keep,D:\Programs\追加アイディア\情報\pii-output\clean-dataset\Keep\2026-03-24T22_41_15.148+09_00.json,2026-03-24T22_41_15.148+09_00.json,.json,52576,2026-07-10T01:05:45.321524
Keep,D:\Programs\追加アイディア\情報\pii-output\clean-dataset\Keep\2026-03-24T22_50_55.064+09_00.html,2026-03-24T22_50_55.064+09_00.html,.html,20882,2026-07-10T01:05:45.377965
Keep,D:\Programs\追加アイディア\情報\pii-output\clean-dataset\Keep\2026-03-24T22_50_55.064+09_00.json,2026-03-24T22_50_55.064+09_00.json,.json,79568,2026-07-10T01:05:45.415958
Keep,D:\Programs\追加アイディア\情報\pii-output\clean-dataset\Keep\2026-03-24T23_14_38.063+09_00.html,2026-03-24T23_14_38.063+09_00.html,.html,12856,2026-07-10T01:05:45.463537
Keep,D:\Programs\追加アイディア\情報\pii-output\clean-dataset\Keep\2026-03-24T23_14_38.063+09_00.json,2026-03-24T23_14_38.063+09_00.json,.json,36256,2026-07-10T01:05:45.495505
Keep,D:\Programs\追加アイディア\情報\pii-output\clean-dataset\Keep\2026-03-24T23_15_31.134+09_00.html,2026-03-24T23_15_31.134+09_00.html,.html,14828,2026-07-10T01:05:45.542727
Keep,D:\Programs\追加アイディア\情報\pii-output\clean-dataset\Keep\2026-03-24T23_15_31.134+09_00.json,2026-03-24T23_15_31.134+09_00.json,.json,26865,2026-07-10T01:05:45.558446
Keep,D:\Programs\追加アイディア\情報\pii-output\clean-dataset\Keep\2026-03-24T23_32_04.309+09_00.html,2026-03-24T23_32_04.309+09_00.html,.html,13130,2026-07-10T01:05:45.605960
Keep,D:\Programs\追加アイディア\情報\pii-output\clean-dataset\Keep\2026-03-24T23_32_04.309+09_00.json,2026-03-24T23_32_04.309+09_00.json,.json,18556,2026-07-10T01:05:45.621670
Keep,D:\Programs\追加アイディア\情報\pii-output\clean-dataset\Keep\2026-03-24T23_35_22.506+09_00.html,2026-03-24T23_35_22.506+09_00.html,.html,11291,2026-07-10T01:05:45.653242
Keep,D:\Programs\追加アイディア\情報\pii-output\clean-dataset\Keep\2026-03-24T23_35_22.506+09_00.json,2026-03-24T23_35_22.506+09_00.json,.json,592,2026-07-10T01:05:45.653242
Keep,D:\Programs\追加アイディア\情報\pii-output\clean-dataset\Keep\2026-03-25T00_27_26.854+09_00.html,2026-03-25T00_27_26.854+09_00.html,.html,16665,2026-07-10T01:05:45.700483
Keep,D:\Programs\追加アイディア\情報\pii-output\clean-dataset\Keep\2026-03-25T00_27_26.854+09_00.json,2026-03-25T00_27_26.854+09_00.json,.json,46566,2026-07-10T01:05:45.731936
Keep,D:\Programs\追加アイディア\情報\pii-output\clean-dataset\Keep\2026-03-25T00_33_38.892+09_00.html,2026-03-25T00_33_38.892+09_00.html,.html,15681,2026-07-10T01:05:45.763593
Keep,D:\Programs\追加アイディア\情報\pii-output\clean-dataset\Keep\2026-03-25T00_33_38.892+09_00.json,2026-03-25T00_33_38.892+09_00.json,.json,43923,2026-07-10T01:05:45.794443
Keep,D:\Programs\追加アイディア\情報\pii-output\clean-dataset\Keep\2026-03-25T10_16_33.690+09_00.html,2026-03-25T10_16_33.690+09_00.html,.html,20185,2026-07-10T01:05:45.842251
Keep,D:\Programs\追加アイディア\情報\pii-output\clean-dataset\Keep\2026-03-25T10_16_33.690+09_00.json,2026-03-25T10_16_33.690+09_00.json,.json,95898,2026-07-10T01:05:45.906029
Keep,D:\Programs\追加アイディア\情報\pii-output\clean-dataset\Keep\2026-03-25T11_33_29.821+09_00.html,2026-03-25T11_33_29.821+09_00.html,.html,12615,2026-07-10T01:05:45.953307
Keep,D:\Programs\追加アイディア\情報\pii-output\clean-dataset\Keep\2026-03-25T11_33_29.821+09_00.json,2026-03-25T11_33_29.821+09_00.json,.json,15510,2026-07-10T01:05:45.953307
Keep,D:\Programs\追加アイディア\情報\pii-output\clean-dataset\Keep\2026-03-25T11_33_54.342+09_00.html,2026-03-25T11_33_54.342+09_00.html,.html,18769,2026-07-10T01:05:46.000755
Keep,D:\Programs\追加アイディア\情報\pii-output\clean-dataset\Keep\2026-03-25T11_33_54.342+09_00.json,2026-03-25T11_33_54.342+09_00.json,.json,70721,2026-07-10T01:05:46.047968
Keep,D:\Programs\追加アイディア\情報\pii-output\clean-dataset\Keep\2026-03-25T11_34_04.580+09_00.html,2026-03-25T11_34_04.580+09_00.html,.html,15174,2026-07-10T01:05:46.095682
Keep,D:\Programs\追加アイディア\情報\pii-output\clean-dataset\Keep\2026-03-25T11_34_04.580+09_00.json,2026-03-25T11_34_04.580+09_00.json,.json,47777,2026-07-10T01:05:46.127259
Keep,D:\Programs\追加アイディア\情報\pii-output\clean-dataset\Keep\2026-03-25T12_15_33.952+09_00.html,2026-03-25T12_15_33.952+09_00.html,.html,16715,2026-07-10T01:05:46.158586
Keep,D:\Programs\追加アイディア\情報\pii-output\clean-dataset\Keep\2026-03-25T12_15_33.952+09_00.json,2026-03-25T12_15_33.952+09_00.json,.json,49028,2026-07-10T01:05:46.206407
Keep,D:\Programs\追加アイディア\情報\pii-output\clean-dataset\Keep\2026-03-25T17_56_25.148+09_00.html,2026-03-25T17_56_25.148+09_00.html,.html,11475,2026-07-10T01:05:46.238045
Keep,D:\Programs\追加アイディア\情報\pii-output\clean-dataset\Keep\2026-03-25T17_56_25.148+09_00.json,2026-03-25T17_56_25.148+09_00.json,.json,2238,2026-07-10T01:05:46.238045
Keep,D:\Programs\追加アイディア\情報\pii-output\clean-dataset\Keep\2026-03-25T22_10_12.272+09_00.html,2026-03-25T22_10_12.272+09_00.html,.html,24041,2026-07-10T01:05:46.301282
Keep,D:\Programs\追加アイディア\情報\pii-output\clean-dataset\Keep\2026-03-25T22_10_12.272+09_00.json,2026-03-25T22_10_12.272+09_00.json,.json,106125,2026-07-10T01:05:46.364662
Keep,D:\Programs\追加アイディア\情報\pii-output\clean-dataset\Keep\2026-03-25T22_38_46.357+09_00.html,2026-03-25T22_38_46.357+09_00.html,.html,24500,2026-07-10T01:05:46.411870
Keep,D:\Programs\追加アイディア\情報\pii-output\clean-dataset\Keep\2026-03-25T22_38_46.357+09_00.json,2026-03-25T22_38_46.357+09_00.json,.json,130623,2026-07-10T01:05:46.506268
Keep,D:\Programs\追加アイディア\情報\pii-output\clean-dataset\Keep\2026-03-25T22_44_04.436+09_00.html,2026-03-25T22_44_04.436+09_00.html,.html,15813,2026-07-10T01:05:46.553641
Keep,D:\Programs\追加アイディア\情報\pii-output\clean-dataset\Keep\2026-03-25T22_44_04.436+09_00.json,2026-03-25T22_44_04.436+09_00.json,.json,40342,2026-07-10T01:05:46.585173
Keep,D:\Programs\追加アイディア\情報\pii-output\clean-dataset\Keep\2026-03-25T22_57_20.038+09_00.html,2026-03-25T22_57_20.038+09_00.html,.html,18648,2026-07-10T01:05:46.632698
Keep,D:\Programs\追加アイディア\情報\pii-output\clean-dataset\Keep\2026-03-25T22_57_20.038+09_00.json,2026-03-25T22_57_20.038+09_00.json,.json,83870,2026-07-10T01:05:46.680278
Keep,D:\Programs\追加アイディア\情報\pii-output\clean-dataset\Keep\2026-03-25T23_10_46.930+09_00.html,2026-03-25T23_10_46.930+09_00.html,.html,14771,2026-07-10T01:05:46.727457
Keep,D:\Programs\追加アイディア\情報\pii-output\clean-dataset\Keep\2026-03-25T23_10_46.930+09_00.json,2026-03-25T23_10_46.930+09_00.json,.json,36188,2026-07-10T01:05:46.758990
Keep,D:\Programs\追加アイディア\情報\pii-output\clean-dataset\Keep\2026-03-25T23_29_12.117+09_00.html,2026-03-25T23_29_12.117+09_00.html,.html,17945,2026-07-10T01:05:46.806179
Keep,D:\Programs\追加アイディア\情報\pii-output\clean-dataset\Keep\2026-03-25T23_29_12.117+09_00.json,2026-03-25T23_29_12.117+09_00.json,.json,79685,2026-07-10T01:05:46.853692
Keep,D:\Programs\追加アイディア\情報\pii-output\clean-dataset\Keep\2026-03-25T23_29_12.170+09_00.html,2026-03-25T23_29_12.170+09_00.html,.html,15154,2026-07-10T01:05:46.900968
Keep,D:\Programs\追加アイディア\情報\pii-output\clean-dataset\Keep\2026-03-25T23_29_12.170+09_00.json,2026-03-25T23_29_12.170+09_00.json,.json,36846,2026-07-10T01:05:46.916919
Keep,D:\Programs\追加アイディア\情報\pii-output\clean-dataset\Keep\2026-03-25T23_31_28.360+09_00.html,2026-03-25T23_31_28.360+09_00.html,.html,15700,2026-07-10T01:05:46.963992
Keep,D:\Programs\追加アイディア\情報\pii-output\clean-dataset\Keep\2026-03-25T23_31_28.360+09_00.json,2026-03-25T23_31_28.360+09_00.json,.json,47836,2026-07-10T01:05:46.995599
Keep,D:\Programs\追加アイディア\情報\pii-output\clean-dataset\Keep\2026-03-25T23_47_23.988+09_00.html,2026-03-25T23_47_23.988+09_00.html,.html,26221,2026-07-10T01:05:47.058818
Keep,D:\Programs\追加アイディア\情報\pii-output\clean-dataset\Keep\2026-03-25T23_47_23.988+09_00.json,2026-03-25T23_47_23.988+09_00.json,.json,145593,2026-07-10T01:05:47.153756
Keep,D:\Programs\追加アイディア\情報\pii-output\clean-dataset\Keep\2026-03-25T23_48_43.453+09_00.html,2026-03-25T23_48_43.453+09_00.html,.html,14639,2026-07-10T01:05:47.201262
Keep,D:\Programs\追加アイディア\情報\pii-output\clean-dataset\Keep\2026-03-25T23_48_43.453+09_00.json,2026-03-25T23_48_43.453+09_00.json,.json,37011,2026-07-10T01:05:47.234813
Keep,D:\Programs\追加アイディア\情報\pii-output\clean-dataset\Keep\2026-03-25T23_53_29.130+09_00.html,2026-03-25T23_53_29.130+09_00.html,.html,16967,2026-07-10T01:05:47.279898
Keep,D:\Programs\追加アイディア\情報\pii-output\clean-dataset\Keep\2026-03-25T23_53_29.130+09_00.json,2026-03-25T23_53_29.130+09_00.json,.json,58596,2026-07-10T01:05:47.311888
Keep,D:\Programs\追加アイディア\情報\pii-output\clean-dataset\Keep\2026-03-26T00_10_23.194+09_00.html,2026-03-26T00_10_23.194+09_00.html,.html,13060,2026-07-10T01:05:47.359723
Keep,D:\Programs\追加アイディア\情報\pii-output\clean-dataset\Keep\2026-03-26T00_10_23.194+09_00.json,2026-03-26T00_10_23.194+09_00.json,.json,17800,2026-07-10T01:05:47.375445
Keep,D:\Programs\追加アイディア\情報\pii-output\clean-dataset\Keep\2026-03-26T00_42_17.361+09_00.html,2026-03-26T00_42_17.361+09_00.html,.html,11334,2026-07-10T01:05:47.407549
Keep,D:\Programs\追加アイディア\情報\pii-output\clean-dataset\Keep\2026-03-26T00_42_17.361+09_00.json,2026-03-26T00_42_17.361+09_00.json,.json,676,2026-07-10T01:05:47.423259
Keep,D:\Programs\追加アイディア\情報\pii-output\clean-dataset\Keep\2026-03-26T06_26_06.942+09_00.html,2026-03-26T06_26_06.942+09_00.html,.html,13058,2026-07-10T01:05:47.454849
Keep,D:\Programs\追加アイディア\情報\pii-output\clean-dataset\Keep\2026-03-26T06_26_06.942+09_00.json,2026-03-26T06_26_06.942+09_00.json,.json,15438,2026-07-10T01:05:47.470691
Keep,D:\Programs\追加アイディア\情報\pii-output\clean-dataset\Keep\2026-03-26T06_36_45.445+09_00.html,2026-03-26T06_36_45.445+09_00.html,.html,13097,2026-07-10T01:05:47.517820
Keep,D:\Programs\追加アイディア\情報\pii-output\clean-dataset\Keep\2026-03-26T06_36_45.445+09_00.json,2026-03-26T06_36_45.445+09_00.json,.json,12076,2026-07-10T01:05:47.517820
Keep,D:\Programs\追加アイディア\情報\pii-output\clean-dataset\Keep\2026-03-26T09_25_43.181+09_00.html,2026-03-26T09_25_43.181+09_00.html,.html,13020,2026-07-10T01:05:47.565232
Keep,D:\Programs\追加アイディア\情報\pii-output\clean-dataset\Keep\2026-03-26T09_25_43.181+09_00.json,2026-03-26T09_25_43.181+09_00.json,.json,9932,2026-07-10T01:05:47.581990
Keep,D:\Programs\追加アイディア\情報\pii-output\clean-dataset\Keep\2026-03-26T09_49_43.922+09_00.html,2026-03-26T09_49_43.922+09_00.html,.html,19228,2026-07-10T01:05:47.612673
Keep,D:\Programs\追加アイディア\情報\pii-output\clean-dataset\Keep\2026-03-26T09_49_43.922+09_00.json,2026-03-26T09_49_43.922+09_00.json,.json,84807,2026-07-10T01:05:47.675643
Keep,D:\Programs\追加アイディア\情報\pii-output\clean-dataset\Keep\2026-03-26T12_50_11.610+09_00.html,2026-03-26T12_50_11.610+09_00.html,.html,14443,2026-07-10T01:05:47.723096
Keep,D:\Programs\追加アイディア\情報\pii-output\clean-dataset\Keep\2026-03-26T12_50_11.610+09_00.json,2026-03-26T12_50_11.610+09_00.json,.json,31417,2026-07-10T01:05:47.739101
Keep,D:\Programs\追加アイディア\情報\pii-output\clean-dataset\Keep\2026-03-26T12_53_13.861+09_00.html,2026-03-26T12_53_13.861+09_00.html,.html,16888,2026-07-10T01:05:47.786293
Keep,D:\Programs\追加アイディア\情報\pii-output\clean-dataset\Keep\2026-03-26T12_53_13.861+09_00.json,2026-03-26T12_53_13.861+09_00.json,.json,64994,2026-07-10T01:05:47.833851
Keep,D:\Programs\追加アイディア\情報\pii-output\clean-dataset\Keep\2026-03-26T12_56_05.472+09_00.html,2026-03-26T12_56_05.472+09_00.html,.html,19025,2026-07-10T01:05:47.881144
Keep,D:\Programs\追加アイディア\情報\pii-output\clean-dataset\Keep\2026-03-26T12_56_05.472+09_00.json,2026-03-26T12_56_05.472+09_00.json,.json,77249,2026-07-10T01:05:47.928547
Keep,D:\Programs\追加アイディア\情報\pii-output\clean-dataset\Keep\2026-03-26T13_22_15.553+09_00.html,2026-03-26T13_22_15.553+09_00.html,.html,18257,2026-07-10T01:05:47.960307
Keep,D:\Programs\追加アイディア\情報\pii-output\clean-dataset\Keep\2026-03-26T13_22_15.553+09_00.json,2026-03-26T13_22_15.553+09_00.json,.json,63711,2026-07-10T01:05:48.007838
Keep,D:\Programs\追加アイディア\情報\pii-output\clean-dataset\Keep\2026-03-27T08_28_33.015+09_00.html,2026-03-27T08_28_33.015+09_00.html,.html,11837,2026-07-10T01:05:48.055469
Keep,D:\Programs\追加アイディア\情報\pii-output\clean-dataset\Keep\2026-03-27T08_28_33.015+09_00.json,2026-03-27T08_28_33.015+09_00.json,.json,4641,2026-07-10T01:05:48.055469
Keep,D:\Programs\追加アイディア\情報\pii-output\clean-dataset\Keep\2026-03-27T10_06_33.958+09_00.html,2026-03-27T10_06_33.958+09_00.html,.html,11337,2026-07-10T01:05:48.103097
Keep,D:\Programs\追加アイディア\情報\pii-output\clean-dataset\Keep\2026-03-27T10_06_33.958+09_00.json,2026-03-27T10_06_33.958+09_00.json,.json,1788,2026-07-10T01:05:48.103097
Keep,D:\Programs\追加アイディア\情報\pii-output\clean-dataset\Keep\2026-03-27T12_53_13.094+09_00.html,2026-03-27T12_53_13.094+09_00.html,.html,16832,2026-07-10T01:05:48.150720
Keep,D:\Programs\追加アイディア\情報\pii-output\clean-dataset\Keep\2026-03-27T12_53_13.094+09_00.json,2026-03-27T12_53_13.094+09_00.json,.json,62911,2026-07-10T01:05:48.183039
Keep,D:\Programs\追加アイディア\情報\pii-output\clean-dataset\Keep\2026-03-27T12_53_45.251+09_00.html,2026-03-27T12_53_45.251+09_00.html,.html,17592,2026-07-10T01:05:48.229540
Keep,D:\Programs\追加アイディア\情報\pii-output\clean-dataset\Keep\2026-03-27T12_53_45.251+09_00.json,2026-03-27T12_53_45.251+09_00.json,.json,63798,2026-07-10T01:05:48.276951
Keep,D:\Programs\追加アイディア\情報\pii-output\clean-dataset\Keep\2026-03-27T12_54_46.023+09_00.html,2026-03-27T12_54_46.023+09_00.html,.html,24135,2026-07-10T01:05:48.324029
Keep,D:\Programs\追加アイディア\情報\pii-output\clean-dataset\Keep\2026-03-27T12_54_46.023+09_00.json,2026-03-27T12_54_46.023+09_00.json,.json,132138,2026-07-10T01:05:48.403094
Keep,D:\Programs\追加アイディア\情報\pii-output\clean-dataset\Keep\2026-03-27T14_59_53.397+09_00.html,2026-03-27T14_59_53.397+09_00.html,.html,14727,2026-07-10T01:05:48.450380
Keep,D:\Programs\追加アイディア\情報\pii-output\clean-dataset\Keep\2026-03-27T14_59_53.397+09_00.json,2026-03-27T14_59_53.397+09_00.json,.json,36875,2026-07-10T01:05:48.482032
Keep,D:\Programs\追加アイディア\情報\pii-output\clean-dataset\Keep\2026-03-27T15_00_46.191+09_00.html,2026-03-27T15_00_46.191+09_00.html,.html,15366,2026-07-10T01:05:48.529286
Keep,D:\Programs\追加アイディア\情報\pii-output\clean-dataset\Keep\2026-03-27T15_00_46.191+09_00.json,2026-03-27T15_00_46.191+09_00.json,.json,49423,2026-07-10T01:05:48.560769
Keep,D:\Programs\追加アイディア\情報\pii-output\clean-dataset\Keep\2026-03-27T15_01_09.999+09_00.html,2026-03-27T15_01_09.999+09_00.html,.html,15700,2026-07-10T01:05:48.608405
Keep,D:\Programs\追加アイディア\情報\pii-output\clean-dataset\Keep\2026-03-27T15_01_09.999+09_00.json,2026-03-27T15_01_09.999+09_00.json,.json,69376,2026-07-10T01:05:48.655674
Keep,D:\Programs\追加アイディア\情報\pii-output\clean-dataset\Keep\2026-03-27T15_01_55.856+09_00.html,2026-03-27T15_01_55.856+09_00.html,.html,19766,2026-07-10T01:05:48.702463
Keep,D:\Programs\追加アイディア\情報\pii-output\clean-dataset\Keep\2026-03-27T15_01_55.856+09_00.json,2026-03-27T15_01_55.856+09_00.json,.json,116530,2026-07-10T01:05:48.765612
Keep,D:\Programs\追加アイディア\情報\pii-output\clean-dataset\Keep\2026-03-27T15_03_12.663+09_00.html,2026-03-27T15_03_12.663+09_00.html,.html,17876,2026-07-10T01:05:48.813274
Keep,D:\Programs\追加アイディア\情報\pii-output\clean-dataset\Keep\2026-03-27T15_03_12.663+09_00.json,2026-03-27T15_03_12.663+09_00.json,.json,116407,2026-07-10T01:05:48.892172
Keep,D:\Programs\追加アイディア\情報\pii-output\clean-dataset\Keep\2026-03-27T15_03_26.309+09_00.html,2026-03-27T15_03_26.309+09_00.html,.html,15698,2026-07-10T01:05:48.939484
Keep,D:\Programs\追加アイディア\情報\pii-output\clean-dataset\Keep\2026-03-27T15_03_26.309+09_00.json,2026-03-27T15_03_26.309+09_00.json,.json,56953,2026-07-10T01:05:48.973129
Keep,D:\Programs\追加アイディア\情報\pii-output\clean-dataset\Keep\2026-03-27T15_04_31.127+09_00.html,2026-03-27T15_04_31.127+09_00.html,.html,14782,2026-07-10T01:05:49.019222
Keep,D:\Programs\追加アイディア\情報\pii-output\clean-dataset\Keep\2026-03-27T15_04_31.127+09_00.json,2026-03-27T15_04_31.127+09_00.json,.json,39477,2026-07-10T01:05:49.051228
Keep,D:\Programs\追加アイディア\情報\pii-output\clean-dataset\Keep\2026-03-27T15_05_56.472+09_00.html,2026-03-27T15_05_56.472+09_00.html,.html,12517,2026-07-10T01:05:49.082562
Keep,D:\Programs\追加アイディア\情報\pii-output\clean-dataset\Keep\2026-03-27T15_05_56.472+09_00.json,2026-03-27T15_05_56.472+09_00.json,.json,22159,2026-07-10T01:05:49.098570
Keep,D:\Programs\追加アイディア\情報\pii-output\clean-dataset\Keep\2026-03-27T15_30_39.772+09_00.html,2026-03-27T15_30_39.772+09_00.html,.html,15525,2026-07-10T01:05:49.146341
Keep,D:\Programs\追加アイディア\情報\pii-output\clean-dataset\Keep\2026-03-27T15_30_39.772+09_00.json,2026-03-27T15_30_39.772+09_00.json,.json,72184,2026-07-10T01:05:49.194290
Keep,D:\Programs\追加アイディア\情報\pii-output\clean-dataset\Keep\2026-03-27T15_30_41.258+09_00.html,2026-03-27T15_30_41.258+09_00.html,.html,13310,2026-07-10T01:05:49.241663
Keep,D:\Programs\追加アイディア\情報\pii-output\clean-dataset\Keep\2026-03-27T15_30_41.258+09_00.json,2026-03-27T15_30_41.258+09_00.json,.json,39916,2026-07-10T01:05:49.273302
Keep,D:\Programs\追加アイディア\情報\pii-output\clean-dataset\Keep\2026-03-27T15_32_40.685+09_00.html,2026-03-27T15_32_40.685+09_00.html,.html,16756,2026-07-10T01:05:49.304841
Keep,D:\Programs\追加アイディア\情報\pii-output\clean-dataset\Keep\2026-03-27T15_32_40.685+09_00.json,2026-03-27T15_32_40.685+09_00.json,.json,75029,2026-07-10T01:05:49.368032
Keep,D:\Programs\追加アイディア\情報\pii-output\clean-dataset\Keep\2026-03-27T21_30_36.180+09_00.html,2026-03-27T21_30_36.180+09_00.html,.html,18233,2026-07-10T01:05:49.415454
Keep,D:\Programs\追加アイディア\情報\pii-output\clean-dataset\Keep\2026-03-27T21_30_36.180+09_00.json,2026-03-27T21_30_36.180+09_00.json,.json,61294,2026-07-10T01:05:49.458674
Keep,D:\Programs\追加アイディア\情報\pii-output\clean-dataset\Keep\2026-03-27T21_39_40.565+09_00.html,2026-03-27T21_39_40.565+09_00.html,.html,11516,2026-07-10T01:05:49.502513
Keep,D:\Programs\追加アイディア\情報\pii-output\clean-dataset\Keep\2026-03-27T21_39_40.565+09_00.json,2026-03-27T21_39_40.565+09_00.json,.json,3151,2026-07-10T01:05:49.502513
Keep,D:\Programs\追加アイディア\情報\pii-output\clean-dataset\Keep\2026-03-27T22_47_05.998+09_00.html,2026-03-27T22_47_05.998+09_00.html,.html,17178,2026-07-10T01:05:49.554021
Keep,D:\Programs\追加アイディア\情報\pii-output\clean-dataset\Keep\2026-03-27T22_47_05.998+09_00.json,2026-03-27T22_47_05.998+09_00.json,.json,70001,2026-07-10T01:05:49.601891
Keep,D:\Programs\追加アイディア\情報\pii-output\clean-dataset\Keep\2026-03-28T08_51_43.712+09_00.html,2026-03-28T08_51_43.712+09_00.html,.html,11789,2026-07-10T01:05:49.645791
Keep,D:\Programs\追加アイディア\情報\pii-output\clean-dataset\Keep\2026-03-28T08_51_43.712+09_00.json,2026-03-28T08_51_43.712+09_00.json,.json,3765,2026-07-10T01:05:49.647796
Keep,D:\Programs\追加アイディア\情報\pii-output\clean-dataset\Keep\2026-03-28T09_06_49.049+09_00.html,2026-03-28T09_06_49.049+09_00.html,.html,13275,2026-07-10T01:05:49.682940
Keep,D:\Programs\追加アイディア\情報\pii-output\clean-dataset\Keep\2026-03-28T09_06_49.049+09_00.json,2026-03-28T09_06_49.049+09_00.json,.json,13816,2026-07-10T01:05:49.698871
Keep,D:\Programs\追加アイディア\情報\pii-output\clean-dataset\Keep\2026-03-28T09_33_30.472+09_00.html,2026-03-28T09_33_30.472+09_00.html,.html,37470,2026-07-10T01:05:49.746339
Keep,D:\Programs\追加アイディア\情報\pii-output\clean-dataset\Keep\2026-03-28T09_33_30.472+09_00.json,2026-03-28T09_33_30.472+09_00.json,.json,253272,2026-07-10T01:05:49.904474
Keep,D:\Programs\追加アイディア\情報\pii-output\clean-dataset\Keep\2026-03-28T09_35_44.747+09_00.html,2026-03-28T09_35_44.747+09_00.html,.html,24472,2026-07-10T01:05:49.963006
Keep,D:\Programs\追加アイディア\情報\pii-output\clean-dataset\Keep\2026-03-28T09_35_44.747+09_00.json,2026-03-28T09_35_44.747+09_00.json,.json,124850,2026-07-10T01:05:50.040677
Keep,D:\Programs\追加アイディア\情報\pii-output\clean-dataset\Keep\2026-03-28T11_55_53.295+09_00.html,2026-03-28T11_55_53.295+09_00.html,.html,11268,2026-07-10T01:05:50.078754
Keep,D:\Programs\追加アイディア\情報\pii-output\clean-dataset\Keep\2026-03-28T11_55_53.295+09_00.json,2026-03-28T11_55_53.295+09_00.json,.json,1646,2026-07-10T01:05:50.078754
Keep,D:\Programs\追加アイディア\情報\pii-output\clean-dataset\Keep\2026-03-28T14_05_42.469+09_00.html,2026-03-28T14_05_42.469+09_00.html,.html,13014,2026-07-10T01:05:50.126562
Keep,D:\Programs\追加アイディア\情報\pii-output\clean-dataset\Keep\2026-03-28T14_05_42.469+09_00.json,2026-03-28T14_05_42.469+09_00.json,.json,12938,2026-07-10T01:05:50.126562
Keep,D:\Programs\追加アイディア\情報\pii-output\clean-dataset\Keep\2026-03-28T20_57_59.355+09_00.html,2026-03-28T20_57_59.355+09_00.html,.html,11414,2026-07-10T01:05:50.183004
Keep,D:\Programs\追加アイディア\情報\pii-output\clean-dataset\Keep\2026-03-28T20_57_59.355+09_00.json,2026-03-28T20_57_59.355+09_00.json,.json,4857,2026-07-10T01:05:50.188274
Keep,D:\Programs\追加アイディア\情報\pii-output\clean-dataset\Keep\2026-03-28T22_50_54.549+09_00.html,2026-03-28T22_50_54.549+09_00.html,.html,27443,2026-07-10T01:05:50.235654
Keep,D:\Programs\追加アイディア\情報\pii-output\clean-dataset\Keep\2026-03-28T22_50_54.549+09_00.json,2026-03-28T22_50_54.549+09_00.json,.json,195996,2026-07-10T01:05:50.364873
Keep,D:\Programs\追加アイディア\情報\pii-output\clean-dataset\Keep\2026-03-29T08_10_48.121+09_00.html,2026-03-29T08_10_48.121+09_00.html,.html,33513,2026-07-10T01:05:50.410006
Keep,D:\Programs\追加アイディア\情報\pii-output\clean-dataset\Keep\2026-03-29T08_10_48.121+09_00.json,2026-03-29T08_10_48.121+09_00.json,.json,230369,2026-07-10T01:05:50.568620
Keep,D:\Programs\追加アイディア\情報\pii-output\clean-dataset\Keep\2026-03-29T08_25_45.106+09_00.html,2026-03-29T08_25_45.106+09_00.html,.html,17327,2026-07-10T01:05:50.600810
Keep,D:\Programs\追加アイディア\情報\pii-output\clean-dataset\Keep\2026-03-29T08_25_45.106+09_00.json,2026-03-29T08_25_45.106+09_00.json,.json,74060,2026-07-10T01:05:50.664035
Keep,D:\Programs\追加アイディア\情報\pii-output\clean-dataset\Keep\2026-03-29T08_25_47.448+09_00.html,2026-03-29T08_25_47.448+09_00.html,.html,19134,2026-07-10T01:05:50.695467
Keep,D:\Programs\追加アイディア\情報\pii-output\clean-dataset\Keep\2026-03-29T08_25_47.448+09_00.json,2026-03-29T08_25_47.448+09_00.json,.json,105124,2026-07-10T01:05:50.775406
Keep,D:\Programs\追加アイディア\情報\pii-output\clean-dataset\Keep\2026-03-29T08_43_54.763+09_00.html,2026-03-29T08_43_54.763+09_00.html,.html,23143,2026-07-10T01:05:50.822514
Keep,D:\Programs\追加アイディア\情報\pii-output\clean-dataset\Keep\2026-03-29T08_43_54.763+09_00.json,2026-03-29T08_43_54.763+09_00.json,.json,98841,2026-07-10T01:05:50.885478
Keep,D:\Programs\追加アイディア\情報\pii-output\clean-dataset\Keep\2026-03-29T08_45_38.873+09_00.html,2026-03-29T08_45_38.873+09_00.html,.html,15988,2026-07-10T01:05:50.932734
Keep,D:\Programs\追加アイディア\情報\pii-output\clean-dataset\Keep\2026-03-29T08_45_38.873+09_00.json,2026-03-29T08_45_38.873+09_00.json,.json,81865,2026-07-10T01:05:50.980391
Keep,D:\Programs\追加アイディア\情報\pii-output\clean-dataset\Keep\2026-03-29T08_49_20.213+09_00.html,2026-03-29T08_49_20.213+09_00.html,.html,17233,2026-07-10T01:05:51.027871
Keep,D:\Programs\追加アイディア\情報\pii-output\clean-dataset\Keep\2026-03-29T08_49_20.213+09_00.json,2026-03-29T08_49_20.213+09_00.json,.json,101418,2026-07-10T01:05:51.090662
Keep,D:\Programs\追加アイディア\情報\pii-output\clean-dataset\Keep\2026-03-29T08_59_23.756+09_00.html,2026-03-29T08_59_23.756+09_00.html,.html,17396,2026-07-10T01:05:51.137822
Keep,D:\Programs\追加アイディア\情報\pii-output\clean-dataset\Keep\2026-03-29T08_59_23.756+09_00.json,2026-03-29T08_59_23.756+09_00.json,.json,68438,2026-07-10T01:05:51.169268
Keep,D:\Programs\追加アイディア\情報\pii-output\clean-dataset\Keep\2026-03-29T09_01_20.525+09_00.html,2026-03-29T09_01_20.525+09_00.html,.html,17567,2026-07-10T01:05:51.216972
Keep,D:\Programs\追加アイディア\情報\pii-output\clean-dataset\Keep\2026-03-29T09_01_20.525+09_00.json,2026-03-29T09_01_20.525+09_00.json,.json,58895,2026-07-10T01:05:51.248657
Keep,D:\Programs\追加アイディア\情報\pii-output\clean-dataset\Keep\2026-03-29T09_01_21.669+09_00.html,2026-03-29T09_01_21.669+09_00.html,.html,19442,2026-07-10T01:05:51.296545
Keep,D:\Programs\追加アイディア\情報\pii-output\clean-dataset\Keep\2026-03-29T09_01_21.669+09_00.json,2026-03-29T09_01_21.669+09_00.json,.json,84982,2026-07-10T01:05:51.360321
Keep,D:\Programs\追加アイディア\情報\pii-output\clean-dataset\Keep\2026-03-29T09_03_13.206+09_00.html,2026-03-29T09_03_13.206+09_00.html,.html,19118,2026-07-10T01:05:51.405429
Keep,D:\Programs\追加アイディア\情報\pii-output\clean-dataset\Keep\2026-03-29T09_03_13.206+09_00.json,2026-03-29T09_03_13.206+09_00.json,.json,86777,2026-07-10T01:05:51.454405
Keep,D:\Programs\追加アイディア\情報\pii-output\clean-dataset\Keep\2026-03-29T09_12_38.941+09_00.html,2026-03-29T09_12_38.941+09_00.html,.html,15106,2026-07-10T01:05:51.505413
Keep,D:\Programs\追加アイディア\情報\pii-output\clean-dataset\Keep\2026-03-29T09_12_38.941+09_00.json,2026-03-29T09_12_38.941+09_00.json,.json,39866,2026-07-10T01:05:51.533302
Keep,D:\Programs\追加アイディア\情報\pii-output\clean-dataset\Keep\2026-03-29T09_13_10.692+09_00.html,2026-03-29T09_13_10.692+09_00.html,.html,19693,2026-07-10T01:05:51.579922
Keep,D:\Programs\追加アイディア\情報\pii-output\clean-dataset\Keep\2026-03-29T09_13_10.692+09_00.json,2026-03-29T09_13_10.692+09_00.json,.json,108415,2026-07-10T01:05:51.643539
Keep,D:\Programs\追加アイディア\情報\pii-output\clean-dataset\Keep\2026-03-29T09_13_44.156+09_00.html,2026-03-29T09_13_44.156+09_00.html,.html,18893,2026-07-10T01:05:51.690762
Keep,D:\Programs\追加アイディア\情報\pii-output\clean-dataset\Keep\2026-03-29T09_13_44.156+09_00.json,2026-03-29T09_13_44.156+09_00.json,.json,110502,2026-07-10T01:05:51.774518
Keep,D:\Programs\追加アイディア\情報\pii-output\clean-dataset\Keep\2026-03-29T09_19_13.475+09_00.html,2026-03-29T09_19_13.475+09_00.html,.html,19561,2026-07-10T01:05:51.816000
Keep,D:\Programs\追加アイディア\情報\pii-output\clean-dataset\Keep\2026-03-29T09_19_13.475+09_00.json,2026-03-29T09_19_13.475+09_00.json,.json,110737,2026-07-10T01:05:51.895027
Keep,D:\Programs\追加アイディア\情報\pii-output\clean-dataset\Keep\2026-03-29T09_19_15.258+09_00.html,2026-03-29T09_19_15.258+09_00.html,.html,17950,2026-07-10T01:05:51.942568
Keep,D:\Programs\追加アイディア\情報\pii-output\clean-dataset\Keep\2026-03-29T09_19_15.258+09_00.json,2026-03-29T09_19_15.258+09_00.json,.json,97405,2026-07-10T01:05:52.005761
Keep,D:\Programs\追加アイディア\情報\pii-output\clean-dataset\Keep\2026-03-29T09_19_39.966+09_00.html,2026-03-29T09_19_39.966+09_00.html,.html,20979,2026-07-10T01:05:52.052970
Keep,D:\Programs\追加アイディア\情報\pii-output\clean-dataset\Keep\2026-03-29T09_19_39.966+09_00.json,2026-03-29T09_19_39.966+09_00.json,.json,131311,2026-07-10T01:05:52.147904
Keep,D:\Programs\追加アイディア\情報\pii-output\clean-dataset\Keep\2026-03-29T09_19_42.761+09_00.html,2026-03-29T09_19_42.761+09_00.html,.html,17276,2026-07-10T01:05:52.192648
Keep,D:\Programs\追加アイディア\情報\pii-output\clean-dataset\Keep\2026-03-29T09_19_42.761+09_00.json,2026-03-29T09_19_42.761+09_00.json,.json,74751,2026-07-10T01:05:52.244344
Keep,D:\Programs\追加アイディア\情報\pii-output\clean-dataset\Keep\2026-03-29T09_20_49.962+09_00.html,2026-03-29T09_20_49.962+09_00.html,.html,17061,2026-07-10T01:05:52.273501
Keep,D:\Programs\追加アイディア\情報\pii-output\clean-dataset\Keep\2026-03-29T09_20_49.962+09_00.json,2026-03-29T09_20_49.962+09_00.json,.json,82402,2026-07-10T01:05:52.336520
Keep,D:\Programs\追加アイディア\情報\pii-output\clean-dataset\Keep\2026-03-29T09_20_51.958+09_00.html,2026-03-29T09_20_51.958+09_00.html,.html,18630,2026-07-10T01:05:52.384123
Keep,D:\Programs\追加アイディア\情報\pii-output\clean-dataset\Keep\2026-03-29T09_20_51.958+09_00.json,2026-03-29T09_20_51.958+09_00.json,.json,92669,2026-07-10T01:05:52.447701
Keep,D:\Programs\追加アイディア\情報\pii-output\clean-dataset\Keep\2026-03-29T09_22_20.039+09_00.html,2026-03-29T09_22_20.039+09_00.html,.html,17755,2026-07-10T01:05:52.479677
Keep,D:\Programs\追加アイディア\情報\pii-output\clean-dataset\Keep\2026-03-29T09_22_20.039+09_00.json,2026-03-29T09_22_20.039+09_00.json,.json,84856,2026-07-10T01:05:52.547070
Keep,D:\Programs\追加アイディア\情報\pii-output\clean-dataset\Keep\2026-03-29T09_22_21.877+09_00.html,2026-03-29T09_22_21.877+09_00.html,.html,17639,2026-07-10T01:05:52.595447
Keep,D:\Programs\追加アイディア\情報\pii-output\clean-dataset\Keep\2026-03-29T09_22_21.877+09_00.json,2026-03-29T09_22_21.877+09_00.json,.json,85558,2026-07-10T01:05:52.653328
Keep,D:\Programs\追加アイディア\情報\pii-output\clean-dataset\Keep\2026-03-29T09_23_13.529+09_00.html,2026-03-29T09_23_13.529+09_00.html,.html,17962,2026-07-10T01:05:52.702389
Keep,D:\Programs\追加アイディア\情報\pii-output\clean-dataset\Keep\2026-03-29T09_23_13.529+09_00.json,2026-03-29T09_23_13.529+09_00.json,.json,88629,2026-07-10T01:05:52.749342
Keep,D:\Programs\追加アイディア\情報\pii-output\clean-dataset\Keep\2026-03-29T09_23_59.611+09_00.html,2026-03-29T09_23_59.611+09_00.html,.html,18361,2026-07-10T01:05:52.795343
Keep,D:\Programs\追加アイディア\情報\pii-output\clean-dataset\Keep\2026-03-29T09_23_59.611+09_00.json,2026-03-29T09_23_59.611+09_00.json,.json,97262,2026-07-10T01:05:52.858542
Keep,D:\Programs\追加アイディア\情報\pii-output\clean-dataset\Keep\2026-03-29T09_24_05.303+09_00.html,2026-03-29T09_24_05.303+09_00.html,.html,16872,2026-07-10T01:05:52.905805
Keep,D:\Programs\追加アイディア\情報\pii-output\clean-dataset\Keep\2026-03-29T09_24_05.303+09_00.json,2026-03-29T09_24_05.303+09_00.json,.json,71496,2026-07-10T01:05:52.963633
Keep,D:\Programs\追加アイディア\情報\pii-output\clean-dataset\Keep\2026-03-29T09_24_58.676+09_00.html,2026-03-29T09_24_58.676+09_00.html,.html,19831,2026-07-10T01:05:53.007139
Keep,D:\Programs\追加アイディア\情報\pii-output\clean-dataset\Keep\2026-03-29T09_24_58.676+09_00.json,2026-03-29T09_24_58.676+09_00.json,.json,113637,2026-07-10T01:05:53.083851
Keep,D:\Programs\追加アイディア\情報\pii-output\clean-dataset\Keep\2026-03-29T09_25_49.901+09_00.html,2026-03-29T09_25_49.901+09_00.html,.html,16581,2026-07-10T01:05:53.128613
Keep,D:\Programs\追加アイディア\情報\pii-output\clean-dataset\Keep\2026-03-29T09_25_49.901+09_00.json,2026-03-29T09_25_49.901+09_00.json,.json,74709,2026-07-10T01:05:53.180361
Keep,D:\Programs\追加アイディア\情報\pii-output\clean-dataset\Keep\2026-03-29T09_26_04.569+09_00.html,2026-03-29T09_26_04.569+09_00.html,.html,17241,2026-07-10T01:05:53.225378
Keep,D:\Programs\追加アイディア\情報\pii-output\clean-dataset\Keep\2026-03-29T09_26_04.569+09_00.json,2026-03-29T09_26_04.569+09_00.json,.json,86069,2026-07-10T01:05:53.285900
Keep,D:\Programs\追加アイディア\情報\pii-output\clean-dataset\Keep\2026-03-29T09_26_06.423+09_00.html,2026-03-29T09_26_06.423+09_00.html,.html,18416,2026-07-10T01:05:53.331364
Keep,D:\Programs\追加アイディア\情報\pii-output\clean-dataset\Keep\2026-03-29T09_26_06.423+09_00.json,2026-03-29T09_26_06.423+09_00.json,.json,96286,2026-07-10T01:05:53.397394
Keep,D:\Programs\追加アイディア\情報\pii-output\clean-dataset\Keep\2026-03-29T09_26_33.042+09_00.html,2026-03-29T09_26_33.042+09_00.html,.html,17160,2026-07-10T01:05:53.442873
Keep,D:\Programs\追加アイディア\情報\pii-output\clean-dataset\Keep\2026-03-29T09_26_33.042+09_00.json,2026-03-29T09_26_33.042+09_00.json,.json,83455,2026-07-10T01:05:53.499320
Keep,D:\Programs\追加アイディア\情報\pii-output\clean-dataset\Keep\2026-03-29T09_28_06.951+09_00.html,2026-03-29T09_28_06.951+09_00.html,.html,18249,2026-07-10T01:05:53.542548
Keep,D:\Programs\追加アイディア\情報\pii-output\clean-dataset\Keep\2026-03-29T09_28_06.951+09_00.json,2026-03-29T09_28_06.951+09_00.json,.json,92812,2026-07-10T01:05:53.605083
Keep,D:\Programs\追加アイディア\情報\pii-output\clean-dataset\Keep\2026-03-29T09_28_09.997+09_00.html,2026-03-29T09_28_09.997+09_00.html,.html,17867,2026-07-10T01:05:53.648013
Keep,D:\Programs\追加アイディア\情報\pii-output\clean-dataset\Keep\2026-03-29T09_28_09.997+09_00.json,2026-03-29T09_28_09.997+09_00.json,.json,78834,2026-07-10T01:05:53.702237
Keep,D:\Programs\追加アイディア\情報\pii-output\clean-dataset\Keep\2026-03-29T09_28_38.044+09_00.html,2026-03-29T09_28_38.044+09_00.html,.html,18791,2026-07-10T01:05:53.748003
Keep,D:\Programs\追加アイディア\情報\pii-output\clean-dataset\Keep\2026-03-29T09_28_38.044+09_00.json,2026-03-29T09_28_38.044+09_00.json,.json,96528,2026-07-10T01:05:53.813285
Keep,D:\Programs\追加アイディア\情報\pii-output\clean-dataset\Keep\2026-03-29T09_29_06.992+09_00.html,2026-03-29T09_29_06.992+09_00.html,.html,20559,2026-07-10T01:05:53.861380
Keep,D:\Programs\追加アイディア\情報\pii-output\clean-dataset\Keep\2026-03-29T09_29_06.992+09_00.json,2026-03-29T09_29_06.992+09_00.json,.json,124594,2026-07-10T01:05:53.941381
Keep,D:\Programs\追加アイディア\情報\pii-output\clean-dataset\Keep\2026-03-29T09_29_33.541+09_00.html,2026-03-29T09_29_33.541+09_00.html,.html,18254,2026-07-10T01:05:53.988842
Keep,D:\Programs\追加アイディア\情報\pii-output\clean-dataset\Keep\2026-03-29T09_29_33.541+09_00.json,2026-03-29T09_29_33.541+09_00.json,.json,94418,2026-07-10T01:05:54.052210
Keep,D:\Programs\追加アイディア\情報\pii-output\clean-dataset\Keep\2026-03-29T09_29_57.603+09_00.html,2026-03-29T09_29_57.603+09_00.html,.html,16971,2026-07-10T01:05:54.098521
Keep,D:\Programs\追加アイディア\情報\pii-output\clean-dataset\Keep\2026-03-29T09_29_57.603+09_00.json,2026-03-29T09_29_57.603+09_00.json,.json,69315,2026-07-10T01:05:54.145442
Keep,D:\Programs\追加アイディア\情報\pii-output\clean-dataset\Keep\2026-03-29T09_30_37.882+09_00.html,2026-03-29T09_30_37.882+09_00.html,.html,16659,2026-07-10T01:05:54.188886
Keep,D:\Programs\追加アイディア\情報\pii-output\clean-dataset\Keep\2026-03-29T09_30_37.882+09_00.json,2026-03-29T09_30_37.882+09_00.json,.json,60618,2026-07-10T01:05:54.229900
Keep,D:\Programs\追加アイディア\情報\pii-output\clean-dataset\Keep\2026-03-29T09_30_40.011+09_00.html,2026-03-29T09_30_40.011+09_00.html,.html,15779,2026-07-10T01:05:54.271086
Keep,D:\Programs\追加アイディア\情報\pii-output\clean-dataset\Keep\2026-03-29T09_30_40.011+09_00.json,2026-03-29T09_30_40.011+09_00.json,.json,57590,2026-07-10T01:05:54.311318
Keep,D:\Programs\追加アイディア\情報\pii-output\clean-dataset\Keep\2026-03-29T09_31_03.571+09_00.html,2026-03-29T09_31_03.571+09_00.html,.html,16536,2026-07-10T01:05:54.354689
Keep,D:\Programs\追加アイディア\情報\pii-output\clean-dataset\Keep\2026-03-29T09_31_03.571+09_00.json,2026-03-29T09_31_03.571+09_00.json,.json,74392,2026-07-10T01:05:54.405446
Keep,D:\Programs\追加アイディア\情報\pii-output\clean-dataset\Keep\2026-03-29T09_31_48.455+09_00.html,2026-03-29T09_31_48.455+09_00.html,.html,17930,2026-07-10T01:05:54.450167
Keep,D:\Programs\追加アイディア\情報\pii-output\clean-dataset\Keep\2026-03-29T09_31_48.455+09_00.json,2026-03-29T09_31_48.455+09_00.json,.json,86430,2026-07-10T01:05:54.510389
Keep,D:\Programs\追加アイディア\情報\pii-output\clean-dataset\Keep\2026-03-29T09_31_50.354+09_00.html,2026-03-29T09_31_50.354+09_00.html,.html,17532,2026-07-10T01:05:54.554883
Keep,D:\Programs\追加アイディア\情報\pii-output\clean-dataset\Keep\2026-03-29T09_31_50.354+09_00.json,2026-03-29T09_31_50.354+09_00.json,.json,77210,2026-07-10T01:05:54.607380
Keep,D:\Programs\追加アイディア\情報\pii-output\clean-dataset\Keep\2026-03-29T09_32_50.414+09_00.html,2026-03-29T09_32_50.414+09_00.html,.html,17543,2026-07-10T01:05:54.650778
Keep,D:\Programs\追加アイディア\情報\pii-output\clean-dataset\Keep\2026-03-29T09_32_50.414+09_00.json,2026-03-29T09_32_50.414+09_00.json,.json,78127,2026-07-10T01:05:54.694679
Keep,D:\Programs\追加アイディア\情報\pii-output\clean-dataset\Keep\2026-03-29T09_33_34.975+09_00.html,2026-03-29T09_33_34.975+09_00.html,.html,17818,2026-07-10T01:05:54.742211
Keep,D:\Programs\追加アイディア\情報\pii-output\clean-dataset\Keep\2026-03-29T09_33_34.975+09_00.json,2026-03-29T09_33_34.975+09_00.json,.json,80275,2026-07-10T01:05:54.796269
Keep,D:\Programs\追加アイディア\情報\pii-output\clean-dataset\Keep\2026-03-29T09_33_38.271+09_00.html,2026-03-29T09_33_38.271+09_00.html,.html,17234,2026-07-10T01:05:54.836755
Keep,D:\Programs\追加アイディア\情報\pii-output\clean-dataset\Keep\2026-03-29T09_33_38.271+09_00.json,2026-03-29T09_33_38.271+09_00.json,.json,76926,2026-07-10T01:05:54.884001
Keep,D:\Programs\追加アイディア\情報\pii-output\clean-dataset\Keep\2026-03-29T09_34_19.243+09_00.html,2026-03-29T09_34_19.243+09_00.html,.html,18641,2026-07-10T01:05:54.931549
Keep,D:\Programs\追加アイディア\情報\pii-output\clean-dataset\Keep\2026-03-29T09_34_19.243+09_00.json,2026-03-29T09_34_19.243+09_00.json,.json,101303,2026-07-10T01:05:55.010658
Keep,D:\Programs\追加アイディア\情報\pii-output\clean-dataset\Keep\2026-03-29T09_34_22.254+09_00.html,2026-03-29T09_34_22.254+09_00.html,.html,16864,2026-07-10T01:05:55.042483
Keep,D:\Programs\追加アイディア\情報\pii-output\clean-dataset\Keep\2026-03-29T09_34_22.254+09_00.json,2026-03-29T09_34_22.254+09_00.json,.json,72932,2026-07-10T01:05:55.105731
Keep,D:\Programs\追加アイディア\情報\pii-output\clean-dataset\Keep\2026-03-29T09_34_51.534+09_00.html,2026-03-29T09_34_51.534+09_00.html,.html,18242,2026-07-10T01:05:55.152881
Keep,D:\Programs\追加アイディア\情報\pii-output\clean-dataset\Keep\2026-03-29T09_34_51.534+09_00.json,2026-03-29T09_34_51.534+09_00.json,.json,89946,2026-07-10T01:05:55.200170
Keep,D:\Programs\追加アイディア\情報\pii-output\clean-dataset\Keep\2026-03-29T09_35_33.195+09_00.html,2026-03-29T09_35_33.195+09_00.html,.html,17480,2026-07-10T01:05:55.247477
Keep,D:\Programs\追加アイディア\情報\pii-output\clean-dataset\Keep\2026-03-29T09_35_33.195+09_00.json,2026-03-29T09_35_33.195+09_00.json,.json,81943,2026-07-10T01:05:55.310459
Keep,D:\Programs\追加アイディア\情報\pii-output\clean-dataset\Keep\2026-03-29T09_38_23.486+09_00.html,2026-03-29T09_38_23.486+09_00.html,.html,17593,2026-07-10T01:05:55.342184
Keep,D:\Programs\追加アイディア\情報\pii-output\clean-dataset\Keep\2026-03-29T09_38_23.486+09_00.json,2026-03-29T09_38_23.486+09_00.json,.json,75213,2026-07-10T01:05:55.405271
Keep,D:\Programs\追加アイディア\情報\pii-output\clean-dataset\Keep\2026-03-29T09_39_01.396+09_00.html,2026-03-29T09_39_01.396+09_00.html,.html,16738,2026-07-10T01:05:55.437099
Keep,D:\Programs\追加アイディア\情報\pii-output\clean-dataset\Keep\2026-03-29T09_39_01.396+09_00.json,2026-03-29T09_39_01.396+09_00.json,.json,71562,2026-07-10T01:05:55.484621
Keep,D:\Programs\追加アイディア\情報\pii-output\clean-dataset\Keep\2026-03-29T09_39_24.959+09_00.html,2026-03-29T09_39_24.959+09_00.html,.html,16382,2026-07-10T01:05:55.532717
Keep,D:\Programs\追加アイディア\情報\pii-output\clean-dataset\Keep\2026-03-29T09_39_24.959+09_00.json,2026-03-29T09_39_24.959+09_00.json,.json,60293,2026-07-10T01:05:55.580949
Keep,D:\Programs\追加アイディア\情報\pii-output\clean-dataset\Keep\2026-03-29T09_39_59.490+09_00.html,2026-03-29T09_39_59.490+09_00.html,.html,18128,2026-07-10T01:05:55.629530
Keep,D:\Programs\追加アイディア\情報\pii-output\clean-dataset\Keep\2026-03-29T09_39_59.490+09_00.json,2026-03-29T09_39_59.490+09_00.json,.json,90100,2026-07-10T01:05:55.693681
Keep,D:\Programs\追加アイディア\情報\pii-output\clean-dataset\Keep\2026-03-29T09_41_01.856+09_00.html,2026-03-29T09_41_01.856+09_00.html,.html,16219,2026-07-10T01:05:55.736651
Keep,D:\Programs\追加アイディア\情報\pii-output\clean-dataset\Keep\2026-03-29T09_41_01.856+09_00.json,2026-03-29T09_41_01.856+09_00.json,.json,62427,2026-07-10T01:05:55.780617
Keep,D:\Programs\追加アイディア\情報\pii-output\clean-dataset\Keep\2026-03-29T09_41_02.532+09_00.html,2026-03-29T09_41_02.532+09_00.html,.html,17259,2026-07-10T01:05:55.824148
Keep,D:\Programs\追加アイディア\情報\pii-output\clean-dataset\Keep\2026-03-29T09_41_02.532+09_00.json,2026-03-29T09_41_02.532+09_00.json,.json,66533,2026-07-10T01:05:55.870570
Keep,D:\Programs\追加アイディア\情報\pii-output\clean-dataset\Keep\2026-03-29T09_42_00.623+09_00.html,2026-03-29T09_42_00.623+09_00.html,.html,17459,2026-07-10T01:05:55.913061
Keep,D:\Programs\追加アイディア\情報\pii-output\clean-dataset\Keep\2026-03-29T09_42_00.623+09_00.json,2026-03-29T09_42_00.623+09_00.json,.json,73845,2026-07-10T01:05:55.966480
Keep,D:\Programs\追加アイディア\情報\pii-output\clean-dataset\Keep\2026-03-29T09_42_28.734+09_00.html,2026-03-29T09_42_28.734+09_00.html,.html,16902,2026-07-10T01:05:56.009007
Keep,D:\Programs\追加アイディア\情報\pii-output\clean-dataset\Keep\2026-03-29T09_42_28.734+09_00.json,2026-03-29T09_42_28.734+09_00.json,.json,68400,2026-07-10T01:05:56.054254
Keep,D:\Programs\追加アイディア\情報\pii-output\clean-dataset\Keep\2026-03-29T09_42_54.134+09_00.html,2026-03-29T09_42_54.134+09_00.html,.html,18010,2026-07-10T01:05:56.097010
Keep,D:\Programs\追加アイディア\情報\pii-output\clean-dataset\Keep\2026-03-29T09_42_54.134+09_00.json,2026-03-29T09_42_54.134+09_00.json,.json,85716,2026-07-10T01:05:56.155543
Keep,D:\Programs\追加アイディア\情報\pii-output\clean-dataset\Keep\2026-03-29T09_43_54.642+09_00.html,2026-03-29T09_43_54.642+09_00.html,.html,17285,2026-07-10T01:05:56.199580
Keep,D:\Programs\追加アイディア\情報\pii-output\clean-dataset\Keep\2026-03-29T09_43_54.642+09_00.json,2026-03-29T09_43_54.642+09_00.json,.json,72066,2026-07-10T01:05:56.235344
Keep,D:\Programs\追加アイディア\情報\pii-output\clean-dataset\Keep\2026-03-29T09_43_57.645+09_00.html,2026-03-29T09_43_57.645+09_00.html,.html,17482,2026-07-10T01:05:56.282516
Keep,D:\Programs\追加アイディア\情報\pii-output\clean-dataset\Keep\2026-03-29T09_43_57.645+09_00.json,2026-03-29T09_43_57.645+09_00.json,.json,73739,2026-07-10T01:05:56.329719
Keep,D:\Programs\追加アイディア\情報\pii-output\clean-dataset\Keep\2026-03-29T09_45_31.530+09_00.html,2026-03-29T09_45_31.530+09_00.html,.html,18282,2026-07-10T01:05:56.377042
Keep,D:\Programs\追加アイディア\情報\pii-output\clean-dataset\Keep\2026-03-29T09_45_31.530+09_00.json,2026-03-29T09_45_31.530+09_00.json,.json,81478,2026-07-10T01:05:56.440081
Keep,D:\Programs\追加アイディア\情報\pii-output\clean-dataset\Keep\2026-03-29T09_45_34.017+09_00.html,2026-03-29T09_45_34.017+09_00.html,.html,18684,2026-07-10T01:05:56.487347
Keep,D:\Programs\追加アイディア\情報\pii-output\clean-dataset\Keep\2026-03-29T09_45_34.017+09_00.json,2026-03-29T09_45_34.017+09_00.json,.json,91876,2026-07-10T01:05:56.534798
Keep,D:\Programs\追加アイディア\情報\pii-output\clean-dataset\Keep\2026-03-29T09_47_31.899+09_00.html,2026-03-29T09_47_31.899+09_00.html,.html,19046,2026-07-10T01:05:56.582025
Keep,D:\Programs\追加アイディア\情報\pii-output\clean-dataset\Keep\2026-03-29T09_47_31.899+09_00.json,2026-03-29T09_47_31.899+09_00.json,.json,100279,2026-07-10T01:05:56.676863
Keep,D:\Programs\追加アイディア\情報\pii-output\clean-dataset\Keep\2026-03-29T09_50_34.577+09_00.html,2026-03-29T09_50_34.577+09_00.html,.html,18235,2026-07-10T01:05:56.708610
Keep,D:\Programs\追加アイディア\情報\pii-output\clean-dataset\Keep\2026-03-29T09_50_34.577+09_00.json,2026-03-29T09_50_34.577+09_00.json,.json,92950,2026-07-10T01:05:56.772092
Keep,D:\Programs\追加アイディア\情報\pii-output\clean-dataset\Keep\2026-03-29T09_54_04.962+09_00.html,2026-03-29T09_54_04.962+09_00.html,.html,17311,2026-07-10T01:05:56.830584
Keep,D:\Programs\追加アイディア\情報\pii-output\clean-dataset\Keep\2026-03-29T09_54_04.962+09_00.json,2026-03-29T09_54_04.962+09_00.json,.json,70130,2026-07-10T01:05:56.866652
Keep,D:\Programs\追加アイディア\情報\pii-output\clean-dataset\Keep\2026-03-29T09_56_05.318+09_00.html,2026-03-29T09_56_05.318+09_00.html,.html,17976,2026-07-10T01:05:56.913952
Keep,D:\Programs\追加アイディア\情報\pii-output\clean-dataset\Keep\2026-03-29T09_56_05.318+09_00.json,2026-03-29T09_56_05.318+09_00.json,.json,95182,2026-07-10T01:05:56.977159
Keep,D:\Programs\追加アイディア\情報\pii-output\clean-dataset\Keep\2026-03-29T09_59_58.186+09_00.html,2026-03-29T09_59_58.186+09_00.html,.html,17401,2026-07-10T01:05:57.025199
Keep,D:\Programs\追加アイディア\情報\pii-output\clean-dataset\Keep\2026-03-29T09_59_58.186+09_00.json,2026-03-29T09_59_58.186+09_00.json,.json,82830,2026-07-10T01:05:57.072758
Keep,D:\Programs\追加アイディア\情報\pii-output\clean-dataset\Keep\2026-03-29T09_59_58.192+09_00.html,2026-03-29T09_59_58.192+09_00.html,.html,16887,2026-07-10T01:05:57.120459
Keep,D:\Programs\追加アイディア\情報\pii-output\clean-dataset\Keep\2026-03-29T09_59_58.192+09_00.json,2026-03-29T09_59_58.192+09_00.json,.json,77018,2026-07-10T01:05:57.183775
Keep,D:\Programs\追加アイディア\情報\pii-output\clean-dataset\Keep\2026-03-29T09_59_58.196+09_00.html,2026-03-29T09_59_58.196+09_00.html,.html,17232,2026-07-10T01:05:57.228473
Keep,D:\Programs\追加アイディア\情報\pii-output\clean-dataset\Keep\2026-03-29T09_59_58.196+09_00.json,2026-03-29T09_59_58.196+09_00.json,.json,73621,2026-07-10T01:05:57.278731
Keep,D:\Programs\追加アイディア\情報\pii-output\clean-dataset\Keep\2026-03-29T09_59_58.197+09_00.html,2026-03-29T09_59_58.197+09_00.html,.html,17233,2026-07-10T01:05:57.310654
Keep,D:\Programs\追加アイディア\情報\pii-output\clean-dataset\Keep\2026-03-29T09_59_58.197+09_00.json,2026-03-29T09_59_58.197+09_00.json,.json,73005,2026-07-10T01:05:57.374472
Keep,D:\Programs\追加アイディア\情報\pii-output\clean-dataset\Keep\2026-03-29T09_59_58.208+09_00.html,2026-03-29T09_59_58.208+09_00.html,.html,18452,2026-07-10T01:05:57.420477
Keep,D:\Programs\追加アイディア\情報\pii-output\clean-dataset\Keep\2026-03-29T09_59_58.208+09_00.json,2026-03-29T09_59_58.208+09_00.json,.json,90960,2026-07-10T01:05:57.476025
Keep,D:\Programs\追加アイディア\情報\pii-output\clean-dataset\Keep\2026-03-29T09_59_58.278+09_00.html,2026-03-29T09_59_58.278+09_00.html,.html,17063,2026-07-10T01:05:57.517536
Keep,D:\Programs\追加アイディア\情報\pii-output\clean-dataset\Keep\2026-03-29T09_59_58.278+09_00.json,2026-03-29T09_59_58.278+09_00.json,.json,75874,2026-07-10T01:05:57.564789
Keep,D:\Programs\追加アイディア\情報\pii-output\clean-dataset\Keep\2026-03-29T10_04_20.524+09_00.html,2026-03-29T10_04_20.524+09_00.html,.html,18431,2026-07-10T01:05:57.612200
Keep,D:\Programs\追加アイディア\情報\pii-output\clean-dataset\Keep\2026-03-29T10_04_20.524+09_00.json,2026-03-29T10_04_20.524+09_00.json,.json,87361,2026-07-10T01:05:57.682090
Keep,D:\Programs\追加アイディア\情報\pii-output\clean-dataset\Keep\2026-03-29T10_05_48.678+09_00.html,2026-03-29T10_05_48.678+09_00.html,.html,17674,2026-07-10T01:05:57.723338
Keep,D:\Programs\追加アイディア\情報\pii-output\clean-dataset\Keep\2026-03-29T10_05_48.678+09_00.json,2026-03-29T10_05_48.678+09_00.json,.json,76318,2026-07-10T01:05:57.771008
Keep,D:\Programs\追加アイディア\情報\pii-output\clean-dataset\Keep\2026-03-29T10_06_14.914+09_00.html,2026-03-29T10_06_14.914+09_00.html,.html,18370,2026-07-10T01:05:57.817841
Keep,D:\Programs\追加アイディア\情報\pii-output\clean-dataset\Keep\2026-03-29T10_06_14.914+09_00.json,2026-03-29T10_06_14.914+09_00.json,.json,86433,2026-07-10T01:05:57.865192
Keep,D:\Programs\追加アイディア\情報\pii-output\clean-dataset\Keep\2026-03-29T10_08_58.551+09_00.html,2026-03-29T10_08_58.551+09_00.html,.html,18762,2026-07-10T01:05:57.922602
Keep,D:\Programs\追加アイディア\情報\pii-output\clean-dataset\Keep\2026-03-29T10_08_58.551+09_00.json,2026-03-29T10_08_58.551+09_00.json,.json,96502,2026-07-10T01:05:57.975892
Keep,D:\Programs\追加アイディア\情報\pii-output\clean-dataset\Keep\2026-03-29T10_10_25.358+09_00.html,2026-03-29T10_10_25.358+09_00.html,.html,18543,2026-07-10T01:05:58.024028
Keep,D:\Programs\追加アイディア\情報\pii-output\clean-dataset\Keep\2026-03-29T10_10_25.358+09_00.json,2026-03-29T10_10_25.358+09_00.json,.json,88503,2026-07-10T01:05:58.087200
Keep,D:\Programs\追加アイディア\情報\pii-output\clean-dataset\Keep\2026-03-29T10_10_49.749+09_00.html,2026-03-29T10_10_49.749+09_00.html,.html,17977,2026-07-10T01:05:58.134948
Keep,D:\Programs\追加アイディア\情報\pii-output\clean-dataset\Keep\2026-03-29T10_10_49.749+09_00.json,2026-03-29T10_10_49.749+09_00.json,.json,78403,2026-07-10T01:05:58.193535
Keep,D:\Programs\追加アイディア\情報\pii-output\clean-dataset\Keep\2026-03-29T10_11_12.558+09_00.html,2026-03-29T10_11_12.558+09_00.html,.html,18154,2026-07-10T01:05:58.229546
Keep,D:\Programs\追加アイディア\情報\pii-output\clean-dataset\Keep\2026-03-29T10_11_12.558+09_00.json,2026-03-29T10_11_12.558+09_00.json,.json,77825,2026-07-10T01:05:58.277125
Keep,D:\Programs\追加アイディア\情報\pii-output\clean-dataset\Keep\2026-03-29T10_12_40.779+09_00.html,2026-03-29T10_12_40.779+09_00.html,.html,17245,2026-07-10T01:05:58.326426
Keep,D:\Programs\追加アイディア\情報\pii-output\clean-dataset\Keep\2026-03-29T10_12_40.779+09_00.json,2026-03-29T10_12_40.779+09_00.json,.json,73410,2026-07-10T01:05:58.372268
Keep,D:\Programs\追加アイディア\情報\pii-output\clean-dataset\Keep\2026-03-29T10_14_02.953+09_00.html,2026-03-29T10_14_02.953+09_00.html,.html,18642,2026-07-10T01:05:58.419892
Keep,D:\Programs\追加アイディア\情報\pii-output\clean-dataset\Keep\2026-03-29T10_14_02.953+09_00.json,2026-03-29T10_14_02.953+09_00.json,.json,88703,2026-07-10T01:05:58.483710
Keep,D:\Programs\追加アイディア\情報\pii-output\clean-dataset\Keep\2026-03-29T10_14_05.516+09_00.html,2026-03-29T10_14_05.516+09_00.html,.html,18138,2026-07-10T01:05:58.530266
Keep,D:\Programs\追加アイディア\情報\pii-output\clean-dataset\Keep\2026-03-29T10_14_05.516+09_00.json,2026-03-29T10_14_05.516+09_00.json,.json,83212,2026-07-10T01:05:58.578118
Keep,D:\Programs\追加アイディア\情報\pii-output\clean-dataset\Keep\2026-03-29T10_16_10.112+09_00.html,2026-03-29T10_16_10.112+09_00.html,.html,18526,2026-07-10T01:05:58.630059
Keep,D:\Programs\追加アイディア\情報\pii-output\clean-dataset\Keep\2026-03-29T10_16_10.112+09_00.json,2026-03-29T10_16_10.112+09_00.json,.json,87302,2026-07-10T01:05:58.689136
Keep,D:\Programs\追加アイディア\情報\pii-output\clean-dataset\Keep\2026-03-29T10_18_45.213+09_00.html,2026-03-29T10_18_45.213+09_00.html,.html,17808,2026-07-10T01:05:58.738628
Keep,D:\Programs\追加アイディア\情報\pii-output\clean-dataset\Keep\2026-03-29T10_18_45.213+09_00.json,2026-03-29T10_18_45.213+09_00.json,.json,81641,2026-07-10T01:05:58.784019
Keep,D:\Programs\追加アイディア\情報\pii-output\clean-dataset\Keep\2026-03-29T10_19_18.606+09_00.html,2026-03-29T10_19_18.606+09_00.html,.html,18216,2026-07-10T01:05:58.831185
Keep,D:\Programs\追加アイディア\情報\pii-output\clean-dataset\Keep\2026-03-29T10_19_18.606+09_00.json,2026-03-29T10_19_18.606+09_00.json,.json,85946,2026-07-10T01:05:58.894415
Keep,D:\Programs\追加アイディア\情報\pii-output\clean-dataset\Keep\2026-03-29T10_19_21.411+09_00.html,2026-03-29T10_19_21.411+09_00.html,.html,19461,2026-07-10T01:05:58.926249
Keep,D:\Programs\追加アイディア\情報\pii-output\clean-dataset\Keep\2026-03-29T10_19_21.411+09_00.json,2026-03-29T10_19_21.411+09_00.json,.json,107709,2026-07-10T01:05:59.005855
Keep,D:\Programs\追加アイディア\情報\pii-output\clean-dataset\Keep\2026-03-29T10_22_05.339+09_00.html,2026-03-29T10_22_05.339+09_00.html,.html,18560,2026-07-10T01:05:59.053189
Keep,D:\Programs\追加アイディア\情報\pii-output\clean-dataset\Keep\2026-03-29T10_22_05.339+09_00.json,2026-03-29T10_22_05.339+09_00.json,.json,92749,2026-07-10T01:05:59.116411
Keep,D:\Programs\追加アイディア\情報\pii-output\clean-dataset\Keep\2026-03-29T10_22_05.736+09_00.html,2026-03-29T10_22_05.736+09_00.html,.html,18422,2026-07-10T01:05:59.164347
Keep,D:\Programs\追加アイディア\情報\pii-output\clean-dataset\Keep\2026-03-29T10_22_05.736+09_00.json,2026-03-29T10_22_05.736+09_00.json,.json,91431,2026-07-10T01:05:59.212272
Keep,D:\Programs\追加アイディア\情報\pii-output\clean-dataset\Keep\2026-03-29T10_26_21.535+09_00.html,2026-03-29T10_26_21.535+09_00.html,.html,18151,2026-07-10T01:05:59.259578
Keep,D:\Programs\追加アイディア\情報\pii-output\clean-dataset\Keep\2026-03-29T10_26_21.535+09_00.json,2026-03-29T10_26_21.535+09_00.json,.json,83754,2026-07-10T01:05:59.322963
Keep,D:\Programs\追加アイディア\情報\pii-output\clean-dataset\Keep\2026-03-29T10_26_56.871+09_00.html,2026-03-29T10_26_56.871+09_00.html,.html,18397,2026-07-10T01:05:59.370522
Keep,D:\Programs\追加アイディア\情報\pii-output\clean-dataset\Keep\2026-03-29T10_26_56.871+09_00.json,2026-03-29T10_26_56.871+09_00.json,.json,89670,2026-07-10T01:05:59.418214
Keep,D:\Programs\追加アイディア\情報\pii-output\clean-dataset\Keep\2026-03-29T10_27_00.386+09_00.html,2026-03-29T10_27_00.386+09_00.html,.html,18190,2026-07-10T01:05:59.465563
Keep,D:\Programs\追加アイディア\情報\pii-output\clean-dataset\Keep\2026-03-29T10_27_00.386+09_00.json,2026-03-29T10_27_00.386+09_00.json,.json,88877,2026-07-10T01:05:59.529259
Keep,D:\Programs\追加アイディア\情報\pii-output\clean-dataset\Keep\2026-03-29T10_27_23.830+09_00.html,2026-03-29T10_27_23.830+09_00.html,.html,17948,2026-07-10T01:05:59.577276
Keep,D:\Programs\追加アイディア\情報\pii-output\clean-dataset\Keep\2026-03-29T10_27_23.830+09_00.json,2026-03-29T10_27_23.830+09_00.json,.json,85318,2026-07-10T01:05:59.625226
Keep,D:\Programs\追加アイディア\情報\pii-output\clean-dataset\Keep\2026-03-29T10_28_50.251+09_00.html,2026-03-29T10_28_50.251+09_00.html,.html,16981,2026-07-10T01:05:59.672060
Keep,D:\Programs\追加アイディア\情報\pii-output\clean-dataset\Keep\2026-03-29T10_28_50.251+09_00.json,2026-03-29T10_28_50.251+09_00.json,.json,67704,2026-07-10T01:05:59.719382
Keep,D:\Programs\追加アイディア\情報\pii-output\clean-dataset\Keep\2026-03-29T10_28_59.589+09_00.html,2026-03-29T10_28_59.589+09_00.html,.html,17747,2026-07-10T01:05:59.768102
Keep,D:\Programs\追加アイディア\情報\pii-output\clean-dataset\Keep\2026-03-29T10_28_59.589+09_00.json,2026-03-29T10_28_59.589+09_00.json,.json,79551,2026-07-10T01:05:59.813997
Keep,D:\Programs\追加アイディア\情報\pii-output\clean-dataset\Keep\2026-03-29T10_29_34.314+09_00.html,2026-03-29T10_29_34.314+09_00.html,.html,17578,2026-07-10T01:05:59.861345
Keep,D:\Programs\追加アイディア\情報\pii-output\clean-dataset\Keep\2026-03-29T10_29_34.314+09_00.json,2026-03-29T10_29_34.314+09_00.json,.json,78262,2026-07-10T01:05:59.924342
Keep,D:\Programs\追加アイディア\情報\pii-output\clean-dataset\Keep\2026-03-29T10_31_19.216+09_00.html,2026-03-29T10_31_19.216+09_00.html,.html,17877,2026-07-10T01:05:59.955977
Keep,D:\Programs\追加アイディア\情報\pii-output\clean-dataset\Keep\2026-03-29T10_31_19.216+09_00.json,2026-03-29T10_31_19.216+09_00.json,.json,66107,2026-07-10T01:06:00.007840
Keep,D:\Programs\追加アイディア\情報\pii-output\clean-dataset\Keep\2026-03-29T10_31_22.454+09_00.html,2026-03-29T10_31_22.454+09_00.html,.html,19049,2026-07-10T01:06:00.060771
Keep,D:\Programs\追加アイディア\情報\pii-output\clean-dataset\Keep\2026-03-29T10_31_22.454+09_00.json,2026-03-29T10_31_22.454+09_00.json,.json,127917,2026-07-10T01:06:00.148478
Keep,D:\Programs\追加アイディア\情報\pii-output\clean-dataset\Keep\2026-03-29T10_31_53.239+09_00.html,2026-03-29T10_31_53.239+09_00.html,.html,17673,2026-07-10T01:06:00.192418
Keep,D:\Programs\追加アイディア\情報\pii-output\clean-dataset\Keep\2026-03-29T10_31_53.239+09_00.json,2026-03-29T10_31_53.239+09_00.json,.json,59996,2026-07-10T01:06:00.234498
Keep,D:\Programs\追加アイディア\情報\pii-output\clean-dataset\Keep\2026-03-29T10_32_50.744+09_00.html,2026-03-29T10_32_50.744+09_00.html,.html,15187,2026-07-10T01:06:00.276728
Keep,D:\Programs\追加アイディア\情報\pii-output\clean-dataset\Keep\2026-03-29T10_32_50.744+09_00.json,2026-03-29T10_32_50.744+09_00.json,.json,33182,2026-07-10T01:06:00.299172
Keep,D:\Programs\追加アイディア\情報\pii-output\clean-dataset\Keep\2026-03-29T10_32_52.320+09_00.html,2026-03-29T10_32_52.320+09_00.html,.html,16055,2026-07-10T01:06:00.341525
Keep,D:\Programs\追加アイディア\情報\pii-output\clean-dataset\Keep\2026-03-29T10_32_52.320+09_00.json,2026-03-29T10_32_52.320+09_00.json,.json,41741,2026-07-10T01:06:00.371150
Keep,D:\Programs\追加アイディア\情報\pii-output\clean-dataset\Keep\2026-03-29T10_33_57.051+09_00.html,2026-03-29T10_33_57.051+09_00.html,.html,17320,2026-07-10T01:06:00.415607
Keep,D:\Programs\追加アイディア\情報\pii-output\clean-dataset\Keep\2026-03-29T10_33_57.051+09_00.json,2026-03-29T10_33_57.051+09_00.json,.json,64116,2026-07-10T01:06:00.459221
Keep,D:\Programs\追加アイディア\情報\pii-output\clean-dataset\Keep\2026-03-29T10_34_24.941+09_00.html,2026-03-29T10_34_24.941+09_00.html,.html,16894,2026-07-10T01:06:00.503442
Keep,D:\Programs\追加アイディア\情報\pii-output\clean-dataset\Keep\2026-03-29T10_34_24.941+09_00.json,2026-03-29T10_34_24.941+09_00.json,.json,61853,2026-07-10T01:06:00.544912
Keep,D:\Programs\追加アイディア\情報\pii-output\clean-dataset\Keep\2026-03-29T10_34_27.473+09_00.html,2026-03-29T10_34_27.473+09_00.html,.html,18684,2026-07-10T01:06:00.589325
Keep,D:\Programs\追加アイディア\情報\pii-output\clean-dataset\Keep\2026-03-29T10_34_27.473+09_00.json,2026-03-29T10_34_27.473+09_00.json,.json,60538,2026-07-10T01:06:00.630486
Keep,D:\Programs\追加アイディア\情報\pii-output\clean-dataset\Keep\2026-03-29T10_34_53.486+09_00.html,2026-03-29T10_34_53.486+09_00.html,.html,17874,2026-07-10T01:06:00.674793
Keep,D:\Programs\追加アイディア\情報\pii-output\clean-dataset\Keep\2026-03-29T10_34_53.486+09_00.json,2026-03-29T10_34_53.486+09_00.json,.json,72548,2026-07-10T01:06:00.723209
Keep,D:\Programs\追加アイディア\情報\pii-output\clean-dataset\Keep\2026-03-29T10_35_21.165+09_00.html,2026-03-29T10_35_21.165+09_00.html,.html,21531,2026-07-10T01:06:00.768636
Keep,D:\Programs\追加アイディア\情報\pii-output\clean-dataset\Keep\2026-03-29T10_35_21.165+09_00.json,2026-03-29T10_35_21.165+09_00.json,.json,106913,2026-07-10T01:06:00.842974
Keep,D:\Programs\追加アイディア\情報\pii-output\clean-dataset\Keep\2026-03-29T10_36_10.365+09_00.html,2026-03-29T10_36_10.365+09_00.html,.html,19044,2026-07-10T01:06:00.888205
Keep,D:\Programs\追加アイディア\情報\pii-output\clean-dataset\Keep\2026-03-29T10_36_10.365+09_00.json,2026-03-29T10_36_10.365+09_00.json,.json,75343,2026-07-10T01:06:00.939778
Keep,D:\Programs\追加アイディア\情報\pii-output\clean-dataset\Keep\2026-03-29T10_36_12.353+09_00.html,2026-03-29T10_36_12.353+09_00.html,.html,18276,2026-07-10T01:06:00.984195
Keep,D:\Programs\追加アイディア\情報\pii-output\clean-dataset\Keep\2026-03-29T10_36_12.353+09_00.json,2026-03-29T10_36_12.353+09_00.json,.json,67619,2026-07-10T01:06:01.030188
Keep,D:\Programs\追加アイディア\情報\pii-output\clean-dataset\Keep\2026-03-29T10_37_08.677+09_00.html,2026-03-29T10_37_08.677+09_00.html,.html,18519,2026-07-10T01:06:01.061680
Keep,D:\Programs\追加アイディア\情報\pii-output\clean-dataset\Keep\2026-03-29T10_37_08.677+09_00.json,2026-03-29T10_37_08.677+09_00.json,.json,69381,2026-07-10T01:06:01.122939
Keep,D:\Programs\追加アイディア\情報\pii-output\clean-dataset\Keep\2026-03-29T10_37_11.073+09_00.html,2026-03-29T10_37_11.073+09_00.html,.html,18987,2026-07-10T01:06:01.153922
Keep,D:\Programs\追加アイディア\情報\pii-output\clean-dataset\Keep\2026-03-29T10_37_11.073+09_00.json,2026-03-29T10_37_11.073+09_00.json,.json,74245,2026-07-10T01:06:01.214125
Keep,D:\Programs\追加アイディア\情報\pii-output\clean-dataset\Keep\2026-03-29T10_37_38.940+09_00.html,2026-03-29T10_37_38.940+09_00.html,.html,19445,2026-07-10T01:06:01.247947
Keep,D:\Programs\追加アイディア\情報\pii-output\clean-dataset\Keep\2026-03-29T10_37_38.940+09_00.json,2026-03-29T10_37_38.940+09_00.json,.json,85544,2026-07-10T01:06:01.311526
Keep,D:\Programs\追加アイディア\情報\pii-output\clean-dataset\Keep\2026-03-29T10_38_37.076+09_00.html,2026-03-29T10_38_37.076+09_00.html,.html,19221,2026-07-10T01:06:01.359195
Keep,D:\Programs\追加アイディア\情報\pii-output\clean-dataset\Keep\2026-03-29T10_38_37.076+09_00.json,2026-03-29T10_38_37.076+09_00.json,.json,77353,2026-07-10T01:06:01.410338
Keep,D:\Programs\追加アイディア\情報\pii-output\clean-dataset\Keep\2026-03-29T10_39_43.190+09_00.html,2026-03-29T10_39_43.190+09_00.html,.html,19221,2026-07-10T01:06:01.455348
Keep,D:\Programs\追加アイディア\情報\pii-output\clean-dataset\Keep\2026-03-29T10_39_43.190+09_00.json,2026-03-29T10_39_43.190+09_00.json,.json,75584,2026-07-10T01:06:01.504327
Keep,D:\Programs\追加アイディア\情報\pii-output\clean-dataset\Keep\2026-03-29T10_41_50.403+09_00.html,2026-03-29T10_41_50.403+09_00.html,.html,19826,2026-07-10T01:06:01.548954
Keep,D:\Programs\追加アイディア\情報\pii-output\clean-dataset\Keep\2026-03-29T10_41_50.403+09_00.json,2026-03-29T10_41_50.403+09_00.json,.json,79833,2026-07-10T01:06:01.594815
Keep,D:\Programs\追加アイディア\情報\pii-output\clean-dataset\Keep\2026-03-29T10_41_53.553+09_00.html,2026-03-29T10_41_53.553+09_00.html,.html,16850,2026-07-10T01:06:01.642219
Keep,D:\Programs\追加アイディア\情報\pii-output\clean-dataset\Keep\2026-03-29T10_41_53.553+09_00.json,2026-03-29T10_41_53.553+09_00.json,.json,52588,2026-07-10T01:06:01.673928
Keep,D:\Programs\追加アイディア\情報\pii-output\clean-dataset\Keep\2026-03-29T10_42_32.617+09_00.html,2026-03-29T10_42_32.617+09_00.html,.html,17469,2026-07-10T01:06:01.721576
Keep,D:\Programs\追加アイディア\情報\pii-output\clean-dataset\Keep\2026-03-29T10_42_32.617+09_00.json,2026-03-29T10_42_32.617+09_00.json,.json,58618,2026-07-10T01:06:01.769773
Keep,D:\Programs\追加アイディア\情報\pii-output\clean-dataset\Keep\2026-03-29T10_42_57.528+09_00.html,2026-03-29T10_42_57.528+09_00.html,.html,17849,2026-07-10T01:06:01.817311
Keep,D:\Programs\追加アイディア\情報\pii-output\clean-dataset\Keep\2026-03-29T10_42_57.528+09_00.json,2026-03-29T10_42_57.528+09_00.json,.json,60042,2026-07-10T01:06:01.849138
Keep,D:\Programs\追加アイディア\情報\pii-output\clean-dataset\Keep\2026-03-29T10_43_44.678+09_00.html,2026-03-29T10_43_44.678+09_00.html,.html,18717,2026-07-10T01:06:01.897097
Keep,D:\Programs\追加アイディア\情報\pii-output\clean-dataset\Keep\2026-03-29T10_43_44.678+09_00.json,2026-03-29T10_43_44.678+09_00.json,.json,74894,2026-07-10T01:06:01.944670
Keep,D:\Programs\追加アイディア\情報\pii-output\clean-dataset\Keep\2026-03-29T10_45_35.047+09_00.html,2026-03-29T10_45_35.047+09_00.html,.html,19085,2026-07-10T01:06:01.992493
Keep,D:\Programs\追加アイディア\情報\pii-output\clean-dataset\Keep\2026-03-29T10_45_35.047+09_00.json,2026-03-29T10_45_35.047+09_00.json,.json,78386,2026-07-10T01:06:02.040281
Keep,D:\Programs\追加アイディア\情報\pii-output\clean-dataset\Keep\2026-03-29T10_46_43.649+09_00.html,2026-03-29T10_46_43.649+09_00.html,.html,17933,2026-07-10T01:06:02.091431
Keep,D:\Programs\追加アイディア\情報\pii-output\clean-dataset\Keep\2026-03-29T10_46_43.649+09_00.json,2026-03-29T10_46_43.649+09_00.json,.json,90219,2026-07-10T01:06:02.154672
Keep,D:\Programs\追加アイディア\情報\pii-output\clean-dataset\Keep\2026-03-29T11_50_11.859+09_00.html,2026-03-29T11_50_11.859+09_00.html,.html,17511,2026-07-10T01:06:02.198495
Keep,D:\Programs\追加アイディア\情報\pii-output\clean-dataset\Keep\2026-03-29T11_50_11.859+09_00.json,2026-03-29T11_50_11.859+09_00.json,.json,58347,2026-07-10T01:06:02.230149
Keep,D:\Programs\追加アイディア\情報\pii-output\clean-dataset\Keep\2026-03-29T16_27_49.907+09_00.html,2026-03-29T16_27_49.907+09_00.html,.html,11358,2026-07-10T01:06:02.261816
Keep,D:\Programs\追加アイディア\情報\pii-output\clean-dataset\Keep\2026-03-29T16_27_49.907+09_00.json,2026-03-29T16_27_49.907+09_00.json,.json,1176,2026-07-10T01:06:02.261816
Keep,D:\Programs\追加アイディア\情報\pii-output\clean-dataset\Keep\2026-03-30T08_27_08.535+09_00.html,2026-03-30T08_27_08.535+09_00.html,.html,14981,2026-07-10T01:06:02.309348
Keep,D:\Programs\追加アイディア\情報\pii-output\clean-dataset\Keep\2026-03-30T08_27_08.535+09_00.json,2026-03-30T08_27_08.535+09_00.json,.json,30361,2026-07-10T01:06:02.325391
Keep,D:\Programs\追加アイディア\情報\pii-output\clean-dataset\Keep\2026-03-30T10_54_22.220+09_00.html,2026-03-30T10_54_22.220+09_00.html,.html,16419,2026-07-10T01:06:02.372782
Keep,D:\Programs\追加アイディア\情報\pii-output\clean-dataset\Keep\2026-03-30T10_54_22.220+09_00.json,2026-03-30T10_54_22.220+09_00.json,.json,50617,2026-07-10T01:06:02.412785
Keep,D:\Programs\追加アイディア\情報\pii-output\clean-dataset\Keep\2026-03-30T10_59_40.254+09_00.html,2026-03-30T10_59_40.254+09_00.html,.html,16072,2026-07-10T01:06:02.451968
Keep,D:\Programs\追加アイディア\情報\pii-output\clean-dataset\Keep\2026-03-30T10_59_40.254+09_00.json,2026-03-30T10_59_40.254+09_00.json,.json,56053,2026-07-10T01:06:02.483525
Keep,D:\Programs\追加アイディア\情報\pii-output\clean-dataset\Keep\2026-03-30T13_53_04.666+09_00.html,2026-03-30T13_53_04.666+09_00.html,.html,24389,2026-07-10T01:06:02.531094
Keep,D:\Programs\追加アイディア\情報\pii-output\clean-dataset\Keep\2026-03-30T13_53_04.666+09_00.json,2026-03-30T13_53_04.666+09_00.json,.json,245427,2026-07-10T01:06:02.690395
Keep,D:\Programs\追加アイディア\情報\pii-output\clean-dataset\Keep\2026-03-30T13_53_30.132+09_00.html,2026-03-30T13_53_30.132+09_00.html,.html,16325,2026-07-10T01:06:02.738142
Keep,D:\Programs\追加アイディア\情報\pii-output\clean-dataset\Keep\2026-03-30T13_53_30.132+09_00.json,2026-03-30T13_53_30.132+09_00.json,.json,61550,2026-07-10T01:06:02.785701
Keep,D:\Programs\追加アイディア\情報\pii-output\clean-dataset\Keep\2026-03-30T13_53_39.563+09_00.html,2026-03-30T13_53_39.563+09_00.html,.html,14143,2026-07-10T01:06:02.830675
Keep,D:\Programs\追加アイディア\情報\pii-output\clean-dataset\Keep\2026-03-30T13_53_39.563+09_00.json,2026-03-30T13_53_39.563+09_00.json,.json,37511,2026-07-10T01:06:02.848631
Keep,D:\Programs\追加アイディア\情報\pii-output\clean-dataset\Keep\2026-03-30T18_26_45.186+09_00.html,2026-03-30T18_26_45.186+09_00.html,.html,20480,2026-07-10T01:06:02.902349
Keep,D:\Programs\追加アイディア\情報\pii-output\clean-dataset\Keep\2026-03-30T18_26_45.186+09_00.json,2026-03-30T18_26_45.186+09_00.json,.json,141896,2026-07-10T01:06:02.975878
Keep,D:\Programs\追加アイディア\情報\pii-output\clean-dataset\Keep\2026-03-30T19_35_54.636+09_00.html,2026-03-30T19_35_54.636+09_00.html,.html,31804,2026-07-10T01:06:03.039168
Keep,D:\Programs\追加アイディア\情報\pii-output\clean-dataset\Keep\2026-03-30T19_35_54.636+09_00.json,2026-03-30T19_35_54.636+09_00.json,.json,240883,2026-07-10T01:06:03.198729
Keep,D:\Programs\追加アイディア\情報\pii-output\clean-dataset\Keep\2026-03-30T20_42_08.114+09_00.html,2026-03-30T20_42_08.114+09_00.html,.html,19868,2026-07-10T01:06:03.247168
Keep,D:\Programs\追加アイディア\情報\pii-output\clean-dataset\Keep\2026-03-30T20_42_08.114+09_00.json,2026-03-30T20_42_08.114+09_00.json,.json,42138,2026-07-10T01:06:03.260918
Keep,D:\Programs\追加アイディア\情報\pii-output\clean-dataset\Keep\2026-03-30T22_40_34.470+09_00.html,2026-03-30T22_40_34.470+09_00.html,.html,16941,2026-07-10T01:06:03.308206
Keep,D:\Programs\追加アイディア\情報\pii-output\clean-dataset\Keep\2026-03-30T22_40_34.470+09_00.json,2026-03-30T22_40_34.470+09_00.json,.json,33608,2026-07-10T01:06:03.324004
Keep,D:\Programs\追加アイディア\情報\pii-output\clean-dataset\Keep\2026-03-30T22_51_14.517+09_00.html,2026-03-30T22_51_14.517+09_00.html,.html,13098,2026-07-10T01:06:03.379247
Keep,D:\Programs\追加アイディア\情報\pii-output\clean-dataset\Keep\2026-03-30T22_51_14.517+09_00.json,2026-03-30T22_51_14.517+09_00.json,.json,10712,2026-07-10T01:06:03.387864
Keep,D:\Programs\追加アイディア\情報\pii-output\clean-dataset\Keep\2026-03-31T07_19_32.894+09_00.html,2026-03-31T07_19_32.894+09_00.html,.html,21862,2026-07-10T01:06:03.419457
Keep,D:\Programs\追加アイディア\情報\pii-output\clean-dataset\Keep\2026-03-31T07_19_32.894+09_00.json,2026-03-31T07_19_32.894+09_00.json,.json,113860,2026-07-10T01:06:03.498268
Keep,D:\Programs\追加アイディア\情報\pii-output\clean-dataset\Keep\2026-03-31T07_30_52.555+09_00.html,2026-03-31T07_30_52.555+09_00.html,.html,15989,2026-07-10T01:06:03.545683
Keep,D:\Programs\追加アイディア\情報\pii-output\clean-dataset\Keep\2026-03-31T07_30_52.555+09_00.json,2026-03-31T07_30_52.555+09_00.json,.json,57292,2026-07-10T01:06:03.586782
Keep,D:\Programs\追加アイディア\情報\pii-output\clean-dataset\Keep\2026-03-31T07_36_51.575+09_00.html,2026-03-31T07_36_51.575+09_00.html,.html,14800,2026-07-10T01:06:03.624435
Keep,D:\Programs\追加アイディア\情報\pii-output\clean-dataset\Keep\2026-03-31T07_36_51.575+09_00.json,2026-03-31T07_36_51.575+09_00.json,.json,42559,2026-07-10T01:06:03.657803
Keep,D:\Programs\追加アイディア\情報\pii-output\clean-dataset\Keep\2026-03-31T08_51_44.669+09_00.html,2026-03-31T08_51_44.669+09_00.html,.html,12206,2026-07-10T01:06:03.688198
Keep,D:\Programs\追加アイディア\情報\pii-output\clean-dataset\Keep\2026-03-31T08_51_44.669+09_00.json,2026-03-31T08_51_44.669+09_00.json,.json,8750,2026-07-10T01:06:03.704065
Keep,D:\Programs\追加アイディア\情報\pii-output\clean-dataset\Keep\2026-03-31T08_51_45.274+09_00.html,2026-03-31T08_51_45.274+09_00.html,.html,18941,2026-07-10T01:06:03.751362
Keep,D:\Programs\追加アイディア\情報\pii-output\clean-dataset\Keep\2026-03-31T08_51_45.274+09_00.json,2026-03-31T08_51_45.274+09_00.json,.json,89087,2026-07-10T01:06:03.815806
Keep,D:\Programs\追加アイディア\情報\pii-output\clean-dataset\Keep\2026-03-31T10_34_55.008+09_00.html,2026-03-31T10_34_55.008+09_00.html,.html,18605,2026-07-10T01:06:03.846460
Keep,D:\Programs\追加アイディア\情報\pii-output\clean-dataset\Keep\2026-03-31T10_34_55.008+09_00.json,2026-03-31T10_34_55.008+09_00.json,.json,73762,2026-07-10T01:06:03.894329
Keep,D:\Programs\追加アイディア\情報\pii-output\clean-dataset\Keep\2026-03-31T12_17_51.790+09_00.html,2026-03-31T12_17_51.790+09_00.html,.html,16476,2026-07-10T01:06:03.942172
Keep,D:\Programs\追加アイディア\情報\pii-output\clean-dataset\Keep\2026-03-31T12_17_51.790+09_00.json,2026-03-31T12_17_51.790+09_00.json,.json,57009,2026-07-10T01:06:03.989532
Keep,D:\Programs\追加アイディア\情報\pii-output\clean-dataset\Keep\2026-03-31T12_29_09.576+09_00.html,2026-03-31T12_29_09.576+09_00.html,.html,45282,2026-07-10T01:06:04.045162
Keep,D:\Programs\追加アイディア\情報\pii-output\clean-dataset\Keep\2026-03-31T12_29_09.576+09_00.json,2026-03-31T12_29_09.576+09_00.json,.json,341776,2026-07-10T01:06:04.274582
Keep,D:\Programs\追加アイディア\情報\pii-output\clean-dataset\Keep\2026-03-31T12_31_17.463+09_00.html,2026-03-31T12_31_17.463+09_00.html,.html,20381,2026-07-10T01:06:04.321968
Keep,D:\Programs\追加アイディア\情報\pii-output\clean-dataset\Keep\2026-03-31T12_31_17.463+09_00.json,2026-03-31T12_31_17.463+09_00.json,.json,72406,2026-07-10T01:06:04.369662
Keep,D:\Programs\追加アイディア\情報\pii-output\clean-dataset\Keep\2026-03-31T12_41_09.441+09_00.html,2026-03-31T12_41_09.441+09_00.html,.html,32875,2026-07-10T01:06:04.417253
Keep,D:\Programs\追加アイディア\情報\pii-output\clean-dataset\Keep\2026-03-31T12_41_09.441+09_00.json,2026-03-31T12_41_09.441+09_00.json,.json,232121,2026-07-10T01:06:04.559059
Keep,D:\Programs\追加アイディア\情報\pii-output\clean-dataset\Keep\2026-03-31T12_42_20.161+09_00.html,2026-03-31T12_42_20.161+09_00.html,.html,34643,2026-07-10T01:06:04.624159
Keep,D:\Programs\追加アイディア\情報\pii-output\clean-dataset\Keep\2026-03-31T12_42_20.161+09_00.json,2026-03-31T12_42_20.161+09_00.json,.json,239942,2026-07-10T01:06:04.780293
Keep,D:\Programs\追加アイディア\情報\pii-output\clean-dataset\Keep\2026-03-31T12_48_23.156+09_00.html,2026-03-31T12_48_23.156+09_00.html,.html,24109,2026-07-10T01:06:04.818000
Keep,D:\Programs\追加アイディア\情報\pii-output\clean-dataset\Keep\2026-03-31T12_48_23.156+09_00.json,2026-03-31T12_48_23.156+09_00.json,.json,136360,2026-07-10T01:06:04.907071
Keep,D:\Programs\追加アイディア\情報\pii-output\clean-dataset\Keep\2026-03-31T12_55_39.335+09_00.html,2026-03-31T12_55_39.335+09_00.html,.html,23576,2026-07-10T01:06:04.954570
Keep,D:\Programs\追加アイディア\情報\pii-output\clean-dataset\Keep\2026-03-31T12_55_39.335+09_00.json,2026-03-31T12_55_39.335+09_00.json,.json,139722,2026-07-10T01:06:05.049507
Keep,D:\Programs\追加アイディア\情報\pii-output\clean-dataset\Keep\2026-03-31T17_32_40.595+09_00.html,2026-03-31T17_32_40.595+09_00.html,.html,12322,2026-07-10T01:06:05.096306
Keep,D:\Programs\追加アイディア\情報\pii-output\clean-dataset\Keep\2026-03-31T17_32_40.595+09_00.json,2026-03-31T17_32_40.595+09_00.json,.json,13823,2026-07-10T01:06:05.107359
Keep,D:\Programs\追加アイディア\情報\pii-output\clean-dataset\Keep\2026-03-31T18_37_13.066+09_00.html,2026-03-31T18_37_13.066+09_00.html,.html,38407,2026-07-10T01:06:05.158803
Keep,D:\Programs\追加アイディア\情報\pii-output\clean-dataset\Keep\2026-03-31T18_37_13.066+09_00.json,2026-03-31T18_37_13.066+09_00.json,.json,287978,2026-07-10T01:06:05.349482
Keep,D:\Programs\追加アイディア\情報\pii-output\clean-dataset\Keep\2026-03-31T18_46_15.879+09_00.html,2026-03-31T18_46_15.879+09_00.html,.html,33387,2026-07-10T01:06:05.396713
Keep,D:\Programs\追加アイディア\情報\pii-output\clean-dataset\Keep\2026-03-31T18_46_15.879+09_00.json,2026-03-31T18_46_15.879+09_00.json,.json,226427,2026-07-10T01:06:05.556034
Keep,D:\Programs\追加アイディア\情報\pii-output\clean-dataset\Keep\2026-03-31T18_52_27.276+09_00.html,2026-03-31T18_52_27.276+09_00.html,.html,16190,2026-07-10T01:06:05.602314
Keep,D:\Programs\追加アイディア\情報\pii-output\clean-dataset\Keep\2026-03-31T18_52_27.276+09_00.json,2026-03-31T18_52_27.276+09_00.json,.json,44517,2026-07-10T01:06:05.620155
Keep,D:\Programs\追加アイディア\情報\pii-output\clean-dataset\Keep\2026-03-31T18_54_26.465+09_00.html,2026-03-31T18_54_26.465+09_00.html,.html,16558,2026-07-10T01:06:05.665231
Keep,D:\Programs\追加アイディア\情報\pii-output\clean-dataset\Keep\2026-03-31T18_54_26.465+09_00.json,2026-03-31T18_54_26.465+09_00.json,.json,49537,2026-07-10T01:06:05.697027
Keep,D:\Programs\追加アイディア\情報\pii-output\clean-dataset\Keep\2026-03-31T19_41_26.934+09_00.html,2026-03-31T19_41_26.934+09_00.html,.html,42638,2026-07-10T01:06:05.745383
Keep,D:\Programs\追加アイディア\情報\pii-output\clean-dataset\Keep\2026-03-31T19_41_26.934+09_00.json,2026-03-31T19_41_26.934+09_00.json,.json,320295,2026-07-10T01:06:05.967637
Keep,D:\Programs\追加アイディア\情報\pii-output\clean-dataset\Keep\2026-03-31T19_44_27.785+09_00.html,2026-03-31T19_44_27.785+09_00.html,.html,31386,2026-07-10T01:06:06.021024
Keep,D:\Programs\追加アイディア\情報\pii-output\clean-dataset\Keep\2026-03-31T19_44_27.785+09_00.json,2026-03-31T19_44_27.785+09_00.json,.json,199270,2026-07-10T01:06:06.149807
Keep,D:\Programs\追加アイディア\情報\pii-output\clean-dataset\Keep\2026-03-31T19_54_18.759+09_00.html,2026-03-31T19_54_18.759+09_00.html,.html,39977,2026-07-10T01:06:06.189311
Keep,D:\Programs\追加アイディア\情報\pii-output\clean-dataset\Keep\2026-03-31T19_54_18.759+09_00.json,2026-03-31T19_54_18.759+09_00.json,.json,304219,2026-07-10T01:06:06.393766
Keep,D:\Programs\追加アイディア\情報\pii-output\clean-dataset\Keep\2026-03-31T20_51_28.679+09_00.html,2026-03-31T20_51_28.679+09_00.html,.html,39481,2026-07-10T01:06:06.441405
Keep,D:\Programs\追加アイディア\情報\pii-output\clean-dataset\Keep\2026-03-31T20_51_28.679+09_00.json,2026-03-31T20_51_28.679+09_00.json,.json,285066,2026-07-10T01:06:06.631536
Keep,D:\Programs\追加アイディア\情報\pii-output\clean-dataset\Keep\2026-03-31T20_52_23.574+09_00.html,2026-03-31T20_52_23.574+09_00.html,.html,17688,2026-07-10T01:06:06.679152
Keep,D:\Programs\追加アイディア\情報\pii-output\clean-dataset\Keep\2026-03-31T20_52_23.574+09_00.json,2026-03-31T20_52_23.574+09_00.json,.json,67416,2026-07-10T01:06:06.726474
Keep,D:\Programs\追加アイディア\情報\pii-output\clean-dataset\Keep\2026-03-31T20_58_34.649+09_00.html,2026-03-31T20_58_34.649+09_00.html,.html,39151,2026-07-10T01:06:06.773794
Keep,D:\Programs\追加アイディア\情報\pii-output\clean-dataset\Keep\2026-03-31T20_58_34.649+09_00.json,2026-03-31T20_58_34.649+09_00.json,.json,283252,2026-07-10T01:06:06.963959
Keep,D:\Programs\追加アイディア\情報\pii-output\clean-dataset\Keep\2026-03-31T21_00_01.834+09_00.html,2026-03-31T21_00_01.834+09_00.html,.html,27109,2026-07-10T01:06:07.011278
Keep,D:\Programs\追加アイディア\情報\pii-output\clean-dataset\Keep\2026-03-31T21_00_01.834+09_00.json,2026-03-31T21_00_01.834+09_00.json,.json,168244,2026-07-10T01:06:07.122083
Keep,D:\Programs\追加アイディア\情報\pii-output\clean-dataset\Keep\2026-03-31T21_19_34.272+09_00.html,2026-03-31T21_19_34.272+09_00.html,.html,12588,2026-07-10T01:06:07.169946
Keep,D:\Programs\追加アイディア\情報\pii-output\clean-dataset\Keep\2026-03-31T21_19_34.272+09_00.json,2026-03-31T21_19_34.272+09_00.json,.json,12722,2026-07-10T01:06:07.180523
Keep,D:\Programs\追加アイディア\情報\pii-output\clean-dataset\Keep\2026-03-31T22_18_31.673+09_00.html,2026-03-31T22_18_31.673+09_00.html,.html,15455,2026-07-10T01:06:07.223723
Keep,D:\Programs\追加アイディア\情報\pii-output\clean-dataset\Keep\2026-03-31T22_18_31.673+09_00.json,2026-03-31T22_18_31.673+09_00.json,.json,35335,2026-07-10T01:06:07.249181
Keep,D:\Programs\追加アイディア\情報\pii-output\clean-dataset\Keep\2026-03-31T22_18_35.406+09_00.html,2026-03-31T22_18_35.406+09_00.html,.html,14214,2026-07-10T01:06:07.297031
Keep,D:\Programs\追加アイディア\情報\pii-output\clean-dataset\Keep\2026-03-31T22_18_35.406+09_00.json,2026-03-31T22_18_35.406+09_00.json,.json,25247,2026-07-10T01:06:07.312851
Keep,D:\Programs\追加アイディア\情報\pii-output\clean-dataset\Keep\2026-03-31T22_49_01.628+09_00.html,2026-03-31T22_49_01.628+09_00.html,.html,16700,2026-07-10T01:06:07.360168
Keep,D:\Programs\追加アイディア\情報\pii-output\clean-dataset\Keep\2026-03-31T22_49_01.628+09_00.json,2026-03-31T22_49_01.628+09_00.json,.json,43868,2026-07-10T01:06:07.375964
Keep,D:\Programs\追加アイディア\情報\pii-output\clean-dataset\Keep\2026-04-01T12_06_21.493+09_00.html,2026-04-01T12_06_21.493+09_00.html,.html,45897,2026-07-10T01:06:07.439015
Keep,D:\Programs\追加アイディア\情報\pii-output\clean-dataset\Keep\2026-04-01T12_06_21.493+09_00.json,2026-04-01T12_06_21.493+09_00.json,.json,363703,2026-07-10T01:06:07.690902
Keep,D:\Programs\追加アイディア\情報\pii-output\clean-dataset\Keep\2026-04-01T12_09_34.721+09_00.html,2026-04-01T12_09_34.721+09_00.html,.html,40031,2026-07-10T01:06:07.739538
Keep,D:\Programs\追加アイディア\情報\pii-output\clean-dataset\Keep\2026-04-01T12_09_34.721+09_00.json,2026-04-01T12_09_34.721+09_00.json,.json,296985,2026-07-10T01:06:07.960384
Keep,D:\Programs\追加アイディア\情報\pii-output\clean-dataset\Keep\2026-04-01T12_14_15.106+09_00.html,2026-04-01T12_14_15.106+09_00.html,.html,36087,2026-07-10T01:06:08.016342
Keep,D:\Programs\追加アイディア\情報\pii-output\clean-dataset\Keep\2026-04-01T12_14_15.106+09_00.json,2026-04-01T12_14_15.106+09_00.json,.json,264120,2026-07-10T01:06:08.200614
Keep,D:\Programs\追加アイディア\情報\pii-output\clean-dataset\Keep\2026-04-01T17_43_45.489+09_00.html,2026-04-01T17_43_45.489+09_00.html,.html,42040,2026-07-10T01:06:08.258573
Keep,D:\Programs\追加アイディア\情報\pii-output\clean-dataset\Keep\2026-04-01T17_43_45.489+09_00.json,2026-04-01T17_43_45.489+09_00.json,.json,306300,2026-07-10T01:06:08.463992
Keep,D:\Programs\追加アイディア\情報\pii-output\clean-dataset\Keep\2026-04-01T18_42_30.536+09_00.html,2026-04-01T18_42_30.536+09_00.html,.html,34802,2026-07-10T01:06:08.527344
Keep,D:\Programs\追加アイディア\情報\pii-output\clean-dataset\Keep\2026-04-01T18_42_30.536+09_00.json,2026-04-01T18_42_30.536+09_00.json,.json,305033,2026-07-10T01:06:08.732487
Keep,D:\Programs\追加アイディア\情報\pii-output\clean-dataset\Keep\2026-04-01T18_59_42.332+09_00.html,2026-04-01T18_59_42.332+09_00.html,.html,39088,2026-07-10T01:06:08.779996
Keep,D:\Programs\追加アイディア\情報\pii-output\clean-dataset\Keep\2026-04-01T18_59_42.332+09_00.json,2026-04-01T18_59_42.332+09_00.json,.json,296030,2026-07-10T01:06:08.991319
Keep,D:\Programs\追加アイディア\情報\pii-output\clean-dataset\Keep\2026-04-01T19_00_48.214+09_00.html,2026-04-01T19_00_48.214+09_00.html,.html,42083,2026-07-10T01:06:09.047843
Keep,D:\Programs\追加アイディア\情報\pii-output\clean-dataset\Keep\2026-04-01T19_00_48.214+09_00.json,2026-04-01T19_00_48.214+09_00.json,.json,330585,2026-07-10T01:06:09.269706
Keep,D:\Programs\追加アイディア\情報\pii-output\clean-dataset\Keep\2026-04-01T19_00_56.485+09_00.html,2026-04-01T19_00_56.485+09_00.html,.html,43788,2026-07-10T01:06:09.333180
Keep,D:\Programs\追加アイディア\情報\pii-output\clean-dataset\Keep\2026-04-01T19_00_56.485+09_00.json,2026-04-01T19_00_56.485+09_00.json,.json,329199,2026-07-10T01:06:09.570266
Keep,D:\Programs\追加アイディア\情報\pii-output\clean-dataset\Keep\2026-04-01T19_01_30.093+09_00.html,2026-04-01T19_01_30.093+09_00.html,.html,36500,2026-07-10T01:06:09.623461
Keep,D:\Programs\追加アイディア\情報\pii-output\clean-dataset\Keep\2026-04-01T19_01_30.093+09_00.json,2026-04-01T19_01_30.093+09_00.json,.json,249981,2026-07-10T01:06:09.787058
Keep,D:\Programs\追加アイディア\情報\pii-output\clean-dataset\Keep\2026-04-01T19_02_33.932+09_00.html,2026-04-01T19_02_33.932+09_00.html,.html,40731,2026-07-10T01:06:09.844544
Keep,D:\Programs\追加アイディア\情報\pii-output\clean-dataset\Keep\2026-04-01T19_02_33.932+09_00.json,2026-04-01T19_02_33.932+09_00.json,.json,293900,2026-07-10T01:06:10.037378
Keep,D:\Programs\追加アイディア\情報\pii-output\clean-dataset\Keep\2026-04-01T19_02_41.705+09_00.html,2026-04-01T19_02_41.705+09_00.html,.html,19987,2026-07-10T01:06:10.082853
Keep,D:\Programs\追加アイディア\情報\pii-output\clean-dataset\Keep\2026-04-01T19_02_41.705+09_00.json,2026-04-01T19_02_41.705+09_00.json,.json,91082,2026-07-10T01:06:10.143026
Keep,D:\Programs\追加アイディア\情報\pii-output\clean-dataset\Keep\2026-04-01T19_03_21.567+09_00.html,2026-04-01T19_03_21.567+09_00.html,.html,42053,2026-07-10T01:06:10.199716
Keep,D:\Programs\追加アイディア\情報\pii-output\clean-dataset\Keep\2026-04-01T19_03_21.567+09_00.json,2026-04-01T19_03_21.567+09_00.json,.json,335442,2026-07-10T01:06:10.428048
Keep,D:\Programs\追加アイディア\情報\pii-output\clean-dataset\Keep\2026-04-01T19_03_34.514+09_00.html,2026-04-01T19_03_34.514+09_00.html,.html,40211,2026-07-10T01:06:10.479250
Keep,D:\Programs\追加アイディア\情報\pii-output\clean-dataset\Keep\2026-04-01T19_03_34.514+09_00.json,2026-04-01T19_03_34.514+09_00.json,.json,244252,2026-07-10T01:06:10.634457
Keep,D:\Programs\追加アイディア\情報\pii-output\clean-dataset\Keep\2026-04-01T19_03_42.900+09_00.html,2026-04-01T19_03_42.900+09_00.html,.html,39520,2026-07-10T01:06:10.688083
Keep,D:\Programs\追加アイディア\情報\pii-output\clean-dataset\Keep\2026-04-01T19_03_42.900+09_00.json,2026-04-01T19_03_42.900+09_00.json,.json,288698,2026-07-10T01:06:10.880527
Keep,D:\Programs\追加アイディア\情報\pii-output\clean-dataset\Keep\2026-04-01T19_04_07.299+09_00.html,2026-04-01T19_04_07.299+09_00.html,.html,20398,2026-07-10T01:06:10.928252
Keep,D:\Programs\追加アイディア\情報\pii-output\clean-dataset\Keep\2026-04-01T19_04_07.299+09_00.json,2026-04-01T19_04_07.299+09_00.json,.json,110320,2026-07-10T01:06:10.994709
Keep,D:\Programs\追加アイディア\情報\pii-output\clean-dataset\Keep\2026-04-01T20_49_13.200+09_00.html,2026-04-01T20_49_13.200+09_00.html,.html,26056,2026-07-10T01:06:11.041985
Keep,D:\Programs\追加アイディア\情報\pii-output\clean-dataset\Keep\2026-04-01T20_49_13.200+09_00.json,2026-04-01T20_49_13.200+09_00.json,.json,174874,2026-07-10T01:06:11.176454
Keep,D:\Programs\追加アイディア\情報\pii-output\clean-dataset\Keep\2026-04-01T20_49_13.208+09_00.html,2026-04-01T20_49_13.208+09_00.html,.html,17900,2026-07-10T01:06:11.215959
Keep,D:\Programs\追加アイディア\情報\pii-output\clean-dataset\Keep\2026-04-01T20_49_13.208+09_00.json,2026-04-01T20_49_13.208+09_00.json,.json,35814,2026-07-10T01:06:11.231687
Keep,D:\Programs\追加アイディア\情報\pii-output\clean-dataset\Keep\2026-04-01T21_14_39.988+09_00.html,2026-04-01T21_14_39.988+09_00.html,.html,16690,2026-07-10T01:06:11.279179
Keep,D:\Programs\追加アイディア\情報\pii-output\clean-dataset\Keep\2026-04-01T21_14_39.988+09_00.json,2026-04-01T21_14_39.988+09_00.json,.json,33607,2026-07-10T01:06:11.310720
Keep,D:\Programs\追加アイディア\情報\pii-output\clean-dataset\Keep\2026-04-01T21_16_23.637+09_00.html,2026-04-01T21_16_23.637+09_00.html,.html,14123,2026-07-10T01:06:11.342382
Keep,D:\Programs\追加アイディア\情報\pii-output\clean-dataset\Keep\2026-04-01T21_16_23.637+09_00.json,2026-04-01T21_16_23.637+09_00.json,.json,20400,2026-07-10T01:06:11.358286
Keep,D:\Programs\追加アイディア\情報\pii-output\clean-dataset\Keep\2026-04-01T21_18_28.830+09_00.html,2026-04-01T21_18_28.830+09_00.html,.html,13329,2026-07-10T01:06:11.415298
Keep,D:\Programs\追加アイディア\情報\pii-output\clean-dataset\Keep\2026-04-01T21_18_28.830+09_00.json,2026-04-01T21_18_28.830+09_00.json,.json,15682,2026-07-10T01:06:11.426104
Keep,D:\Programs\追加アイディア\情報\pii-output\clean-dataset\Keep\2026-04-01T21_19_09.977+09_00.html,2026-04-01T21_19_09.977+09_00.html,.html,15288,2026-07-10T01:06:11.471333
Keep,D:\Programs\追加アイディア\情報\pii-output\clean-dataset\Keep\2026-04-01T21_19_09.977+09_00.json,2026-04-01T21_19_09.977+09_00.json,.json,31138,2026-07-10T01:06:11.485011
Keep,D:\Programs\追加アイディア\情報\pii-output\clean-dataset\Keep\2026-04-01T21_38_28.904+09_00.html,2026-04-01T21_38_28.904+09_00.html,.html,17533,2026-07-10T01:06:11.532502
Keep,D:\Programs\追加アイディア\情報\pii-output\clean-dataset\Keep\2026-04-01T21_38_28.904+09_00.json,2026-04-01T21_38_28.904+09_00.json,.json,39318,2026-07-10T01:06:11.548527
Keep,D:\Programs\追加アイディア\情報\pii-output\clean-dataset\Keep\2026-04-01T21_48_50.609+09_00.html,2026-04-01T21_48_50.609+09_00.html,.html,16870,2026-07-10T01:06:11.608619
Keep,D:\Programs\追加アイディア\情報\pii-output\clean-dataset\Keep\2026-04-01T21_48_50.609+09_00.json,2026-04-01T21_48_50.609+09_00.json,.json,30166,2026-07-10T01:06:11.629759
Keep,D:\Programs\追加アイディア\情報\pii-output\clean-dataset\Keep\2026-04-01T21_53_52.083+09_00.html,2026-04-01T21_53_52.083+09_00.html,.html,16737,2026-07-10T01:06:11.672158
Keep,D:\Programs\追加アイディア\情報\pii-output\clean-dataset\Keep\2026-04-01T21_53_52.083+09_00.json,2026-04-01T21_53_52.083+09_00.json,.json,26337,2026-07-10T01:06:11.688309
Keep,D:\Programs\追加アイディア\情報\pii-output\clean-dataset\Keep\2026-04-01T22_09_45.052+09_00.html,2026-04-01T22_09_45.052+09_00.html,.html,13424,2026-07-10T01:06:11.732605
Keep,D:\Programs\追加アイディア\情報\pii-output\clean-dataset\Keep\2026-04-01T22_09_45.052+09_00.json,2026-04-01T22_09_45.052+09_00.json,.json,12147,2026-07-10T01:06:11.740707
Keep,D:\Programs\追加アイディア\情報\pii-output\clean-dataset\Keep\2026-04-01T22_12_53.801+09_00.html,2026-04-01T22_12_53.801+09_00.html,.html,13857,2026-07-10T01:06:11.784956
Keep,D:\Programs\追加アイディア\情報\pii-output\clean-dataset\Keep\2026-04-01T22_12_53.801+09_00.json,2026-04-01T22_12_53.801+09_00.json,.json,16535,2026-07-10T01:06:11.796071
Keep,D:\Programs\追加アイディア\情報\pii-output\clean-dataset\Keep\2026-04-01T22_55_47.594+09_00.html,2026-04-01T22_55_47.594+09_00.html,.html,16734,2026-07-10T01:06:11.842445
Keep,D:\Programs\追加アイディア\情報\pii-output\clean-dataset\Keep\2026-04-01T22_55_47.594+09_00.json,2026-04-01T22_55_47.594+09_00.json,.json,29521,2026-07-10T01:06:11.861610
Keep,D:\Programs\追加アイディア\情報\pii-output\clean-dataset\Keep\2026-04-02T07_07_47.893+09_00.html,2026-04-02T07_07_47.893+09_00.html,.html,16688,2026-07-10T01:06:11.914664
Keep,D:\Programs\追加アイディア\情報\pii-output\clean-dataset\Keep\2026-04-02T07_07_47.893+09_00.json,2026-04-02T07_07_47.893+09_00.json,.json,38481,2026-07-10T01:06:11.941815
Keep,D:\Programs\追加アイディア\情報\pii-output\clean-dataset\Keep\2026-04-02T18_10_01.669+09_00.html,2026-04-02T18_10_01.669+09_00.html,.html,18704,2026-07-10T01:06:11.989208
Keep,D:\Programs\追加アイディア\情報\pii-output\clean-dataset\Keep\2026-04-02T18_10_01.669+09_00.json,2026-04-02T18_10_01.669+09_00.json,.json,38699,2026-07-10T01:06:12.010282
Keep,D:\Programs\追加アイディア\情報\pii-output\clean-dataset\Keep\2026-04-02T18_46_06.486+09_00.html,2026-04-02T18_46_06.486+09_00.html,.html,13196,2026-07-10T01:06:12.056134
Keep,D:\Programs\追加アイディア\情報\pii-output\clean-dataset\Keep\2026-04-02T18_46_06.486+09_00.json,2026-04-02T18_46_06.486+09_00.json,.json,14797,2026-07-10T01:06:12.066164
Keep,D:\Programs\追加アイディア\情報\pii-output\clean-dataset\Keep\2026-04-02T18_47_22.852+09_00.html,2026-04-02T18_47_22.852+09_00.html,.html,21867,2026-07-10T01:06:12.115618
Keep,D:\Programs\追加アイディア\情報\pii-output\clean-dataset\Keep\2026-04-02T18_47_22.852+09_00.json,2026-04-02T18_47_22.852+09_00.json,.json,50733,2026-07-10T01:06:12.145916
Keep,D:\Programs\追加アイディア\情報\pii-output\clean-dataset\Keep\2026-04-02T19_06_03.637+09_00.html,2026-04-02T19_06_03.637+09_00.html,.html,21755,2026-07-10T01:06:12.195947
Keep,D:\Programs\追加アイディア\情報\pii-output\clean-dataset\Keep\2026-04-02T19_06_03.637+09_00.json,2026-04-02T19_06_03.637+09_00.json,.json,94339,2026-07-10T01:06:12.257339
Keep,D:\Programs\追加アイディア\情報\pii-output\clean-dataset\Keep\2026-04-02T20_42_44.059+09_00.html,2026-04-02T20_42_44.059+09_00.html,.html,13896,2026-07-10T01:06:12.302989
Keep,D:\Programs\追加アイディア\情報\pii-output\clean-dataset\Keep\2026-04-02T20_42_44.059+09_00.json,2026-04-02T20_42_44.059+09_00.json,.json,22995,2026-07-10T01:06:12.319148
Keep,D:\Programs\追加アイディア\情報\pii-output\clean-dataset\Keep\2026-04-02T21_13_57.110+09_00.html,2026-04-02T21_13_57.110+09_00.html,.html,11716,2026-07-10T01:06:12.363450
Keep,D:\Programs\追加アイディア\情報\pii-output\clean-dataset\Keep\2026-04-02T21_13_57.110+09_00.json,2026-04-02T21_13_57.110+09_00.json,.json,5326,2026-07-10T01:06:12.367614
Keep,D:\Programs\追加アイディア\情報\pii-output\clean-dataset\Keep\2026-04-02T21_30_41.838+09_00.html,2026-04-02T21_30_41.838+09_00.html,.html,13064,2026-07-10T01:06:12.414021
Keep,D:\Programs\追加アイディア\情報\pii-output\clean-dataset\Keep\2026-04-02T21_30_41.838+09_00.json,2026-04-02T21_30_41.838+09_00.json,.json,9154,2026-07-10T01:06:12.420177
Keep,D:\Programs\追加アイディア\情報\pii-output\clean-dataset\Keep\2026-04-03T22_42_50.350+09_00.html,2026-04-03T22_42_50.350+09_00.html,.html,19005,2026-07-10T01:06:12.465885
Keep,D:\Programs\追加アイディア\情報\pii-output\clean-dataset\Keep\2026-04-03T22_42_50.350+09_00.json,2026-04-03T22_42_50.350+09_00.json,.json,45788,2026-07-10T01:06:12.491146
Keep,D:\Programs\追加アイディア\情報\pii-output\clean-dataset\Keep\2026-04-03T22_44_51.142+09_00.html,2026-04-03T22_44_51.142+09_00.html,.html,17783,2026-07-10T01:06:12.536473
Keep,D:\Programs\追加アイディア\情報\pii-output\clean-dataset\Keep\2026-04-03T22_44_51.142+09_00.json,2026-04-03T22_44_51.142+09_00.json,.json,34264,2026-07-10T01:06:12.555633
Keep,D:\Programs\追加アイディア\情報\pii-output\clean-dataset\Keep\2026-04-03T22_44_51.843+09_00.html,2026-04-03T22_44_51.843+09_00.html,.html,17534,2026-07-10T01:06:12.592943
Keep,D:\Programs\追加アイディア\情報\pii-output\clean-dataset\Keep\2026-04-03T22_44_51.843+09_00.json,2026-04-03T22_44_51.843+09_00.json,.json,36096,2026-07-10T01:06:12.620528
Keep,D:\Programs\追加アイディア\情報\pii-output\clean-dataset\Keep\2026-04-03T22_45_28.820+09_00.html,2026-04-03T22_45_28.820+09_00.html,.html,42123,2026-07-10T01:06:12.670346
Keep,D:\Programs\追加アイディア\情報\pii-output\clean-dataset\Keep\2026-04-03T22_45_28.820+09_00.json,2026-04-03T22_45_28.820+09_00.json,.json,190142,2026-07-10T01:06:12.781040
Keep,D:\Programs\追加アイディア\情報\pii-output\clean-dataset\Keep\2026-04-03T22_56_28.934+09_00.html,2026-04-03T22_56_28.934+09_00.html,.html,12720,2026-07-10T01:06:12.836992
Keep,D:\Programs\追加アイディア\情報\pii-output\clean-dataset\Keep\2026-04-03T22_56_28.934+09_00.json,2026-04-03T22_56_28.934+09_00.json,.json,7972,2026-07-10T01:06:12.838996
Keep,D:\Programs\追加アイディア\情報\pii-output\clean-dataset\Keep\2026-04-04T00_12_33.620+09_00.html,2026-04-04T00_12_33.620+09_00.html,.html,13269,2026-07-10T01:06:12.877008
Keep,D:\Programs\追加アイディア\情報\pii-output\clean-dataset\Keep\2026-04-04T00_12_33.620+09_00.json,2026-04-04T00_12_33.620+09_00.json,.json,10548,2026-07-10T01:06:12.896338
Keep,D:\Programs\追加アイディア\情報\pii-output\clean-dataset\Keep\2026-04-04T00_12_48.393+09_00.html,2026-04-04T00_12_48.393+09_00.html,.html,46158,2026-07-10T01:06:12.940133
Keep,D:\Programs\追加アイディア\情報\pii-output\clean-dataset\Keep\2026-04-04T00_12_48.393+09_00.json,2026-04-04T00_12_48.393+09_00.json,.json,205689,2026-07-10T01:06:13.067195
Keep,D:\Programs\追加アイディア\情報\pii-output\clean-dataset\Keep\2026-04-04T00_13_50.132+09_00.html,2026-04-04T00_13_50.132+09_00.html,.html,15776,2026-07-10T01:06:13.122988
Keep,D:\Programs\追加アイディア\情報\pii-output\clean-dataset\Keep\2026-04-04T00_13_50.132+09_00.json,2026-04-04T00_13_50.132+09_00.json,.json,26721,2026-07-10T01:06:13.138758
Keep,D:\Programs\追加アイディア\情報\pii-output\clean-dataset\Keep\2026-04-04T22_58_27.756+09_00.html,2026-04-04T22_58_27.756+09_00.html,.html,17128,2026-07-10T01:06:13.178617
Keep,D:\Programs\追加アイディア\情報\pii-output\clean-dataset\Keep\2026-04-04T22_58_27.756+09_00.json,2026-04-04T22_58_27.756+09_00.json,.json,52075,2026-07-10T01:06:13.210208
Keep,D:\Programs\追加アイディア\情報\pii-output\clean-dataset\Keep\2026-04-04T22_58_28.273+09_00.html,2026-04-04T22_58_28.273+09_00.html,.html,16529,2026-07-10T01:06:13.258038
Keep,D:\Programs\追加アイディア\情報\pii-output\clean-dataset\Keep\2026-04-04T22_58_28.273+09_00.json,2026-04-04T22_58_28.273+09_00.json,.json,54841,2026-07-10T01:06:13.289934
Keep,D:\Programs\追加アイディア\情報\pii-output\clean-dataset\Keep\2026-04-04T23_01_33.071+09_00.html,2026-04-04T23_01_33.071+09_00.html,.html,17207,2026-07-10T01:06:13.337568
Keep,D:\Programs\追加アイディア\情報\pii-output\clean-dataset\Keep\2026-04-04T23_01_33.071+09_00.json,2026-04-04T23_01_33.071+09_00.json,.json,62784,2026-07-10T01:06:13.369348
Keep,D:\Programs\追加アイディア\情報\pii-output\clean-dataset\Keep\2026-04-04T23_02_56.231+09_00.html,2026-04-04T23_02_56.231+09_00.html,.html,16557,2026-07-10T01:06:13.417269
Keep,D:\Programs\追加アイディア\情報\pii-output\clean-dataset\Keep\2026-04-04T23_02_56.231+09_00.json,2026-04-04T23_02_56.231+09_00.json,.json,56405,2026-07-10T01:06:13.448777
Keep,D:\Programs\追加アイディア\情報\pii-output\clean-dataset\Keep\2026-04-04T23_02_57.520+09_00.html,2026-04-04T23_02_57.520+09_00.html,.html,16479,2026-07-10T01:06:13.496247
Keep,D:\Programs\追加アイディア\情報\pii-output\clean-dataset\Keep\2026-04-04T23_02_57.520+09_00.json,2026-04-04T23_02_57.520+09_00.json,.json,53522,2026-07-10T01:06:13.532346
Keep,D:\Programs\追加アイディア\情報\pii-output\clean-dataset\Keep\2026-04-04T23_03_01.239+09_00.html,2026-04-04T23_03_01.239+09_00.html,.html,16247,2026-07-10T01:06:13.575660
Keep,D:\Programs\追加アイディア\情報\pii-output\clean-dataset\Keep\2026-04-04T23_03_01.239+09_00.json,2026-04-04T23_03_01.239+09_00.json,.json,49596,2026-07-10T01:06:13.607331
Keep,D:\Programs\追加アイディア\情報\pii-output\clean-dataset\Keep\2026-04-04T23_30_43.546+09_00.html,2026-04-04T23_30_43.546+09_00.html,.html,14117,2026-07-10T01:06:13.659141
Keep,D:\Programs\追加アイディア\情報\pii-output\clean-dataset\Keep\2026-04-04T23_30_43.546+09_00.json,2026-04-04T23_30_43.546+09_00.json,.json,17111,2026-07-10T01:06:13.659141
Keep,D:\Programs\追加アイディア\情報\pii-output\clean-dataset\Keep\2026-04-04T23_51_00.282+09_00.html,2026-04-04T23_51_00.282+09_00.html,.html,13813,2026-07-10T01:06:13.702370
Keep,D:\Programs\追加アイディア\情報\pii-output\clean-dataset\Keep\2026-04-04T23_51_00.282+09_00.json,2026-04-04T23_51_00.282+09_00.json,.json,18435,2026-07-10T01:06:13.718211
Keep,D:\Programs\追加アイディア\情報\pii-output\clean-dataset\Keep\2026-04-04T23_53_41.909+09_00.html,2026-04-04T23_53_41.909+09_00.html,.html,12945,2026-07-10T01:06:13.767628
Keep,D:\Programs\追加アイディア\情報\pii-output\clean-dataset\Keep\2026-04-04T23_53_41.909+09_00.json,2026-04-04T23_53_41.909+09_00.json,.json,2478,2026-07-10T01:06:13.770750
Keep,D:\Programs\追加アイディア\情報\pii-output\clean-dataset\Keep\2026-04-05T12_55_29.466+09_00.html,2026-04-05T12_55_29.466+09_00.html,.html,17263,2026-07-10T01:06:13.818426
Keep,D:\Programs\追加アイディア\情報\pii-output\clean-dataset\Keep\2026-04-05T12_55_29.466+09_00.json,2026-04-05T12_55_29.466+09_00.json,.json,34473,2026-07-10T01:06:13.839200
Keep,D:\Programs\追加アイディア\情報\pii-output\clean-dataset\Keep\2026-04-05T13_51_11.906+09_00.html,2026-04-05T13_51_11.906+09_00.html,.html,13983,2026-07-10T01:06:13.885227
Keep,D:\Programs\追加アイディア\情報\pii-output\clean-dataset\Keep\2026-04-05T13_51_11.906+09_00.json,2026-04-05T13_51_11.906+09_00.json,.json,14883,2026-07-10T01:06:13.892981
Keep,D:\Programs\追加アイディア\情報\pii-output\clean-dataset\Keep\2026-04-05T15_30_00.018+09_00.html,2026-04-05T15_30_00.018+09_00.html,.html,15400,2026-07-10T01:06:13.939745
Keep,D:\Programs\追加アイディア\情報\pii-output\clean-dataset\Keep\2026-04-05T15_30_00.018+09_00.json,2026-04-05T15_30_00.018+09_00.json,.json,21386,2026-07-10T01:06:13.951761
Keep,D:\Programs\追加アイディア\情報\pii-output\clean-dataset\Keep\2026-04-05T17_00_13.330+09_00.html,2026-04-05T17_00_13.330+09_00.html,.html,13060,2026-07-10T01:06:13.995748
Keep,D:\Programs\追加アイディア\情報\pii-output\clean-dataset\Keep\2026-04-05T17_00_13.330+09_00.json,2026-04-05T17_00_13.330+09_00.json,.json,8262,2026-07-10T01:06:14.001757
Keep,D:\Programs\追加アイディア\情報\pii-output\clean-dataset\Keep\2026-04-05T17_00_22.980+09_00.html,2026-04-05T17_00_22.980+09_00.html,.html,11699,2026-07-10T01:06:14.045004
Keep,D:\Programs\追加アイディア\情報\pii-output\clean-dataset\Keep\2026-04-05T17_00_22.980+09_00.json,2026-04-05T17_00_22.980+09_00.json,.json,2192,2026-07-10T01:06:14.047006
Keep,D:\Programs\追加アイディア\情報\pii-output\clean-dataset\Keep\2026-04-05T17_09_32.499+09_00.html,2026-04-05T17_09_32.499+09_00.html,.html,14480,2026-07-10T01:06:14.093512
Keep,D:\Programs\追加アイディア\情報\pii-output\clean-dataset\Keep\2026-04-05T17_09_32.499+09_00.json,2026-04-05T17_09_32.499+09_00.json,.json,17372,2026-07-10T01:06:14.103266
Keep,D:\Programs\追加アイディア\情報\pii-output\clean-dataset\Keep\2026-04-05T17_11_33.532+09_00.html,2026-04-05T17_11_33.532+09_00.html,.html,16672,2026-07-10T01:06:14.147765
Keep,D:\Programs\追加アイディア\情報\pii-output\clean-dataset\Keep\2026-04-05T17_11_33.532+09_00.json,2026-04-05T17_11_33.532+09_00.json,.json,30015,2026-07-10T01:06:14.165007
Keep,D:\Programs\追加アイディア\情報\pii-output\clean-dataset\Keep\2026-04-05T17_18_26.465+09_00.html,2026-04-05T17_18_26.465+09_00.html,.html,15643,2026-07-10T01:06:14.206010
Keep,D:\Programs\追加アイディア\情報\pii-output\clean-dataset\Keep\2026-04-05T17_18_26.465+09_00.json,2026-04-05T17_18_26.465+09_00.json,.json,25231,2026-07-10T01:06:14.227248
Keep,D:\Programs\追加アイディア\情報\pii-output\clean-dataset\Keep\2026-04-05T18_45_48.181+09_00.html,2026-04-05T18_45_48.181+09_00.html,.html,13449,2026-07-10T01:06:14.265385
Keep,D:\Programs\追加アイディア\情報\pii-output\clean-dataset\Keep\2026-04-05T18_45_48.181+09_00.json,2026-04-05T18_45_48.181+09_00.json,.json,10282,2026-07-10T01:06:14.265385
Keep,D:\Programs\追加アイディア\情報\pii-output\clean-dataset\Keep\2026-04-08T08_12_38.659+09_00.html,2026-04-08T08_12_38.659+09_00.html,.html,21625,2026-07-10T01:06:14.312840
Keep,D:\Programs\追加アイディア\情報\pii-output\clean-dataset\Keep\2026-04-08T08_12_38.659+09_00.json,2026-04-08T08_12_38.659+09_00.json,.json,82898,2026-07-10T01:06:14.378028
Keep,D:\Programs\追加アイディア\情報\pii-output\clean-dataset\Keep\2026-04-08T08_12_38.666+09_00.html,2026-04-08T08_12_38.666+09_00.html,.html,43395,2026-07-10T01:06:14.433018
Keep,D:\Programs\追加アイディア\情報\pii-output\clean-dataset\Keep\2026-04-08T08_12_38.666+09_00.json,2026-04-08T08_12_38.666+09_00.json,.json,293064,2026-07-10T01:06:14.613407
Keep,D:\Programs\追加アイディア\情報\pii-output\clean-dataset\Keep\2026-04-08T09_00_01.794+09_00.html,2026-04-08T09_00_01.794+09_00.html,.html,12300,2026-07-10T01:06:14.658438
Keep,D:\Programs\追加アイディア\情報\pii-output\clean-dataset\Keep\2026-04-08T09_00_01.794+09_00.json,2026-04-08T09_00_01.794+09_00.json,.json,7711,2026-07-10T01:06:14.664446
Keep,D:\Programs\追加アイディア\情報\pii-output\clean-dataset\Keep\2026-04-08T12_15_20.850+09_00.html,2026-04-08T12_15_20.850+09_00.html,.html,16474,2026-07-10T01:06:14.707153
Keep,D:\Programs\追加アイディア\情報\pii-output\clean-dataset\Keep\2026-04-08T12_15_20.850+09_00.json,2026-04-08T12_15_20.850+09_00.json,.json,54238,2026-07-10T01:06:14.736272
Keep,D:\Programs\追加アイディア\情報\pii-output\clean-dataset\Keep\2026-04-08T23_39_40.757+09_00.html,2026-04-08T23_39_40.757+09_00.html,.html,12997,2026-07-10T01:06:14.785475
Keep,D:\Programs\追加アイディア\情報\pii-output\clean-dataset\Keep\2026-04-08T23_39_40.757+09_00.json,2026-04-08T23_39_40.757+09_00.json,.json,10321,2026-07-10T01:06:14.785475
Keep,D:\Programs\追加アイディア\情報\pii-output\clean-dataset\Keep\2026-04-09T10_53_38.915+09_00.html,2026-04-09T10_53_38.915+09_00.html,.html,13073,2026-07-10T01:06:14.839431
Keep,D:\Programs\追加アイディア\情報\pii-output\clean-dataset\Keep\2026-04-09T10_53_38.915+09_00.json,2026-04-09T10_53_38.915+09_00.json,.json,9187,2026-07-10T01:06:14.839431
Keep,D:\Programs\追加アイディア\情報\pii-output\clean-dataset\Keep\2026-04-09T10_56_55.481+09_00.html,2026-04-09T10_56_55.481+09_00.html,.html,15685,2026-07-10T01:06:14.879481
Keep,D:\Programs\追加アイディア\情報\pii-output\clean-dataset\Keep\2026-04-09T10_56_55.481+09_00.json,2026-04-09T10_56_55.481+09_00.json,.json,30761,2026-07-10T01:06:14.910969
Keep,D:\Programs\追加アイディア\情報\pii-output\clean-dataset\Keep\2026-04-09T10_59_10.394+09_00.html,2026-04-09T10_59_10.394+09_00.html,.html,13651,2026-07-10T01:06:14.942511
Keep,D:\Programs\追加アイディア\情報\pii-output\clean-dataset\Keep\2026-04-09T10_59_10.394+09_00.json,2026-04-09T10_59_10.394+09_00.json,.json,15446,2026-07-10T01:06:14.958303
Keep,D:\Programs\追加アイディア\情報\pii-output\clean-dataset\Keep\2026-04-09T17_44_06.240+09_00.html,2026-04-09T17_44_06.240+09_00.html,.html,12982,2026-07-10T01:06:15.005506
Keep,D:\Programs\追加アイディア\情報\pii-output\clean-dataset\Keep\2026-04-09T17_44_06.240+09_00.json,2026-04-09T17_44_06.240+09_00.json,.json,10625,2026-07-10T01:06:15.005506
Keep,D:\Programs\追加アイディア\情報\pii-output\clean-dataset\Keep\2026-04-09T18_22_47.298+09_00.html,2026-04-09T18_22_47.298+09_00.html,.html,15632,2026-07-10T01:06:15.053054
Keep,D:\Programs\追加アイディア\情報\pii-output\clean-dataset\Keep\2026-04-09T18_22_47.298+09_00.json,2026-04-09T18_22_47.298+09_00.json,.json,32987,2026-07-10T01:06:15.068826
Keep,D:\Programs\追加アイディア\情報\pii-output\clean-dataset\Keep\2026-04-09T18_22_47.314+09_00.html,2026-04-09T18_22_47.314+09_00.html,.html,13290,2026-07-10T01:06:15.116120
Keep,D:\Programs\追加アイディア\情報\pii-output\clean-dataset\Keep\2026-04-09T18_22_47.314+09_00.json,2026-04-09T18_22_47.314+09_00.json,.json,17017,2026-07-10T01:06:15.131947
Keep,D:\Programs\追加アイディア\情報\pii-output\clean-dataset\Keep\2026-04-09T18_31_54.334+09_00.html,2026-04-09T18_31_54.334+09_00.html,.html,16744,2026-07-10T01:06:15.179137
Keep,D:\Programs\追加アイディア\情報\pii-output\clean-dataset\Keep\2026-04-09T18_31_54.334+09_00.json,2026-04-09T18_31_54.334+09_00.json,.json,45950,2026-07-10T01:06:15.210610
Keep,D:\Programs\追加アイディア\情報\pii-output\clean-dataset\Keep\2026-04-09T18_45_15.279+09_00.html,2026-04-09T18_45_15.279+09_00.html,.html,14565,2026-07-10T01:06:15.242101
Keep,D:\Programs\追加アイディア\情報\pii-output\clean-dataset\Keep\2026-04-09T18_45_15.279+09_00.json,2026-04-09T18_45_15.279+09_00.json,.json,26417,2026-07-10T01:06:15.257984
Keep,D:\Programs\追加アイディア\情報\pii-output\clean-dataset\Keep\2026-04-09T19_05_03.189+09_00.html,2026-04-09T19_05_03.189+09_00.html,.html,16289,2026-07-10T01:06:15.305400
Keep,D:\Programs\追加アイディア\情報\pii-output\clean-dataset\Keep\2026-04-09T19_05_03.189+09_00.json,2026-04-09T19_05_03.189+09_00.json,.json,49996,2026-07-10T01:06:15.336882
Keep,D:\Programs\追加アイディア\情報\pii-output\clean-dataset\Keep\2026-04-09T19_11_13.616+09_00.html,2026-04-09T19_11_13.616+09_00.html,.html,21177,2026-07-10T01:06:15.384802
Keep,D:\Programs\追加アイディア\情報\pii-output\clean-dataset\Keep\2026-04-09T19_11_13.616+09_00.json,2026-04-09T19_11_13.616+09_00.json,.json,89737,2026-07-10T01:06:15.448534
Keep,D:\Programs\追加アイディア\情報\pii-output\clean-dataset\Keep\2026-04-09T22_15_18.976+09_00.html,2026-04-09T22_15_18.976+09_00.html,.html,32061,2026-07-10T01:06:15.495890
Keep,D:\Programs\追加アイディア\情報\pii-output\clean-dataset\Keep\2026-04-09T22_15_18.976+09_00.json,2026-04-09T22_15_18.976+09_00.json,.json,179073,2026-07-10T01:06:15.606492
Keep,D:\Programs\追加アイディア\情報\pii-output\clean-dataset\Keep\2026-04-09T22_15_37.004+09_00.html,2026-04-09T22_15_37.004+09_00.html,.html,30622,2026-07-10T01:06:15.654179
Keep,D:\Programs\追加アイディア\情報\pii-output\clean-dataset\Keep\2026-04-09T22_15_37.004+09_00.json,2026-04-09T22_15_37.004+09_00.json,.json,192873,2026-07-10T01:06:15.783752
Keep,D:\Programs\追加アイディア\情報\pii-output\clean-dataset\Keep\2026-04-09T22_15_52.004+09_00.html,2026-04-09T22_15_52.004+09_00.html,.html,37589,2026-07-10T01:06:15.843442
Keep,D:\Programs\追加アイディア\情報\pii-output\clean-dataset\Keep\2026-04-09T22_15_52.004+09_00.json,2026-04-09T22_15_52.004+09_00.json,.json,334234,2026-07-10T01:06:16.064722
Keep,D:\Programs\追加アイディア\情報\pii-output\clean-dataset\Keep\2026-04-09T22_16_08.394+09_00.html,2026-04-09T22_16_08.394+09_00.html,.html,28480,2026-07-10T01:06:16.112033
Keep,D:\Programs\追加アイディア\情報\pii-output\clean-dataset\Keep\2026-04-09T22_16_08.394+09_00.json,2026-04-09T22_16_08.394+09_00.json,.json,205430,2026-07-10T01:06:16.242543
Keep,D:\Programs\追加アイディア\情報\pii-output\clean-dataset\Keep\2026-04-09T22_16_22.015+09_00.html,2026-04-09T22_16_22.015+09_00.html,.html,33567,2026-07-10T01:06:16.286025
Keep,D:\Programs\追加アイディア\情報\pii-output\clean-dataset\Keep\2026-04-09T22_16_22.015+09_00.json,2026-04-09T22_16_22.015+09_00.json,.json,204920,2026-07-10T01:06:16.412403
Keep,D:\Programs\追加アイディア\情報\pii-output\clean-dataset\Keep\2026-04-09T22_18_10.489+09_00.html,2026-04-09T22_18_10.489+09_00.html,.html,17422,2026-07-10T01:06:16.459774
Keep,D:\Programs\追加アイディア\情報\pii-output\clean-dataset\Keep\2026-04-09T22_18_10.489+09_00.json,2026-04-09T22_18_10.489+09_00.json,.json,34744,2026-07-10T01:06:16.491521
Keep,D:\Programs\追加アイディア\情報\pii-output\clean-dataset\Keep\2026-04-09T22_21_18.690+09_00.html,2026-04-09T22_21_18.690+09_00.html,.html,15323,2026-07-10T01:06:16.539514
Keep,D:\Programs\追加アイディア\情報\pii-output\clean-dataset\Keep\2026-04-09T22_21_18.690+09_00.json,2026-04-09T22_21_18.690+09_00.json,.json,18219,2026-07-10T01:06:16.549531
Keep,D:\Programs\追加アイディア\情報\pii-output\clean-dataset\Keep\2026-04-10T07_33_46.025+09_00.html,2026-04-10T07_33_46.025+09_00.html,.html,13291,2026-07-10T01:06:16.588822
Keep,D:\Programs\追加アイディア\情報\pii-output\clean-dataset\Keep\2026-04-10T07_33_46.025+09_00.json,2026-04-10T07_33_46.025+09_00.json,.json,11856,2026-07-10T01:06:16.602231
Keep,D:\Programs\追加アイディア\情報\pii-output\clean-dataset\Keep\2026-04-10T07_42_16.548+09_00.html,2026-04-10T07_42_16.548+09_00.html,.html,16060,2026-07-10T01:06:16.649659
Keep,D:\Programs\追加アイディア\情報\pii-output\clean-dataset\Keep\2026-04-10T07_42_16.548+09_00.json,2026-04-10T07_42_16.548+09_00.json,.json,38240,2026-07-10T01:06:16.673493
Keep,D:\Programs\追加アイディア\情報\pii-output\clean-dataset\Keep\2026-04-10T10_40_10.933+09_00.html,2026-04-10T10_40_10.933+09_00.html,.html,12666,2026-07-10T01:06:16.712926
Keep,D:\Programs\追加アイディア\情報\pii-output\clean-dataset\Keep\2026-04-10T10_40_10.933+09_00.json,2026-04-10T10_40_10.933+09_00.json,.json,8038,2026-07-10T01:06:16.712926
Keep,D:\Programs\追加アイディア\情報\pii-output\clean-dataset\Keep\2026-04-10T11_03_04.733+09_00.html,2026-04-10T11_03_04.733+09_00.html,.html,12383,2026-07-10T01:06:16.764990
Keep,D:\Programs\追加アイディア\情報\pii-output\clean-dataset\Keep\2026-04-10T11_03_04.733+09_00.json,2026-04-10T11_03_04.733+09_00.json,.json,6166,2026-07-10T01:06:16.764990
Keep,D:\Programs\追加アイディア\情報\pii-output\clean-dataset\Keep\2026-04-10T11_46_05.713+09_00.html,2026-04-10T11_46_05.713+09_00.html,.html,11928,2026-07-10T01:06:16.807673
Keep,D:\Programs\追加アイディア\情報\pii-output\clean-dataset\Keep\2026-04-10T11_46_05.713+09_00.json,2026-04-10T11_46_05.713+09_00.json,.json,5238,2026-07-10T01:06:16.818017
Keep,D:\Programs\追加アイディア\情報\pii-output\clean-dataset\Keep\2026-04-10T13_49_25.675+09_00.html,2026-04-10T13_49_25.675+09_00.html,.html,11989,2026-07-10T01:06:16.854978
Keep,D:\Programs\追加アイディア\情報\pii-output\clean-dataset\Keep\2026-04-10T13_49_25.675+09_00.json,2026-04-10T13_49_25.675+09_00.json,.json,4379,2026-07-10T01:06:16.854978
Keep,D:\Programs\追加アイディア\情報\pii-output\clean-dataset\Keep\2026-04-10T14_18_26.092+09_00.html,2026-04-10T14_18_26.092+09_00.html,.html,13004,2026-07-10T01:06:16.902683
Keep,D:\Programs\追加アイディア\情報\pii-output\clean-dataset\Keep\2026-04-10T14_18_26.092+09_00.json,2026-04-10T14_18_26.092+09_00.json,.json,9495,2026-07-10T01:06:16.902683
Keep,D:\Programs\追加アイディア\情報\pii-output\clean-dataset\Keep\2026-04-10T14_18_28.033+09_00.html,2026-04-10T14_18_28.033+09_00.html,.html,12671,2026-07-10T01:06:16.950359
Keep,D:\Programs\追加アイディア\情報\pii-output\clean-dataset\Keep\2026-04-10T14_18_28.033+09_00.json,2026-04-10T14_18_28.033+09_00.json,.json,7392,2026-07-10T01:06:16.963691
Keep,D:\Programs\追加アイディア\情報\pii-output\clean-dataset\Keep\2026-04-10T14_20_17.094+09_00.html,2026-04-10T14_20_17.094+09_00.html,.html,14628,2026-07-10T01:06:16.998095
Keep,D:\Programs\追加アイディア\情報\pii-output\clean-dataset\Keep\2026-04-10T14_20_17.094+09_00.json,2026-04-10T14_20_17.094+09_00.json,.json,26536,2026-07-10T01:06:17.013872
Keep,D:\Programs\追加アイディア\情報\pii-output\clean-dataset\Keep\2026-04-10T17_08_05.541+09_00.html,2026-04-10T17_08_05.541+09_00.html,.html,18788,2026-07-10T01:06:17.061654
Keep,D:\Programs\追加アイディア\情報\pii-output\clean-dataset\Keep\2026-04-10T17_08_05.541+09_00.json,2026-04-10T17_08_05.541+09_00.json,.json,39374,2026-07-10T01:06:17.077632
Keep,D:\Programs\追加アイディア\情報\pii-output\clean-dataset\Keep\2026-04-10T20_20_06.355+09_00.html,2026-04-10T20_20_06.355+09_00.html,.html,16094,2026-07-10T01:06:17.125204
Keep,D:\Programs\追加アイディア\情報\pii-output\clean-dataset\Keep\2026-04-10T20_20_06.355+09_00.json,2026-04-10T20_20_06.355+09_00.json,.json,42131,2026-07-10T01:06:17.157183
Keep,D:\Programs\追加アイディア\情報\pii-output\clean-dataset\Keep\2026-04-10T21_58_51.494+09_00.html,2026-04-10T21_58_51.494+09_00.html,.html,12990,2026-07-10T01:06:17.204922
Keep,D:\Programs\追加アイディア\情報\pii-output\clean-dataset\Keep\2026-04-10T21_58_51.494+09_00.json,2026-04-10T21_58_51.494+09_00.json,.json,11302,2026-07-10T01:06:17.213362
Keep,D:\Programs\追加アイディア\情報\pii-output\clean-dataset\Keep\2026-04-10T21_58_54.905+09_00.html,2026-04-10T21_58_54.905+09_00.html,.html,15262,2026-07-10T01:06:17.252656
Keep,D:\Programs\追加アイディア\情報\pii-output\clean-dataset\Keep\2026-04-10T21_58_54.905+09_00.json,2026-04-10T21_58_54.905+09_00.json,.json,54104,2026-07-10T01:06:17.285672
Keep,D:\Programs\追加アイディア\情報\pii-output\clean-dataset\Keep\2026-04-10T21_59_12.492+09_00.html,2026-04-10T21_59_12.492+09_00.html,.html,18956,2026-07-10T01:06:17.331955
Keep,D:\Programs\追加アイディア\情報\pii-output\clean-dataset\Keep\2026-04-10T21_59_12.492+09_00.json,2026-04-10T21_59_12.492+09_00.json,.json,59957,2026-07-10T01:06:17.376059
Keep,D:\Programs\追加アイディア\情報\pii-output\clean-dataset\Keep\2026-04-10T21_59_17.001+09_00.html,2026-04-10T21_59_17.001+09_00.html,.html,12995,2026-07-10T01:06:17.418449
Keep,D:\Programs\追加アイディア\情報\pii-output\clean-dataset\Keep\2026-04-10T21_59_17.001+09_00.json,2026-04-10T21_59_17.001+09_00.json,.json,20897,2026-07-10T01:06:17.427784
Keep,D:\Programs\追加アイディア\情報\pii-output\clean-dataset\Keep\2026-04-10T21_59_22.220+09_00.html,2026-04-10T21_59_22.220+09_00.html,.html,14986,2026-07-10T01:06:17.480365
Keep,D:\Programs\追加アイディア\情報\pii-output\clean-dataset\Keep\2026-04-10T21_59_22.220+09_00.json,2026-04-10T21_59_22.220+09_00.json,.json,40336,2026-07-10T01:06:17.505744
Keep,D:\Programs\追加アイディア\情報\pii-output\clean-dataset\Keep\2026-04-10T21_59_27.045+09_00.html,2026-04-10T21_59_27.045+09_00.html,.html,13117,2026-07-10T01:06:17.550528
Keep,D:\Programs\追加アイディア\情報\pii-output\clean-dataset\Keep\2026-04-10T21_59_27.045+09_00.json,2026-04-10T21_59_27.045+09_00.json,.json,22212,2026-07-10T01:06:17.553653
Keep,D:\Programs\追加アイディア\情報\pii-output\clean-dataset\Keep\2026-04-10T21_59_32.771+09_00.html,2026-04-10T21_59_32.771+09_00.html,.html,15286,2026-07-10T01:06:17.600789
Keep,D:\Programs\追加アイディア\情報\pii-output\clean-dataset\Keep\2026-04-10T21_59_32.771+09_00.json,2026-04-10T21_59_32.771+09_00.json,.json,52184,2026-07-10T01:06:17.644445
Keep,D:\Programs\追加アイディア\情報\pii-output\clean-dataset\Keep\2026-04-10T21_59_42.493+09_00.html,2026-04-10T21_59_42.493+09_00.html,.html,23811,2026-07-10T01:06:17.680151
Keep,D:\Programs\追加アイディア\情報\pii-output\clean-dataset\Keep\2026-04-10T21_59_42.493+09_00.json,2026-04-10T21_59_42.493+09_00.json,.json,150266,2026-07-10T01:06:17.785937
Keep,D:\Programs\追加アイディア\情報\pii-output\clean-dataset\Keep\2026-04-10T21_59_50.004+09_00.html,2026-04-10T21_59_50.004+09_00.html,.html,30986,2026-07-10T01:06:17.837891
Keep,D:\Programs\追加アイディア\情報\pii-output\clean-dataset\Keep\2026-04-10T21_59_50.004+09_00.json,2026-04-10T21_59_50.004+09_00.json,.json,202232,2026-07-10T01:06:17.966979
Keep,D:\Programs\追加アイディア\情報\pii-output\clean-dataset\Keep\2026-04-11T17_42_54.287+09_00.html,2026-04-11T17_42_54.287+09_00.html,.html,14229,2026-07-10T01:06:17.996555
Keep,D:\Programs\追加アイディア\情報\pii-output\clean-dataset\Keep\2026-04-11T17_42_54.287+09_00.json,2026-04-11T17_42_54.287+09_00.json,.json,17727,2026-07-10T01:06:18.012265
Keep,D:\Programs\追加アイディア\情報\pii-output\clean-dataset\Keep\2026-04-11T17_49_26.233+09_00.html,2026-04-11T17_49_26.233+09_00.html,.html,20047,2026-07-10T01:06:18.059828
Keep,D:\Programs\追加アイディア\情報\pii-output\clean-dataset\Keep\2026-04-11T17_49_26.233+09_00.json,2026-04-11T17_49_26.233+09_00.json,.json,75568,2026-07-10T01:06:18.107676
Keep,D:\Programs\追加アイディア\情報\pii-output\clean-dataset\Keep\2026-04-11T21_27_09.749+09_00.html,2026-04-11T21_27_09.749+09_00.html,.html,11338,2026-07-10T01:06:18.157252
Keep,D:\Programs\追加アイディア\情報\pii-output\clean-dataset\Keep\2026-04-11T21_27_09.749+09_00.json,2026-04-11T21_27_09.749+09_00.json,.json,1136,2026-07-10T01:06:18.157252
Keep,D:\Programs\追加アイディア\情報\pii-output\clean-dataset\Keep\2026-04-13T12_21_40.207+09_00.html,2026-04-13T12_21_40.207+09_00.html,.html,13477,2026-07-10T01:06:18.202543
Keep,D:\Programs\追加アイディア\情報\pii-output\clean-dataset\Keep\2026-04-13T12_21_40.207+09_00.json,2026-04-13T12_21_40.207+09_00.json,.json,13557,2026-07-10T01:06:18.202543
Keep,D:\Programs\追加アイディア\情報\pii-output\clean-dataset\Keep\2026-04-13T17_08_04.675+09_00.html,2026-04-13T17_08_04.675+09_00.html,.html,13159,2026-07-10T01:06:18.259027
Keep,D:\Programs\追加アイディア\情報\pii-output\clean-dataset\Keep\2026-04-13T17_08_04.675+09_00.json,2026-04-13T17_08_04.675+09_00.json,.json,8522,2026-07-10T01:06:18.265723
Keep,D:\Programs\追加アイディア\情報\pii-output\clean-dataset\Keep\2026-04-14T11_00_49.677+09_00.html,2026-04-14T11_00_49.677+09_00.html,.html,12588,2026-07-10T01:06:18.297680
Keep,D:\Programs\追加アイディア\情報\pii-output\clean-dataset\Keep\2026-04-14T11_00_49.677+09_00.json,2026-04-14T11_00_49.677+09_00.json,.json,11755,2026-07-10T01:06:18.313509
Keep,D:\Programs\追加アイディア\情報\pii-output\clean-dataset\Keep\2026-04-14T11_12_31.149+09_00.html,2026-04-14T11_12_31.149+09_00.html,.html,17053,2026-07-10T01:06:18.361279
Keep,D:\Programs\追加アイディア\情報\pii-output\clean-dataset\Keep\2026-04-14T11_12_31.149+09_00.json,2026-04-14T11_12_31.149+09_00.json,.json,67462,2026-07-10T01:06:18.392848
Keep,D:\Programs\追加アイディア\情報\pii-output\clean-dataset\Keep\2026-04-14T11_24_08.074+09_00.html,2026-04-14T11_24_08.074+09_00.html,.html,12220,2026-07-10T01:06:18.447753
Keep,D:\Programs\追加アイディア\情報\pii-output\clean-dataset\Keep\2026-04-14T11_24_08.074+09_00.json,2026-04-14T11_24_08.074+09_00.json,.json,8419,2026-07-10T01:06:18.447753
Keep,D:\Programs\追加アイディア\情報\pii-output\clean-dataset\Keep\2026-04-14T11_33_57.737+09_00.html,2026-04-14T11_33_57.737+09_00.html,.html,16775,2026-07-10T01:06:18.488451
Keep,D:\Programs\追加アイディア\情報\pii-output\clean-dataset\Keep\2026-04-14T11_33_57.737+09_00.json,2026-04-14T11_33_57.737+09_00.json,.json,56680,2026-07-10T01:06:18.520584
Keep,D:\Programs\追加アイディア\情報\pii-output\clean-dataset\Keep\2026-04-14T12_41_09.215+09_00.html,2026-04-14T12_41_09.215+09_00.html,.html,16689,2026-07-10T01:06:18.568871
Keep,D:\Programs\追加アイディア\情報\pii-output\clean-dataset\Keep\2026-04-14T12_41_09.215+09_00.json,2026-04-14T12_41_09.215+09_00.json,.json,56794,2026-07-10T01:06:18.600750
Keep,D:\Programs\追加アイディア\情報\pii-output\clean-dataset\Keep\2026-04-14T12_49_34.753+09_00.html,2026-04-14T12_49_34.753+09_00.html,.html,15559,2026-07-10T01:06:18.649182
Keep,D:\Programs\追加アイディア\情報\pii-output\clean-dataset\Keep\2026-04-14T12_49_34.753+09_00.json,2026-04-14T12_49_34.753+09_00.json,.json,44666,2026-07-10T01:06:18.683677
Keep,D:\Programs\追加アイディア\情報\pii-output\clean-dataset\Keep\2026-04-14T16_59_18.420+09_00.html,2026-04-14T16_59_18.420+09_00.html,.html,16254,2026-07-10T01:06:18.726098
Keep,D:\Programs\追加アイディア\情報\pii-output\clean-dataset\Keep\2026-04-14T16_59_18.420+09_00.json,2026-04-14T16_59_18.420+09_00.json,.json,50233,2026-07-10T01:06:18.757908
Keep,D:\Programs\追加アイディア\情報\pii-output\clean-dataset\Keep\2026-04-14T17_31_31.971+09_00.html,2026-04-14T17_31_31.971+09_00.html,.html,21880,2026-07-10T01:06:18.805196
Keep,D:\Programs\追加アイディア\情報\pii-output\clean-dataset\Keep\2026-04-14T17_31_31.971+09_00.json,2026-04-14T17_31_31.971+09_00.json,.json,105592,2026-07-10T01:06:18.868555
Keep,D:\Programs\追加アイディア\情報\pii-output\clean-dataset\Keep\2026-04-14T17_49_40.303+09_00.html,2026-04-14T17_49_40.303+09_00.html,.html,16010,2026-07-10T01:06:18.915888
Keep,D:\Programs\追加アイディア\情報\pii-output\clean-dataset\Keep\2026-04-14T17_49_40.303+09_00.json,2026-04-14T17_49_40.303+09_00.json,.json,56702,2026-07-10T01:06:18.947450
Keep,D:\Programs\追加アイディア\情報\pii-output\clean-dataset\Keep\2026-04-18T21_27_31.560+09_00.html,2026-04-18T21_27_31.560+09_00.html,.html,11163,2026-07-10T01:06:18.995079
Keep,D:\Programs\追加アイディア\情報\pii-output\clean-dataset\Keep\2026-04-18T21_27_31.560+09_00.json,2026-04-18T21_27_31.560+09_00.json,.json,1279,2026-07-10T01:06:18.995079
Keep,D:\Programs\追加アイディア\情報\pii-output\clean-dataset\Keep\2026-04-24T08_35_45.045+09_00.html,2026-04-24T08_35_45.045+09_00.html,.html,14638,2026-07-10T01:06:19.042876
Keep,D:\Programs\追加アイディア\情報\pii-output\clean-dataset\Keep\2026-04-24T08_35_45.045+09_00.json,2026-04-24T08_35_45.045+09_00.json,.json,23828,2026-07-10T01:06:19.058547
Keep,D:\Programs\追加アイディア\情報\pii-output\clean-dataset\Keep\2026-04-24T09_02_53.489+09_00.html,2026-04-24T09_02_53.489+09_00.html,.html,13621,2026-07-10T01:06:19.101754
Keep,D:\Programs\追加アイディア\情報\pii-output\clean-dataset\Keep\2026-04-24T09_02_53.489+09_00.json,2026-04-24T09_02_53.489+09_00.json,.json,18684,2026-07-10T01:06:19.116780
Keep,D:\Programs\追加アイディア\情報\pii-output\clean-dataset\Keep\2026-05-02T21_58_45.827+09_00.html,2026-05-02T21_58_45.827+09_00.html,.html,21766,2026-07-10T01:06:19.154233
Keep,D:\Programs\追加アイディア\情報\pii-output\clean-dataset\Keep\2026-05-02T21_58_45.827+09_00.json,2026-05-02T21_58_45.827+09_00.json,.json,98283,2026-07-10T01:06:19.224592
Keep,D:\Programs\追加アイディア\情報\pii-output\clean-dataset\Keep\2026-05-02T22_17_22.544+09_00.html,2026-05-02T22_17_22.544+09_00.html,.html,18565,2026-07-10T01:06:19.270263
Keep,D:\Programs\追加アイディア\情報\pii-output\clean-dataset\Keep\2026-05-02T22_17_22.544+09_00.json,2026-05-02T22_17_22.544+09_00.json,.json,51708,2026-07-10T01:06:19.295962
Keep,D:\Programs\追加アイディア\情報\pii-output\clean-dataset\Keep\2026-05-03T09_23_28.791+09_00.html,2026-05-03T09_23_28.791+09_00.html,.html,12493,2026-07-10T01:06:19.345551
Keep,D:\Programs\追加アイディア\情報\pii-output\clean-dataset\Keep\2026-05-03T09_23_28.791+09_00.json,2026-05-03T09_23_28.791+09_00.json,.json,6936,2026-07-10T01:06:19.345551
Keep,D:\Programs\追加アイディア\情報\pii-output\clean-dataset\Keep\2026-05-03T16_07_34.298+09_00.html,2026-05-03T16_07_34.298+09_00.html,.html,27570,2026-07-10T01:06:19.398965
Keep,D:\Programs\追加アイディア\情報\pii-output\clean-dataset\Keep\2026-05-03T16_07_34.298+09_00.json,2026-05-03T16_07_34.298+09_00.json,.json,149632,2026-07-10T01:06:19.485926
Keep,D:\Programs\追加アイディア\情報\pii-output\clean-dataset\Keep\2026-05-04T11_31_32.192+09_00.html,2026-05-04T11_31_32.192+09_00.html,.html,14115,2026-07-10T01:06:19.517699
Keep,D:\Programs\追加アイディア\情報\pii-output\clean-dataset\Keep\2026-05-04T11_31_32.192+09_00.json,2026-05-04T11_31_32.192+09_00.json,.json,14088,2026-07-10T01:06:19.539268
Keep,D:\Programs\追加アイディア\情報\pii-output\clean-dataset\Keep\2026-05-04T11_46_06.395+09_00.html,2026-05-04T11_46_06.395+09_00.html,.html,12507,2026-07-10T01:06:19.583313
Keep,D:\Programs\追加アイディア\情報\pii-output\clean-dataset\Keep\2026-05-04T11_46_06.395+09_00.json,2026-05-04T11_46_06.395+09_00.json,.json,8350,2026-07-10T01:06:19.589043
Keep,D:\Programs\追加アイディア\情報\pii-output\clean-dataset\Keep\2026-05-04T12_04_13.802+09_00.html,2026-05-04T12_04_13.802+09_00.html,.html,14065,2026-07-10T01:06:19.635078
Keep,D:\Programs\追加アイディア\情報\pii-output\clean-dataset\Keep\2026-05-04T12_04_13.802+09_00.json,2026-05-04T12_04_13.802+09_00.json,.json,19636,2026-07-10T01:06:19.645239
Keep,D:\Programs\追加アイディア\情報\pii-output\clean-dataset\Keep\2026-05-04T12_19_48.050+09_00.html,2026-05-04T12_19_48.050+09_00.html,.html,23052,2026-07-10T01:06:19.692606
Keep,D:\Programs\追加アイディア\情報\pii-output\clean-dataset\Keep\2026-05-04T12_19_48.050+09_00.json,2026-05-04T12_19_48.050+09_00.json,.json,83444,2026-07-10T01:06:19.740189
Keep,D:\Programs\追加アイディア\情報\pii-output\clean-dataset\Keep\2026-05-18T13_39_42.862+09_00.html,2026-05-18T13_39_42.862+09_00.html,.html,18232,2026-07-10T01:06:19.793402
Keep,D:\Programs\追加アイディア\情報\pii-output\clean-dataset\Keep\2026-05-18T13_39_42.862+09_00.json,2026-05-18T13_39_42.862+09_00.json,.json,54210,2026-07-10T01:06:19.819055
Keep,D:\Programs\追加アイディア\情報\pii-output\clean-dataset\Keep\2026-05-18T22_39_23.678+09_00.html,2026-05-18T22_39_23.678+09_00.html,.html,13043,2026-07-10T01:06:19.873001
Keep,D:\Programs\追加アイディア\情報\pii-output\clean-dataset\Keep\2026-05-18T22_39_23.678+09_00.json,2026-05-18T22_39_23.678+09_00.json,.json,15642,2026-07-10T01:06:19.882862
Keep,D:\Programs\追加アイディア\情報\pii-output\clean-dataset\Keep\2026-05-19T11_29_21.638+09_00.html,2026-05-19T11_29_21.638+09_00.html,.html,14466,2026-07-10T01:06:19.914559
Keep,D:\Programs\追加アイディア\情報\pii-output\clean-dataset\Keep\2026-05-19T11_29_21.638+09_00.json,2026-05-19T11_29_21.638+09_00.json,.json,23969,2026-07-10T01:06:19.944026
Keep,D:\Programs\追加アイディア\情報\pii-output\clean-dataset\Keep\2026-05-19T12_05_38.071+09_00.html,2026-05-19T12_05_38.071+09_00.html,.html,15693,2026-07-10T01:06:19.977625
Keep,D:\Programs\追加アイディア\情報\pii-output\clean-dataset\Keep\2026-05-19T12_05_38.071+09_00.json,2026-05-19T12_05_38.071+09_00.json,.json,19289,2026-07-10T01:06:19.995406
Keep,D:\Programs\追加アイディア\情報\pii-output\clean-dataset\Keep\2026-05-19T12_13_16.804+09_00.html,2026-05-19T12_13_16.804+09_00.html,.html,17293,2026-07-10T01:06:20.040707
Keep,D:\Programs\追加アイディア\情報\pii-output\clean-dataset\Keep\2026-05-19T12_13_16.804+09_00.json,2026-05-19T12_13_16.804+09_00.json,.json,51386,2026-07-10T01:06:20.072249
Keep,D:\Programs\追加アイディア\情報\pii-output\clean-dataset\Keep\2026-05-31T14_50_36.780+09_00.html,2026-05-31T14_50_36.780+09_00.html,.html,16058,2026-07-10T01:06:20.121683
Keep,D:\Programs\追加アイディア\情報\pii-output\clean-dataset\Keep\2026-05-31T14_50_36.780+09_00.json,2026-05-31T14_50_36.780+09_00.json,.json,46498,2026-07-10T01:06:20.150688
Keep,D:\Programs\追加アイディア\情報\pii-output\clean-dataset\Keep\2026-06-03T15_31_54.506+09_00.html,2026-06-03T15_31_54.506+09_00.html,.html,12126,2026-07-10T01:06:20.182518
Keep,D:\Programs\追加アイディア\情報\pii-output\clean-dataset\Keep\2026-06-03T15_31_54.506+09_00.json,2026-06-03T15_31_54.506+09_00.json,.json,5609,2026-07-10T01:06:20.198613
Keep,D:\Programs\追加アイディア\情報\pii-output\clean-dataset\Keep\2026-06-05T17_46_43.081+09_00.html,2026-06-05T17_46_43.081+09_00.html,.html,22240,2026-07-10T01:06:20.246703
Keep,D:\Programs\追加アイディア\情報\pii-output\clean-dataset\Keep\2026-06-05T17_46_43.081+09_00.json,2026-06-05T17_46_43.081+09_00.json,.json,30072,2026-07-10T01:06:20.262662
Keep,D:\Programs\追加アイディア\情報\pii-output\clean-dataset\Keep\2026-06-05T17_46_43.094+09_00.html,2026-06-05T17_46_43.094+09_00.html,.html,16129,2026-07-10T01:06:20.314018
Keep,D:\Programs\追加アイディア\情報\pii-output\clean-dataset\Keep\2026-06-05T17_46_43.094+09_00.json,2026-06-05T17_46_43.094+09_00.json,.json,11037,2026-07-10T01:06:20.314018
Keep,D:\Programs\追加アイディア\情報\pii-output\clean-dataset\Keep\2026-06-10T09_05_30.057+09_00.html,2026-06-10T09_05_30.057+09_00.html,.html,11145,2026-07-10T01:06:20.343592
Keep,D:\Programs\追加アイディア\情報\pii-output\clean-dataset\Keep\2026-06-10T09_05_30.057+09_00.json,2026-06-10T09_05_30.057+09_00.json,.json,916,2026-07-10T01:06:20.343592
Keep,D:\Programs\追加アイディア\情報\pii-output\clean-dataset\Keep\2026-06-16T22_11_07.797+09_00.html,2026-06-16T22_11_07.797+09_00.html,.html,13420,2026-07-10T01:06:20.397297
Keep,D:\Programs\追加アイディア\情報\pii-output\clean-dataset\Keep\2026-06-16T22_11_07.797+09_00.json,2026-06-16T22_11_07.797+09_00.json,.json,19193,2026-07-10T01:06:20.411382
Keep,D:\Programs\追加アイディア\情報\pii-output\clean-dataset\Keep\2026-06-22T15_42_33.988+09_00.html,2026-06-22T15_42_33.988+09_00.html,.html,19020,2026-07-10T01:06:20.453250
Keep,D:\Programs\追加アイディア\情報\pii-output\clean-dataset\Keep\2026-06-22T15_42_33.988+09_00.json,2026-06-22T15_42_33.988+09_00.json,.json,44484,2026-07-10T01:06:20.468491
Keep,D:\Programs\追加アイディア\情報\pii-output\clean-dataset\Keep\2026-06-22T22_04_08.011+09_00.html,2026-06-22T22_04_08.011+09_00.html,.html,12100,2026-07-10T01:06:20.524144
Keep,D:\Programs\追加アイディア\情報\pii-output\clean-dataset\Keep\2026-06-22T22_04_08.011+09_00.json,2026-06-22T22_04_08.011+09_00.json,.json,13590,2026-07-10T01:06:20.531709
Keep,D:\Programs\追加アイディア\情報\pii-output\clean-dataset\Keep\2026-06-23T10_32_20.248+09_00.html,2026-06-23T10_32_20.248+09_00.html,.html,12280,2026-07-10T01:06:20.579581
Keep,D:\Programs\追加アイディア\情報\pii-output\clean-dataset\Keep\2026-06-23T10_32_20.248+09_00.json,2026-06-23T10_32_20.248+09_00.json,.json,11387,2026-07-10T01:06:20.579581
Keep,D:\Programs\追加アイディア\情報\pii-output\clean-dataset\Keep\2026-06-23T10_52_44.740+09_00.html,2026-06-23T10_52_44.740+09_00.html,.html,11761,2026-07-10T01:06:20.627441
Keep,D:\Programs\追加アイディア\情報\pii-output\clean-dataset\Keep\2026-06-23T10_52_44.740+09_00.json,2026-06-23T10_52_44.740+09_00.json,.json,5461,2026-07-10T01:06:20.627441
Keep,D:\Programs\追加アイディア\情報\pii-output\clean-dataset\Keep\2026-06-30T16_39_52.612+09_00.html,2026-06-30T16_39_52.612+09_00.html,.html,15394,2026-07-10T01:06:20.684908
Keep,D:\Programs\追加アイディア\情報\pii-output\clean-dataset\Keep\2026-06-30T16_39_52.612+09_00.json,2026-06-30T16_39_52.612+09_00.json,.json,34771,2026-07-10T01:06:20.706776
Keep,D:\Programs\追加アイディア\情報\pii-output\clean-dataset\Keep\2026-07-04T22_27_19.665+09_00.html,2026-07-04T22_27_19.665+09_00.html,.html,11350,2026-07-10T01:06:20.738174
Keep,D:\Programs\追加アイディア\情報\pii-output\clean-dataset\Keep\2026-07-04T22_27_19.665+09_00.json,2026-07-04T22_27_19.665+09_00.json,.json,4242,2026-07-10T01:06:20.755094
Keep,D:\Programs\追加アイディア\情報\pii-output\clean-dataset\Keep\2026-07-09T23_05_37.822+09_00.html,2026-07-09T23_05_37.822+09_00.html,.html,16801,2026-07-10T01:06:20.801507
Keep,D:\Programs\追加アイディア\情報\pii-output\clean-dataset\Keep\2026-07-09T23_05_37.822+09_00.json,2026-07-09T23_05_37.822+09_00.json,.json,13793,2026-07-10T01:06:20.812710
Keep,D:\Programs\追加アイディア\情報\pii-output\clean-dataset\Keep\2026-07-09T23_05_43.024+09_00.html,2026-07-09T23_05_43.024+09_00.html,.html,13428,2026-07-10T01:06:20.852256
Keep,D:\Programs\追加アイディア\情報\pii-output\clean-dataset\Keep\2026-07-09T23_05_43.024+09_00.json,2026-07-09T23_05_43.024+09_00.json,.json,5744,2026-07-10T01:06:20.852256
Keep,D:\Programs\追加アイディア\情報\pii-output\clean-dataset\Keep\20総まとめ.html,20総まとめ.html,.html,18089,2026-07-10T01:06:20.905840
Keep,D:\Programs\追加アイディア\情報\pii-output\clean-dataset\Keep\20総まとめ.json,20総まとめ.json,.json,88392,2026-07-10T01:06:20.964997
Keep,D:\Programs\追加アイディア\情報\pii-output\clean-dataset\Keep\2C‑USB.html,2C‑USB.html,.html,23264,2026-07-10T01:06:21.007886
Keep,D:\Programs\追加アイディア\情報\pii-output\clean-dataset\Keep\2C‑USB.json,2C‑USB.json,.json,103297,2026-07-10T01:06:21.070051
Keep,D:\Programs\追加アイディア\情報\pii-output\clean-dataset\Keep\2⃣なぜ、差額が生まれたのか.html,2⃣なぜ、差額が生まれたのか.html,.html,18024,2026-07-10T01:06:21.117243
Keep,D:\Programs\追加アイディア\情報\pii-output\clean-dataset\Keep\2⃣なぜ、差額が生まれたのか.json,2⃣なぜ、差額が生まれたのか.json,.json,87980,2026-07-10T01:06:21.180281
Keep,D:\Programs\追加アイディア\情報\pii-output\clean-dataset\Keep\2️⃣ランニングコスト.html,2️⃣ランニングコスト.html,.html,16091,2026-07-10T01:06:21.211662
Keep,D:\Programs\追加アイディア\情報\pii-output\clean-dataset\Keep\2️⃣ランニングコスト.json,2️⃣ランニングコスト.json,.json,47146,2026-07-10T01:06:21.253172
Keep,D:\Programs\追加アイディア\情報\pii-output\clean-dataset\Keep\3 【来週の対面医師に渡すA4最終版】.html,3 【来週の対面医師に渡すA4最終版】.html,.html,15531,2026-07-10T01:06:21.290633
Keep,D:\Programs\追加アイディア\情報\pii-output\clean-dataset\Keep\3 【来週の対面医師に渡すA4最終版】.json,3 【来週の対面医師に渡すA4最終版】.json,.json,30491,2026-07-10T01:06:21.306379
Keep,D:\Programs\追加アイディア\情報\pii-output\clean-dataset\Keep\3(1).html,3(1).html,.html,17814,2026-07-10T01:06:21.353549
Keep,D:\Programs\追加アイディア\情報\pii-output\clean-dataset\Keep\3(1).json,3(1).json,.json,78908,2026-07-10T01:06:21.400883
Keep,D:\Programs\追加アイディア\情報\pii-output\clean-dataset\Keep\3(2).html,3(2).html,.html,17239,2026-07-10T01:06:21.453620
Keep,D:\Programs\追加アイディア\情報\pii-output\clean-dataset\Keep\3(2).json,3(2).json,.json,76628,2026-07-10T01:06:21.495583
Keep,D:\Programs\追加アイディア\情報\pii-output\clean-dataset\Keep\3-2　フォーク可能に.html,3-2　フォーク可能に.html,.html,19727,2026-07-10T01:06:21.543180
Keep,D:\Programs\追加アイディア\情報\pii-output\clean-dataset\Keep\3-2　フォーク可能に.json,3-2　フォーク可能に.json,.json,79264,2026-07-10T01:06:21.606857
Keep,D:\Programs\追加アイディア\情報\pii-output\clean-dataset\Keep\3-3追加アイディア.html,3-3追加アイディア.html,.html,17075,2026-07-10T01:06:21.638627
Keep,D:\Programs\追加アイディア\情報\pii-output\clean-dataset\Keep\3-3追加アイディア.json,3-3追加アイディア.json,.json,64307,2026-07-10T01:06:21.685767
Keep,D:\Programs\追加アイディア\情報\pii-output\clean-dataset\Keep\3. market_items（海外発送可タグ入り）.html,3. market_items（海外発送可タグ入り）.html,.html,18938,2026-07-10T01:06:21.733097
Keep,D:\Programs\追加アイディア\情報\pii-output\clean-dataset\Keep\3. market_items（海外発送可タグ入り）.json,3. market_items（海外発送可タグ入り）.json,.json,69163,2026-07-10T01:06:21.780396
Keep,D:\Programs\追加アイディア\情報\pii-output\clean-dataset\Keep\3.17セキュリティ.html,3.17セキュリティ.html,.html,15607,2026-07-10T01:06:21.827505
Keep,D:\Programs\追加アイディア\情報\pii-output\clean-dataset\Keep\3.17セキュリティ.json,3.17セキュリティ.json,.json,51291,2026-07-10T01:06:21.858952
Keep,D:\Programs\追加アイディア\情報\pii-output\clean-dataset\Keep\3.17ビルダーと解析の結合.html,3.17ビルダーと解析の結合.html,.html,17439,2026-07-10T01:06:21.906369
Keep,D:\Programs\追加アイディア\情報\pii-output\clean-dataset\Keep\3.17ビルダーと解析の結合.json,3.17ビルダーと解析の結合.json,.json,75035,2026-07-10T01:06:21.953798
Keep,D:\Programs\追加アイディア\情報\pii-output\clean-dataset\Keep\3.17理想こうせい.html,3.17理想こうせい.html,.html,14595,2026-07-10T01:06:22.001164
Keep,D:\Programs\追加アイディア\情報\pii-output\clean-dataset\Keep\3.17理想こうせい.json,3.17理想こうせい.json,.json,41100,2026-07-10T01:06:22.016880
Keep,D:\Programs\追加アイディア\情報\pii-output\clean-dataset\Keep\3.17試す.html,3.17試す.html,.html,19294,2026-07-10T01:06:22.066115
Keep,D:\Programs\追加アイディア\情報\pii-output\clean-dataset\Keep\3.17試す.json,3.17試す.json,.json,104496,2026-07-10T01:06:22.144440
Keep,D:\Programs\追加アイディア\情報\pii-output\clean-dataset\Keep\3.18 World Modeling OS.html,3.18 World Modeling OS.html,.html,14839,2026-07-10T01:06:22.189861
Keep,D:\Programs\追加アイディア\情報\pii-output\clean-dataset\Keep\3.18 World Modeling OS.json,3.18 World Modeling OS.json,.json,68295,2026-07-10T01:06:22.221716
Keep,D:\Programs\追加アイディア\情報\pii-output\clean-dataset\Keep\3.18 追加テーブル.html,3.18 追加テーブル.html,.html,11354,2026-07-10T01:06:22.255627
Keep,D:\Programs\追加アイディア\情報\pii-output\clean-dataset\Keep\3.18 追加テーブル.json,3.18 追加テーブル.json,.json,242,2026-07-10T01:06:22.269446
Keep,D:\Programs\追加アイディア\情報\pii-output\clean-dataset\Keep\3.18.html,3.18.html,.html,18550,2026-07-10T01:06:22.316898
Keep,D:\Programs\追加アイディア\情報\pii-output\clean-dataset\Keep\3.18.json,3.18.json,.json,105981,2026-07-10T01:06:22.380103
Keep,D:\Programs\追加アイディア\情報\pii-output\clean-dataset\Keep\3.18.OS UIガイドライン.html,3.18.OS UIガイドライン.html,.html,28089,2026-07-10T01:06:22.428030
Keep,D:\Programs\追加アイディア\情報\pii-output\clean-dataset\Keep\3.18.OS UIガイドライン.json,3.18.OS UIガイドライン.json,.json,166263,2026-07-10T01:06:22.538806
Keep,D:\Programs\追加アイディア\情報\pii-output\clean-dataset\Keep\3.19 ベストプラクティス.html,3.19 ベストプラクティス.html,.html,15180,2026-07-10T01:06:22.586169
Keep,D:\Programs\追加アイディア\情報\pii-output\clean-dataset\Keep\3.19 ベストプラクティス.json,3.19 ベストプラクティス.json,.json,34996,2026-07-10T01:06:22.601889
Keep,D:\Programs\追加アイディア\情報\pii-output\clean-dataset\Keep\3.19(1).html,3.19(1).html,.html,24509,2026-07-10T01:06:22.659925
Keep,D:\Programs\追加アイディア\情報\pii-output\clean-dataset\Keep\3.19(1).json,3.19(1).json,.json,130410,2026-07-10T01:06:22.730490
Keep,D:\Programs\追加アイディア\情報\pii-output\clean-dataset\Keep\3.19.html,3.19.html,.html,16917,2026-07-10T01:06:22.776614
Keep,D:\Programs\追加アイディア\情報\pii-output\clean-dataset\Keep\3.19.json,3.19.json,.json,54864,2026-07-10T01:06:22.808431
Keep,D:\Programs\追加アイディア\情報\pii-output\clean-dataset\Keep\3.19　R2完成版.html,3.19　R2完成版.html,.html,12393,2026-07-10T01:06:22.867092
Keep,D:\Programs\追加アイディア\情報\pii-output\clean-dataset\Keep\3.19　R2完成版.json,3.19　R2完成版.json,.json,12061,2026-07-10T01:06:22.876107
Keep,D:\Programs\追加アイディア\情報\pii-output\clean-dataset\Keep\3.19カーネル完成版　DDL統合版.html,3.19カーネル完成版　DDL統合版.html,.html,20232,2026-07-10T01:06:22.921918
Keep,D:\Programs\追加アイディア\情報\pii-output\clean-dataset\Keep\3.19カーネル完成版　DDL統合版.json,3.19カーネル完成版　DDL統合版.json,.json,128139,2026-07-10T01:06:22.999847
Keep,D:\Programs\追加アイディア\情報\pii-output\clean-dataset\Keep\3.html,3.html,.html,20576,2026-07-10T01:06:23.057509
Keep,D:\Programs\追加アイディア\情報\pii-output\clean-dataset\Keep\3.json,3.json,.json,79686,2026-07-10T01:06:23.112787
Keep,D:\Programs\追加アイディア\情報\pii-output\clean-dataset\Keep\3.研究所要件整理.html,3.研究所要件整理.html,.html,16162,2026-07-10T01:06:23.142452
Keep,D:\Programs\追加アイディア\情報\pii-output\clean-dataset\Keep\3.研究所要件整理.json,3.研究所要件整理.json,.json,39553,2026-07-10T01:06:23.174282
Keep,D:\Programs\追加アイディア\情報\pii-output\clean-dataset\Keep\3.言語を混ぜる.html,3.言語を混ぜる.html,.html,31282,2026-07-10T01:06:23.225608
Keep,D:\Programs\追加アイディア\情報\pii-output\clean-dataset\Keep\3.言語を混ぜる.json,3.言語を混ぜる.json,.json,189484,2026-07-10T01:06:23.343629
Keep,D:\Programs\追加アイディア\情報\pii-output\clean-dataset\Keep\3_8 1.html,3_8 1.html,.html,14717,2026-07-10T01:06:23.387346
Keep,D:\Programs\追加アイディア\情報\pii-output\clean-dataset\Keep\3_8 1.json,3_8 1.json,.json,43504,2026-07-10T01:06:23.417258
Keep,D:\Programs\追加アイディア\情報\pii-output\clean-dataset\Keep\3_8 2.html,3_8 2.html,.html,17347,2026-07-10T01:06:23.458171
Keep,D:\Programs\追加アイディア\情報\pii-output\clean-dataset\Keep\3_8 2.json,3_8 2.json,.json,101633,2026-07-10T01:06:23.521370
Keep,D:\Programs\追加アイディア\情報\pii-output\clean-dataset\Keep\3_8 3.html,3_8 3.html,.html,17663,2026-07-10T01:06:23.569175
Keep,D:\Programs\追加アイディア\情報\pii-output\clean-dataset\Keep\3_8 3.json,3_8 3.json,.json,96265,2026-07-10T01:06:23.632229
Keep,D:\Programs\追加アイディア\情報\pii-output\clean-dataset\Keep\3_8 4.html,3_8 4.html,.html,15520,2026-07-10T01:06:23.684940
Keep,D:\Programs\追加アイディア\情報\pii-output\clean-dataset\Keep\3_8 4.json,3_8 4.json,.json,61146,2026-07-10T01:06:23.710525
Keep,D:\Programs\追加アイディア\情報\pii-output\clean-dataset\Keep\3_8 5.html,3_8 5.html,.html,17025,2026-07-10T01:06:23.758222
Keep,D:\Programs\追加アイディア\情報\pii-output\clean-dataset\Keep\3_8 5.json,3_8 5.json,.json,85240,2026-07-10T01:06:23.825744
Keep,D:\Programs\追加アイディア\情報\pii-output\clean-dataset\Keep\3_8 6.html,3_8 6.html,.html,17925,2026-07-10T01:06:23.869314
Keep,D:\Programs\追加アイディア\情報\pii-output\clean-dataset\Keep\3_8 6.json,3_8 6.json,.json,105086,2026-07-10T01:06:23.933223
Keep,D:\Programs\追加アイディア\情報\pii-output\clean-dataset\Keep\3⃣ローンシミュレーション.html,3⃣ローンシミュレーション.html,.html,15784,2026-07-10T01:06:23.965381
Keep,D:\Programs\追加アイディア\情報\pii-output\clean-dataset\Keep\3⃣ローンシミュレーション.json,3⃣ローンシミュレーション.json,.json,70498,2026-07-10T01:06:24.012802
Keep,D:\Programs\追加アイディア\情報\pii-output\clean-dataset\Keep\3法律.html,3法律.html,.html,23818,2026-07-10T01:06:24.060450
Keep,D:\Programs\追加アイディア\情報\pii-output\clean-dataset\Keep\3法律.json,3法律.json,.json,99176,2026-07-10T01:06:24.123664
Keep,D:\Programs\追加アイディア\情報\pii-output\clean-dataset\Keep\3点セット.html,3点セット.html,.html,20782,2026-07-10T01:06:24.171290
Keep,D:\Programs\追加アイディア\情報\pii-output\clean-dataset\Keep\3点セット.json,3点セット.json,.json,98429,2026-07-10T01:06:24.235089
Keep,D:\Programs\追加アイディア\情報\pii-output\clean-dataset\Keep\4(1).html,4(1).html,.html,15541,2026-07-10T01:06:24.282873
Keep,D:\Programs\追加アイディア\情報\pii-output\clean-dataset\Keep\4(1).json,4(1).json,.json,47840,2026-07-10T01:06:24.315644
Keep,D:\Programs\追加アイディア\情報\pii-output\clean-dataset\Keep\4(2).html,4(2).html,.html,21187,2026-07-10T01:06:24.366091
Keep,D:\Programs\追加アイディア\情報\pii-output\clean-dataset\Keep\4(2).json,4(2).json,.json,108189,2026-07-10T01:06:24.441625
Keep,D:\Programs\追加アイディア\情報\pii-output\clean-dataset\Keep\4(3).html,4(3).html,.html,19183,2026-07-10T01:06:24.487211
Keep,D:\Programs\追加アイディア\情報\pii-output\clean-dataset\Keep\4(3).json,4(3).json,.json,112938,2026-07-10T01:06:24.550850
Keep,D:\Programs\追加アイディア\情報\pii-output\clean-dataset\Keep\4-2.html,4-2.html,.html,25117,2026-07-10T01:06:24.598672
Keep,D:\Programs\追加アイディア\情報\pii-output\clean-dataset\Keep\4-2.json,4-2.json,.json,113668,2026-07-10T01:06:24.677742
Keep,D:\Programs\追加アイディア\情報\pii-output\clean-dataset\Keep\4-3.html,4-3.html,.html,18890,2026-07-10T01:06:24.724877
Keep,D:\Programs\追加アイディア\情報\pii-output\clean-dataset\Keep\4-3.json,4-3.json,.json,82506,2026-07-10T01:06:24.772452
Keep,D:\Programs\追加アイディア\情報\pii-output\clean-dataset\Keep\4.html,4.html,.html,21992,2026-07-10T01:06:24.819627
Keep,D:\Programs\追加アイディア\情報\pii-output\clean-dataset\Keep\4.json,4.json,.json,98693,2026-07-10T01:06:24.883499
Keep,D:\Programs\追加アイディア\情報\pii-output\clean-dataset\Keep\4.図面要件整理.html,4.図面要件整理.html,.html,17969,2026-07-10T01:06:24.931031
Keep,D:\Programs\追加アイディア\情報\pii-output\clean-dataset\Keep\4.図面要件整理.json,4.図面要件整理.json,.json,73940,2026-07-10T01:06:24.982381
Keep,D:\Programs\追加アイディア\情報\pii-output\clean-dataset\Keep\4.最初の一言、持ち物順.html,4.最初の一言、持ち物順.html,.html,11819,2026-07-10T01:06:25.027126
Keep,D:\Programs\追加アイディア\情報\pii-output\clean-dataset\Keep\4.最初の一言、持ち物順.json,4.最初の一言、持ち物順.json,.json,4043,2026-07-10T01:06:25.030247
Keep,D:\Programs\追加アイディア\情報\pii-output\clean-dataset\Keep\4D Viewer に Semantic 色分け・Script 動作を統合し、完全インタラクティブ化.html,4D Viewer に Semantic 色分け・Script 動作を統合し、完全インタラクティブ化.html,.html,19068,2026-07-10T01:06:25.061812
Keep,D:\Programs\追加アイディア\情報\pii-output\clean-dataset\Keep\4D Viewer に Semantic 色分け・Script 動作を統合し、完全インタラクティブ化.json,4D Viewer に Semantic 色分け・Script 動作を統合し、完全インタラクティブ化.json,.json,75228,2026-07-10T01:06:25.125799
Keep,D:\Programs\追加アイディア\情報\pii-output\clean-dataset\Keep\4⃣新築 vs リノベ　いくら削減できている？.html,4⃣新築 vs リノベ　いくら削減できている？.html,.html,17583,2026-07-10T01:06:25.171605
Keep,D:\Programs\追加アイディア\情報\pii-output\clean-dataset\Keep\4⃣新築 vs リノベ　いくら削減できている？.json,4⃣新築 vs リノベ　いくら削減できている？.json,.json,85902,2026-07-10T01:06:25.218807
Keep,D:\Programs\追加アイディア\情報\pii-output\clean-dataset\Keep\4　アイディア.html,4　アイディア.html,.html,18223,2026-07-10T01:06:25.265963
Keep,D:\Programs\追加アイディア\情報\pii-output\clean-dataset\Keep\4　アイディア.json,4　アイディア.json,.json,68716,2026-07-10T01:06:25.313609
Keep,D:\Programs\追加アイディア\情報\pii-output\clean-dataset\Keep\4ルール.html,4ルール.html,.html,21688,2026-07-10T01:06:25.361533
Keep,D:\Programs\追加アイディア\情報\pii-output\clean-dataset\Keep\4ルール.json,4ルール.json,.json,100639,2026-07-10T01:06:25.408958
Keep,D:\Programs\追加アイディア\情報\pii-output\clean-dataset\Keep\4既存フレームワーク吸収.html,4既存フレームワーク吸収.html,.html,15361,2026-07-10T01:06:25.462857
Keep,D:\Programs\追加アイディア\情報\pii-output\clean-dataset\Keep\4既存フレームワーク吸収.json,4既存フレームワーク吸収.json,.json,42299,2026-07-10T01:06:25.487785
Keep,D:\Programs\追加アイディア\情報\pii-output\clean-dataset\Keep\5(1).html,5(1).html,.html,19090,2026-07-10T01:06:25.541706
Keep,D:\Programs\追加アイディア\情報\pii-output\clean-dataset\Keep\5(1).json,5(1).json,.json,78997,2026-07-10T01:06:25.583409
Keep,D:\Programs\追加アイディア\情報\pii-output\clean-dataset\Keep\5-2.html,5-2.html,.html,18772,2026-07-10T01:06:25.631058
Keep,D:\Programs\追加アイディア\情報\pii-output\clean-dataset\Keep\5-2.json,5-2.json,.json,58559,2026-07-10T01:06:25.663618
Keep,D:\Programs\追加アイディア\情報\pii-output\clean-dataset\Keep\5.html,5.html,.html,24664,2026-07-10T01:06:25.710264
Keep,D:\Programs\追加アイディア\情報\pii-output\clean-dataset\Keep\5.json,5.json,.json,105189,2026-07-10T01:06:25.789237
Keep,D:\Programs\追加アイディア\情報\pii-output\clean-dataset\Keep\50-1.html,50-1.html,.html,17611,2026-07-10T01:06:25.820913
Keep,D:\Programs\追加アイディア\情報\pii-output\clean-dataset\Keep\50-1.json,50-1.json,.json,57948,2026-07-10T01:06:25.868179
Keep,D:\Programs\追加アイディア\情報\pii-output\clean-dataset\Keep\50-2.html,50-2.html,.html,18463,2026-07-10T01:06:25.899696
Keep,D:\Programs\追加アイディア\情報\pii-output\clean-dataset\Keep\50-2.json,50-2.json,.json,77788,2026-07-10T01:06:25.946893
Keep,D:\Programs\追加アイディア\情報\pii-output\clean-dataset\Keep\50-3.html,50-3.html,.html,18018,2026-07-10T01:06:25.998675
Keep,D:\Programs\追加アイディア\情報\pii-output\clean-dataset\Keep\50-3.json,50-3.json,.json,71186,2026-07-10T01:06:26.041778
Keep,D:\Programs\追加アイディア\情報\pii-output\clean-dataset\Keep\50-4.html,50-4.html,.html,18124,2026-07-10T01:06:26.089242
Keep,D:\Programs\追加アイディア\情報\pii-output\clean-dataset\Keep\50-4.json,50-4.json,.json,74129,2026-07-10T01:06:26.137124
Keep,D:\Programs\追加アイディア\情報\pii-output\clean-dataset\Keep\50-5.html,50-5.html,.html,18053,2026-07-10T01:06:26.184973
Keep,D:\Programs\追加アイディア\情報\pii-output\clean-dataset\Keep\50-5.json,50-5.json,.json,74559,2026-07-10T01:06:26.232476
Keep,D:\Programs\追加アイディア\情報\pii-output\clean-dataset\Keep\5_12.html,5_12.html,.html,12480,2026-07-10T01:06:26.280009
Keep,D:\Programs\追加アイディア\情報\pii-output\clean-dataset\Keep\5_12.json,5_12.json,.json,13723,2026-07-10T01:06:26.280009
Keep,D:\Programs\追加アイディア\情報\pii-output\clean-dataset\Keep\5_5 就活フォーラム.html,5_5 就活フォーラム.html,.html,16035,2026-07-10T01:06:26.327768
Keep,D:\Programs\追加アイディア\情報\pii-output\clean-dataset\Keep\5_5 就活フォーラム.json,5_5 就活フォーラム.json,.json,37960,2026-07-10T01:06:26.343524
Keep,D:\Programs\追加アイディア\情報\pii-output\clean-dataset\Keep\6(1).html,6(1).html,.html,19310,2026-07-10T01:06:26.390906
Keep,D:\Programs\追加アイディア\情報\pii-output\clean-dataset\Keep\6(1).json,6(1).json,.json,69672,2026-07-10T01:06:26.438022
Keep,D:\Programs\追加アイディア\情報\pii-output\clean-dataset\Keep\6(2).html,6(2).html,.html,24262,2026-07-10T01:06:26.485589
Keep,D:\Programs\追加アイディア\情報\pii-output\clean-dataset\Keep\6(2).json,6(2).json,.json,144202,2026-07-10T01:06:26.580251
Keep,D:\Programs\追加アイディア\情報\pii-output\clean-dataset\Keep\6.html,6.html,.html,25438,2026-07-10T01:06:26.627750
Keep,D:\Programs\追加アイディア\情報\pii-output\clean-dataset\Keep\6.json,6.json,.json,121659,2026-07-10T01:06:26.706764
Keep,D:\Programs\追加アイディア\情報\pii-output\clean-dataset\Keep\6_8.html,6_8.html,.html,29585,2026-07-10T01:06:26.753954
Keep,D:\Programs\追加アイディア\情報\pii-output\clean-dataset\Keep\6_8.json,6_8.json,.json,45639,2026-07-10T01:06:26.769645
Keep,D:\Programs\追加アイディア\情報\pii-output\clean-dataset\Keep\7(1).html,7(1).html,.html,38868,2026-07-10T01:06:26.833542
Keep,D:\Programs\追加アイディア\情報\pii-output\clean-dataset\Keep\7(1).json,7(1).json,.json,303393,2026-07-10T01:06:27.055759
Keep,D:\Programs\追加アイディア\情報\pii-output\clean-dataset\Keep\7-2.html,7-2.html,.html,26087,2026-07-10T01:06:27.103138
Keep,D:\Programs\追加アイディア\情報\pii-output\clean-dataset\Keep\7-2.json,7-2.json,.json,128320,2026-07-10T01:06:27.182460
Keep,D:\Programs\追加アイディア\情報\pii-output\clean-dataset\Keep\7.html,7.html,.html,22733,2026-07-10T01:06:27.229662
Keep,D:\Programs\追加アイディア\情報\pii-output\clean-dataset\Keep\7.json,7.json,.json,117193,2026-07-10T01:06:27.293541
Keep,D:\Programs\追加アイディア\情報\pii-output\clean-dataset\Keep\8.html,8.html,.html,19926,2026-07-10T01:06:27.341114
Keep,D:\Programs\追加アイディア\情報\pii-output\clean-dataset\Keep\8.json,8.json,.json,96041,2026-07-10T01:06:27.404240
Keep,D:\Programs\追加アイディア\情報\pii-output\clean-dataset\Keep\8RAGと記事とか.html,8RAGと記事とか.html,.html,19410,2026-07-10T01:06:27.451827
Keep,D:\Programs\追加アイディア\情報\pii-output\clean-dataset\Keep\8RAGと記事とか.json,8RAGと記事とか.json,.json,111359,2026-07-10T01:06:27.530454
Keep,D:\Programs\追加アイディア\情報\pii-output\clean-dataset\Keep\9000系を.html,9000系を.html,.html,21220,2026-07-10T01:06:27.577811
Keep,D:\Programs\追加アイディア\情報\pii-output\clean-dataset\Keep\9000系を.json,9000系を.json,.json,95804,2026-07-10T01:06:27.648289
Keep,D:\Programs\追加アイディア\情報\pii-output\clean-dataset\Keep\90台のファイル構成.html,90台のファイル構成.html,.html,17543,2026-07-10T01:06:27.688300
Keep,D:\Programs\追加アイディア\情報\pii-output\clean-dataset\Keep\90台のファイル構成.json,90台のファイル構成.json,.json,60144,2026-07-10T01:06:27.719865
Keep,D:\Programs\追加アイディア\情報\pii-output\clean-dataset\Keep\A0.html,A0.html,.html,27950,2026-07-10T01:06:27.767650
Keep,D:\Programs\追加アイディア\情報\pii-output\clean-dataset\Keep\A0.json,A0.json,.json,160564,2026-07-10T01:06:27.878294
Keep,D:\Programs\追加アイディア\情報\pii-output\clean-dataset\Keep\A1.html,A1.html,.html,19216,2026-07-10T01:06:27.925653
Keep,D:\Programs\追加アイディア\情報\pii-output\clean-dataset\Keep\A1.json,A1.json,.json,78401,2026-07-10T01:06:27.972864
Keep,D:\Programs\追加アイディア\情報\pii-output\clean-dataset\Keep\A10.html,A10.html,.html,23582,2026-07-10T01:06:28.020035
Keep,D:\Programs\追加アイディア\情報\pii-output\clean-dataset\Keep\A10.json,A10.json,.json,121291,2026-07-10T01:06:28.099168
Keep,D:\Programs\追加アイディア\情報\pii-output\clean-dataset\Keep\A100.html,A100.html,.html,20979,2026-07-10T01:06:28.146496
Keep,D:\Programs\追加アイディア\情報\pii-output\clean-dataset\Keep\A100.json,A100.json,.json,110245,2026-07-10T01:06:28.225224
Keep,D:\Programs\追加アイディア\情報\pii-output\clean-dataset\Keep\A101.html,A101.html,.html,18743,2026-07-10T01:06:28.278754
Keep,D:\Programs\追加アイディア\情報\pii-output\clean-dataset\Keep\A101.json,A101.json,.json,67968,2026-07-10T01:06:28.322680
Keep,D:\Programs\追加アイディア\情報\pii-output\clean-dataset\Keep\A102.html,A102.html,.html,23977,2026-07-10T01:06:28.368713
Keep,D:\Programs\追加アイディア\情報\pii-output\clean-dataset\Keep\A102.json,A102.json,.json,132823,2026-07-10T01:06:28.464265
Keep,D:\Programs\追加アイディア\情報\pii-output\clean-dataset\Keep\A103.html,A103.html,.html,22525,2026-07-10T01:06:28.511503
Keep,D:\Programs\追加アイディア\情報\pii-output\clean-dataset\Keep\A103.json,A103.json,.json,124437,2026-07-10T01:06:28.590566
Keep,D:\Programs\追加アイディア\情報\pii-output\clean-dataset\Keep\A104.html,A104.html,.html,20410,2026-07-10T01:06:28.637749
Keep,D:\Programs\追加アイディア\情報\pii-output\clean-dataset\Keep\A104.json,A104.json,.json,95502,2026-07-10T01:06:28.700675
Keep,D:\Programs\追加アイディア\情報\pii-output\clean-dataset\Keep\A105.html,A105.html,.html,20339,2026-07-10T01:06:28.750174
Keep,D:\Programs\追加アイディア\情報\pii-output\clean-dataset\Keep\A105.json,A105.json,.json,94980,2026-07-10T01:06:28.811696
Keep,D:\Programs\追加アイディア\情報\pii-output\clean-dataset\Keep\A106.html,A106.html,.html,22458,2026-07-10T01:06:28.869627
Keep,D:\Programs\追加アイディア\情報\pii-output\clean-dataset\Keep\A106.json,A106.json,.json,121788,2026-07-10T01:06:28.938207
Keep,D:\Programs\追加アイディア\情報\pii-output\clean-dataset\Keep\A107.html,A107.html,.html,23055,2026-07-10T01:06:28.991268
Keep,D:\Programs\追加アイディア\情報\pii-output\clean-dataset\Keep\A107.json,A107.json,.json,117920,2026-07-10T01:06:29.070099
Keep,D:\Programs\追加アイディア\情報\pii-output\clean-dataset\Keep\A11.html,A11.html,.html,22558,2026-07-10T01:06:29.129516
Keep,D:\Programs\追加アイディア\情報\pii-output\clean-dataset\Keep\A11.json,A11.json,.json,127750,2026-07-10T01:06:29.208418
Keep,D:\Programs\追加アイディア\情報\pii-output\clean-dataset\Keep\A110.html,A110.html,.html,16708,2026-07-10T01:06:29.255628
Keep,D:\Programs\追加アイディア\情報\pii-output\clean-dataset\Keep\A110.json,A110.json,.json,53206,2026-07-10T01:06:29.287878
Keep,D:\Programs\追加アイディア\情報\pii-output\clean-dataset\Keep\A12.html,A12.html,.html,22380,2026-07-10T01:06:29.335265
Keep,D:\Programs\追加アイディア\情報\pii-output\clean-dataset\Keep\A12.json,A12.json,.json,125070,2026-07-10T01:06:29.413977
Keep,D:\Programs\追加アイディア\情報\pii-output\clean-dataset\Keep\A13.html,A13.html,.html,20141,2026-07-10T01:06:29.471015
Keep,D:\Programs\追加アイディア\情報\pii-output\clean-dataset\Keep\A13.json,A13.json,.json,97457,2026-07-10T01:06:29.524205
Keep,D:\Programs\追加アイディア\情報\pii-output\clean-dataset\Keep\A14.html,A14.html,.html,22211,2026-07-10T01:06:29.571520
Keep,D:\Programs\追加アイディア\情報\pii-output\clean-dataset\Keep\A14.json,A14.json,.json,124493,2026-07-10T01:06:29.666349
Keep,D:\Programs\追加アイディア\情報\pii-output\clean-dataset\Keep\A15.html,A15.html,.html,20241,2026-07-10T01:06:29.713686
Keep,D:\Programs\追加アイディア\情報\pii-output\clean-dataset\Keep\A15.json,A15.json,.json,104569,2026-07-10T01:06:29.777467
Keep,D:\Programs\追加アイディア\情報\pii-output\clean-dataset\Keep\A16.html,A16.html,.html,21193,2026-07-10T01:06:29.825006
Keep,D:\Programs\追加アイディア\情報\pii-output\clean-dataset\Keep\A16.json,A16.json,.json,103663,2026-07-10T01:06:29.903736
Keep,D:\Programs\追加アイディア\情報\pii-output\clean-dataset\Keep\A17(1).html,A17(1).html,.html,22916,2026-07-10T01:06:29.951153
Keep,D:\Programs\追加アイディア\情報\pii-output\clean-dataset\Keep\A17(1).json,A17(1).json,.json,124121,2026-07-10T01:06:30.029743
Keep,D:\Programs\追加アイディア\情報\pii-output\clean-dataset\Keep\A17.html,A17.html,.html,21271,2026-07-10T01:06:30.077244
Keep,D:\Programs\追加アイディア\情報\pii-output\clean-dataset\Keep\A17.json,A17.json,.json,116412,2026-07-10T01:06:30.156087
Keep,D:\Programs\追加アイディア\情報\pii-output\clean-dataset\Keep\A18.html,A18.html,.html,26129,2026-07-10T01:06:30.203290
Keep,D:\Programs\追加アイディア\情報\pii-output\clean-dataset\Keep\A18.json,A18.json,.json,160607,2026-07-10T01:06:30.313653
Keep,D:\Programs\追加アイディア\情報\pii-output\clean-dataset\Keep\A19.html,A19.html,.html,24158,2026-07-10T01:06:30.360866
Keep,D:\Programs\追加アイディア\情報\pii-output\clean-dataset\Keep\A19.json,A19.json,.json,146207,2026-07-10T01:06:30.456053
Keep,D:\Programs\追加アイディア\情報\pii-output\clean-dataset\Keep\A2.html,A2.html,.html,22542,2026-07-10T01:06:30.504142
Keep,D:\Programs\追加アイディア\情報\pii-output\clean-dataset\Keep\A2.json,A2.json,.json,108655,2026-07-10T01:06:30.583344
Keep,D:\Programs\追加アイディア\情報\pii-output\clean-dataset\Keep\A20(1).html,A20(1).html,.html,11448,2026-07-10T01:06:30.614797
Keep,D:\Programs\追加アイディア\情報\pii-output\clean-dataset\Keep\A20(1).json,A20(1).json,.json,274,2026-07-10T01:06:30.614797
Keep,D:\Programs\追加アイディア\情報\pii-output\clean-dataset\Keep\A20.html,A20.html,.html,21671,2026-07-10T01:06:30.662031
Keep,D:\Programs\追加アイディア\情報\pii-output\clean-dataset\Keep\A20.json,A20.json,.json,121526,2026-07-10T01:06:30.742175
Keep,D:\Programs\追加アイディア\情報\pii-output\clean-dataset\Keep\A20まとめ.html,A20まとめ.html,.html,18675,2026-07-10T01:06:30.788240
Keep,D:\Programs\追加アイディア\情報\pii-output\clean-dataset\Keep\A20まとめ.json,A20まとめ.json,.json,79431,2026-07-10T01:06:30.835625
Keep,D:\Programs\追加アイディア\情報\pii-output\clean-dataset\Keep\A21.html,A21.html,.html,19848,2026-07-10T01:06:30.883322
Keep,D:\Programs\追加アイディア\情報\pii-output\clean-dataset\Keep\A21.json,A21.json,.json,89182,2026-07-10T01:06:30.946404
Keep,D:\Programs\追加アイディア\情報\pii-output\clean-dataset\Keep\A22.html,A22.html,.html,19194,2026-07-10T01:06:30.993826
Keep,D:\Programs\追加アイディア\情報\pii-output\clean-dataset\Keep\A22.json,A22.json,.json,82178,2026-07-10T01:06:31.043118
Keep,D:\Programs\追加アイディア\情報\pii-output\clean-dataset\Keep\A23.html,A23.html,.html,20839,2026-07-10T01:06:31.088951
Keep,D:\Programs\追加アイディア\情報\pii-output\clean-dataset\Keep\A23.json,A23.json,.json,105621,2026-07-10T01:06:31.152804
Keep,D:\Programs\追加アイディア\情報\pii-output\clean-dataset\Keep\A24.html,A24.html,.html,20217,2026-07-10T01:06:31.200788
Keep,D:\Programs\追加アイディア\情報\pii-output\clean-dataset\Keep\A24.json,A24.json,.json,88623,2026-07-10T01:06:31.264189
Keep,D:\Programs\追加アイディア\情報\pii-output\clean-dataset\Keep\A25.html,A25.html,.html,20255,2026-07-10T01:06:31.311203
Keep,D:\Programs\追加アイディア\情報\pii-output\clean-dataset\Keep\A25.json,A25.json,.json,105054,2026-07-10T01:06:31.390345
Keep,D:\Programs\追加アイディア\情報\pii-output\clean-dataset\Keep\A26.html,A26.html,.html,19858,2026-07-10T01:06:31.437720
Keep,D:\Programs\追加アイディア\情報\pii-output\clean-dataset\Keep\A26.json,A26.json,.json,91309,2026-07-10T01:06:31.501281
Keep,D:\Programs\追加アイディア\情報\pii-output\clean-dataset\Keep\A27.html,A27.html,.html,20394,2026-07-10T01:06:31.549042
Keep,D:\Programs\追加アイディア\情報\pii-output\clean-dataset\Keep\A27.json,A27.json,.json,95448,2026-07-10T01:06:31.612363
Keep,D:\Programs\追加アイディア\情報\pii-output\clean-dataset\Keep\A28.html,A28.html,.html,20048,2026-07-10T01:06:31.659998
Keep,D:\Programs\追加アイディア\情報\pii-output\clean-dataset\Keep\A28.json,A28.json,.json,96761,2026-07-10T01:06:31.723426
Keep,D:\Programs\追加アイディア\情報\pii-output\clean-dataset\Keep\A29.html,A29.html,.html,20034,2026-07-10T01:06:31.771025
Keep,D:\Programs\追加アイディア\情報\pii-output\clean-dataset\Keep\A29.json,A29.json,.json,95431,2026-07-10T01:06:31.834391
Keep,D:\Programs\追加アイディア\情報\pii-output\clean-dataset\Keep\A3.html,A3.html,.html,27264,2026-07-10T01:06:31.882384
Keep,D:\Programs\追加アイディア\情報\pii-output\clean-dataset\Keep\A3.json,A3.json,.json,172620,2026-07-10T01:06:31.994384
Keep,D:\Programs\追加アイディア\情報\pii-output\clean-dataset\Keep\A30.html,A30.html,.html,20709,2026-07-10T01:06:32.049328
Keep,D:\Programs\追加アイディア\情報\pii-output\clean-dataset\Keep\A30.json,A30.json,.json,98317,2026-07-10T01:06:32.105695
Keep,D:\Programs\追加アイディア\情報\pii-output\clean-dataset\Keep\A31.html,A31.html,.html,22929,2026-07-10T01:06:32.153169
Keep,D:\Programs\追加アイディア\情報\pii-output\clean-dataset\Keep\A31.json,A31.json,.json,127344,2026-07-10T01:06:32.248126
Keep,D:\Programs\追加アイディア\情報\pii-output\clean-dataset\Keep\A32.html,A32.html,.html,19538,2026-07-10T01:06:32.281069
Keep,D:\Programs\追加アイディア\情報\pii-output\clean-dataset\Keep\A32.json,A32.json,.json,95258,2026-07-10T01:06:32.343456
Keep,D:\Programs\追加アイディア\情報\pii-output\clean-dataset\Keep\A33.html,A33.html,.html,23687,2026-07-10T01:06:32.391059
Keep,D:\Programs\追加アイディア\情報\pii-output\clean-dataset\Keep\A33.json,A33.json,.json,141178,2026-07-10T01:06:32.501773
Keep,D:\Programs\追加アイディア\情報\pii-output\clean-dataset\Keep\A34.html,A34.html,.html,22244,2026-07-10T01:06:32.549394
Keep,D:\Programs\追加アイディア\情報\pii-output\clean-dataset\Keep\A34.json,A34.json,.json,118668,2026-07-10T01:06:32.628936
Keep,D:\Programs\追加アイディア\情報\pii-output\clean-dataset\Keep\A35.html,A35.html,.html,27683,2026-07-10T01:06:32.678545
Keep,D:\Programs\追加アイディア\情報\pii-output\clean-dataset\Keep\A35.json,A35.json,.json,182205,2026-07-10T01:06:32.802738
Keep,D:\Programs\追加アイディア\情報\pii-output\clean-dataset\Keep\A36.html,A36.html,.html,27683,2026-07-10T01:06:32.850791
Keep,D:\Programs\追加アイディア\情報\pii-output\clean-dataset\Keep\A36.json,A36.json,.json,182205,2026-07-10T01:06:32.977045
Keep,D:\Programs\追加アイディア\情報\pii-output\clean-dataset\Keep\A37.html,A37.html,.html,18080,2026-07-10T01:06:33.024816
Keep,D:\Programs\追加アイディア\情報\pii-output\clean-dataset\Keep\A37.json,A37.json,.json,72868,2026-07-10T01:06:33.072473
Keep,D:\Programs\追加アイディア\情報\pii-output\clean-dataset\Keep\A38-2.html,A38-2.html,.html,22898,2026-07-10T01:06:33.119911
Keep,D:\Programs\追加アイディア\情報\pii-output\clean-dataset\Keep\A38-2.json,A38-2.json,.json,123966,2026-07-10T01:06:33.198896
Keep,D:\Programs\追加アイディア\情報\pii-output\clean-dataset\Keep\A38.html,A38.html,.html,23527,2026-07-10T01:06:33.246197
Keep,D:\Programs\追加アイディア\情報\pii-output\clean-dataset\Keep\A38.json,A38.json,.json,127725,2026-07-10T01:06:33.341309
Keep,D:\Programs\追加アイディア\情報\pii-output\clean-dataset\Keep\A39.html,A39.html,.html,17731,2026-07-10T01:06:33.373119
Keep,D:\Programs\追加アイディア\情報\pii-output\clean-dataset\Keep\A39.json,A39.json,.json,71732,2026-07-10T01:06:33.436662
Keep,D:\Programs\追加アイディア\情報\pii-output\clean-dataset\Keep\A3　掲示板　ユーザーネーム.html,A3　掲示板　ユーザーネーム.html,.html,16189,2026-07-10T01:06:33.468337
Keep,D:\Programs\追加アイディア\情報\pii-output\clean-dataset\Keep\A3　掲示板　ユーザーネーム.json,A3　掲示板　ユーザーネーム.json,.json,38565,2026-07-10T01:06:33.499886
Keep,D:\Programs\追加アイディア\情報\pii-output\clean-dataset\Keep\A4.html,A4.html,.html,18858,2026-07-10T01:06:33.547588
Keep,D:\Programs\追加アイディア\情報\pii-output\clean-dataset\Keep\A4.json,A4.json,.json,73814,2026-07-10T01:06:33.595037
Keep,D:\Programs\追加アイディア\情報\pii-output\clean-dataset\Keep\A40.html,A40.html,.html,20957,2026-07-10T01:06:33.643581
Keep,D:\Programs\追加アイディア\情報\pii-output\clean-dataset\Keep\A40.json,A40.json,.json,110620,2026-07-10T01:06:33.721348
Keep,D:\Programs\追加アイディア\情報\pii-output\clean-dataset\Keep\A41.html,A41.html,.html,25759,2026-07-10T01:06:33.768598
Keep,D:\Programs\追加アイディア\情報\pii-output\clean-dataset\Keep\A41.json,A41.json,.json,158141,2026-07-10T01:06:33.864803
Keep,D:\Programs\追加アイディア\情報\pii-output\clean-dataset\Keep\A42.html,A42.html,.html,19590,2026-07-10T01:06:33.911209
Keep,D:\Programs\追加アイディア\情報\pii-output\clean-dataset\Keep\A42.json,A42.json,.json,99566,2026-07-10T01:06:33.989953
Keep,D:\Programs\追加アイディア\情報\pii-output\clean-dataset\Keep\A43.html,A43.html,.html,22287,2026-07-10T01:06:34.037236
Keep,D:\Programs\追加アイディア\情報\pii-output\clean-dataset\Keep\A43.json,A43.json,.json,126437,2026-07-10T01:06:34.116952
Keep,D:\Programs\追加アイディア\情報\pii-output\clean-dataset\Keep\A44.html,A44.html,.html,22176,2026-07-10T01:06:34.164464
Keep,D:\Programs\追加アイディア\情報\pii-output\clean-dataset\Keep\A44.json,A44.json,.json,126149,2026-07-10T01:06:34.259821
Keep,D:\Programs\追加アイディア\情報\pii-output\clean-dataset\Keep\A45.html,A45.html,.html,21721,2026-07-10T01:06:34.307252
Keep,D:\Programs\追加アイディア\情報\pii-output\clean-dataset\Keep\A45.json,A45.json,.json,121335,2026-07-10T01:06:34.386140
Keep,D:\Programs\追加アイディア\情報\pii-output\clean-dataset\Keep\A46.html,A46.html,.html,22869,2026-07-10T01:06:34.433369
Keep,D:\Programs\追加アイディア\情報\pii-output\clean-dataset\Keep\A46.json,A46.json,.json,132112,2026-07-10T01:06:34.528429
Keep,D:\Programs\追加アイディア\情報\pii-output\clean-dataset\Keep\A47.html,A47.html,.html,18156,2026-07-10T01:06:34.576085
Keep,D:\Programs\追加アイディア\情報\pii-output\clean-dataset\Keep\A47.json,A47.json,.json,75704,2026-07-10T01:06:34.623425
Keep,D:\Programs\追加アイディア\情報\pii-output\clean-dataset\Keep\A48.html,A48.html,.html,22372,2026-07-10T01:06:34.675398
Keep,D:\Programs\追加アイディア\情報\pii-output\clean-dataset\Keep\A48.json,A48.json,.json,122330,2026-07-10T01:06:34.750463
Keep,D:\Programs\追加アイディア\情報\pii-output\clean-dataset\Keep\A49.html,A49.html,.html,21588,2026-07-10T01:06:34.797940
Keep,D:\Programs\追加アイディア\情報\pii-output\clean-dataset\Keep\A49.json,A49.json,.json,112324,2026-07-10T01:06:34.877136
Keep,D:\Programs\追加アイディア\情報\pii-output\clean-dataset\Keep\A5.html,A5.html,.html,17510,2026-07-10T01:06:34.924994
Keep,D:\Programs\追加アイディア\情報\pii-output\clean-dataset\Keep\A5.json,A5.json,.json,63666,2026-07-10T01:06:34.956833
Keep,D:\Programs\追加アイディア\情報\pii-output\clean-dataset\Keep\A50くらいまであるよ.html,A50くらいまであるよ.html,.html,17232,2026-07-10T01:06:35.005608
Keep,D:\Programs\追加アイディア\情報\pii-output\clean-dataset\Keep\A50くらいまであるよ.json,A50くらいまであるよ.json,.json,51716,2026-07-10T01:06:35.036073
Keep,D:\Programs\追加アイディア\情報\pii-output\clean-dataset\Keep\A60.html,A60.html,.html,22759,2026-07-10T01:06:35.083458
Keep,D:\Programs\追加アイディア\情報\pii-output\clean-dataset\Keep\A60.json,A60.json,.json,122770,2026-07-10T01:06:35.178178
Keep,D:\Programs\追加アイディア\情報\pii-output\clean-dataset\Keep\A60〜A79 の総まとめ（文化エンジンの完全体系.html,A60〜A79 の総まとめ（文化エンジンの完全体系.html,.html,16653,2026-07-10T01:06:35.210914
Keep,D:\Programs\追加アイディア\情報\pii-output\clean-dataset\Keep\A60〜A79 の総まとめ（文化エンジンの完全体系.json,A60〜A79 の総まとめ（文化エンジンの完全体系.json,.json,42828,2026-07-10T01:06:35.241910
Keep,D:\Programs\追加アイディア\情報\pii-output\clean-dataset\Keep\A60あたりでやる。.html,A60あたりでやる。.html,.html,19776,2026-07-10T01:06:35.289256
Keep,D:\Programs\追加アイディア\情報\pii-output\clean-dataset\Keep\A60あたりでやる。.json,A60あたりでやる。.json,.json,76505,2026-07-10T01:06:35.342537
Keep,D:\Programs\追加アイディア\情報\pii-output\clean-dataset\Keep\A60以降の進め方.html,A60以降の進め方.html,.html,16807,2026-07-10T01:06:35.387586
Keep,D:\Programs\追加アイディア\情報\pii-output\clean-dataset\Keep\A60以降の進め方.json,A60以降の進め方.json,.json,55017,2026-07-10T01:06:35.415184
Keep,D:\Programs\追加アイディア\情報\pii-output\clean-dataset\Keep\A61.html,A61.html,.html,19638,2026-07-10T01:06:35.462567
Keep,D:\Programs\追加アイディア\情報\pii-output\clean-dataset\Keep\A61.json,A61.json,.json,90139,2026-07-10T01:06:35.525663
Keep,D:\Programs\追加アイディア\情報\pii-output\clean-dataset\Keep\A62.html,A62.html,.html,19017,2026-07-10T01:06:35.573159
Keep,D:\Programs\追加アイディア\情報\pii-output\clean-dataset\Keep\A62.json,A62.json,.json,82969,2026-07-10T01:06:35.620691
Keep,D:\Programs\追加アイディア\情報\pii-output\clean-dataset\Keep\A63.html,A63.html,.html,20041,2026-07-10T01:06:35.668206
Keep,D:\Programs\追加アイディア\情報\pii-output\clean-dataset\Keep\A63.json,A63.json,.json,93093,2026-07-10T01:06:35.742486
Keep,D:\Programs\追加アイディア\情報\pii-output\clean-dataset\Keep\A64.html,A64.html,.html,17847,2026-07-10T01:06:35.788732
Keep,D:\Programs\追加アイディア\情報\pii-output\clean-dataset\Keep\A64.json,A64.json,.json,71882,2026-07-10T01:06:35.835446
Keep,D:\Programs\追加アイディア\情報\pii-output\clean-dataset\Keep\A65.html,A65.html,.html,18139,2026-07-10T01:06:35.880404
Keep,D:\Programs\追加アイディア\情報\pii-output\clean-dataset\Keep\A65.json,A65.json,.json,75383,2026-07-10T01:06:35.930619
Keep,D:\Programs\追加アイディア\情報\pii-output\clean-dataset\Keep\A66.html,A66.html,.html,23487,2026-07-10T01:06:35.976854
Keep,D:\Programs\追加アイディア\情報\pii-output\clean-dataset\Keep\A66.json,A66.json,.json,123391,2026-07-10T01:06:36.059794
Keep,D:\Programs\追加アイディア\情報\pii-output\clean-dataset\Keep\A67.html,A67.html,.html,23119,2026-07-10T01:06:36.106304
Keep,D:\Programs\追加アイディア\情報\pii-output\clean-dataset\Keep\A67.json,A67.json,.json,124201,2026-07-10T01:06:36.190275
Keep,D:\Programs\追加アイディア\情報\pii-output\clean-dataset\Keep\A68.html,A68.html,.html,23154,2026-07-10T01:06:36.240521
Keep,D:\Programs\追加アイディア\情報\pii-output\clean-dataset\Keep\A68.json,A68.json,.json,123248,2026-07-10T01:06:36.324529
Keep,D:\Programs\追加アイディア\情報\pii-output\clean-dataset\Keep\A69.html,A69.html,.html,23984,2026-07-10T01:06:36.373557
Keep,D:\Programs\追加アイディア\情報\pii-output\clean-dataset\Keep\A69.json,A69.json,.json,129972,2026-07-10T01:06:36.451457
Keep,D:\Programs\追加アイディア\情報\pii-output\clean-dataset\Keep\A7.html,A7.html,.html,16835,2026-07-10T01:06:36.498555
Keep,D:\Programs\追加アイディア\情報\pii-output\clean-dataset\Keep\A7.json,A7.json,.json,68201,2026-07-10T01:06:36.553406
Keep,D:\Programs\追加アイディア\情報\pii-output\clean-dataset\Keep\A70.html,A70.html,.html,19384,2026-07-10T01:06:36.596797
Keep,D:\Programs\追加アイディア\情報\pii-output\clean-dataset\Keep\A70.json,A70.json,.json,82584,2026-07-10T01:06:36.641409
Keep,D:\Programs\追加アイディア\情報\pii-output\clean-dataset\Keep\A71.html,A71.html,.html,16974,2026-07-10T01:06:36.687019
Keep,D:\Programs\追加アイディア\情報\pii-output\clean-dataset\Keep\A71.json,A71.json,.json,64473,2026-07-10T01:06:36.737915
Keep,D:\Programs\追加アイディア\情報\pii-output\clean-dataset\Keep\A72.html,A72.html,.html,17281,2026-07-10T01:06:36.781492
Keep,D:\Programs\追加アイディア\情報\pii-output\clean-dataset\Keep\A72.json,A72.json,.json,67059,2026-07-10T01:06:36.813066
Keep,D:\Programs\追加アイディア\情報\pii-output\clean-dataset\Keep\A73.html,A73.html,.html,17464,2026-07-10T01:06:36.860294
Keep,D:\Programs\追加アイディア\情報\pii-output\clean-dataset\Keep\A73.json,A73.json,.json,68633,2026-07-10T01:06:36.907380
Keep,D:\Programs\追加アイディア\情報\pii-output\clean-dataset\Keep\A74.html,A74.html,.html,17589,2026-07-10T01:06:36.961821
Keep,D:\Programs\追加アイディア\情報\pii-output\clean-dataset\Keep\A74.json,A74.json,.json,69204,2026-07-10T01:06:37.002114
Keep,D:\Programs\追加アイディア\情報\pii-output\clean-dataset\Keep\A75.html,A75.html,.html,17579,2026-07-10T01:06:37.049722
Keep,D:\Programs\追加アイディア\情報\pii-output\clean-dataset\Keep\A75.json,A75.json,.json,69511,2026-07-10T01:06:37.097433
Keep,D:\Programs\追加アイディア\情報\pii-output\clean-dataset\Keep\A76.html,A76.html,.html,17898,2026-07-10T01:06:37.144782
Keep,D:\Programs\追加アイディア\情報\pii-output\clean-dataset\Keep\A76.json,A76.json,.json,70149,2026-07-10T01:06:37.192096
Keep,D:\Programs\追加アイディア\情報\pii-output\clean-dataset\Keep\A77.html,A77.html,.html,17243,2026-07-10T01:06:37.239635
Keep,D:\Programs\追加アイディア\情報\pii-output\clean-dataset\Keep\A77.json,A77.json,.json,67314,2026-07-10T01:06:37.287514
Keep,D:\Programs\追加アイディア\情報\pii-output\clean-dataset\Keep\A78.html,A78.html,.html,17140,2026-07-10T01:06:37.318528
Keep,D:\Programs\追加アイディア\情報\pii-output\clean-dataset\Keep\A78.json,A78.json,.json,65407,2026-07-10T01:06:37.365597
Keep,D:\Programs\追加アイディア\情報\pii-output\clean-dataset\Keep\A79.html,A79.html,.html,20470,2026-07-10T01:06:37.412796
Keep,D:\Programs\追加アイディア\情報\pii-output\clean-dataset\Keep\A79.json,A79.json,.json,102645,2026-07-10T01:06:37.488786
Keep,D:\Programs\追加アイディア\情報\pii-output\clean-dataset\Keep\A8.html,A8.html,.html,17364,2026-07-10T01:06:37.523172
Keep,D:\Programs\追加アイディア\情報\pii-output\clean-dataset\Keep\A8.json,A8.json,.json,73865,2026-07-10T01:06:37.570660
Keep,D:\Programs\追加アイディア\情報\pii-output\clean-dataset\Keep\A80.html,A80.html,.html,19230,2026-07-10T01:06:37.618253
Keep,D:\Programs\追加アイディア\情報\pii-output\clean-dataset\Keep\A80.json,A80.json,.json,84885,2026-07-10T01:06:37.681676
Keep,D:\Programs\追加アイディア\情報\pii-output\clean-dataset\Keep\A81.html,A81.html,.html,17297,2026-07-10T01:06:37.730351
Keep,D:\Programs\追加アイディア\情報\pii-output\clean-dataset\Keep\A81.json,A81.json,.json,58724,2026-07-10T01:06:37.771647
Keep,D:\Programs\追加アイディア\情報\pii-output\clean-dataset\Keep\A82.html,A82.html,.html,18773,2026-07-10T01:06:37.807129
Keep,D:\Programs\追加アイディア\情報\pii-output\clean-dataset\Keep\A82.json,A82.json,.json,80818,2026-07-10T01:06:37.870737
Keep,D:\Programs\追加アイディア\情報\pii-output\clean-dataset\Keep\A83_.html,A83_.html,.html,19221,2026-07-10T01:06:37.916770
Keep,D:\Programs\追加アイディア\情報\pii-output\clean-dataset\Keep\A83_.json,A83_.json,.json,86029,2026-07-10T01:06:37.964516
Keep,D:\Programs\追加アイディア\情報\pii-output\clean-dataset\Keep\A84.html,A84.html,.html,19305,2026-07-10T01:06:38.011666
Keep,D:\Programs\追加アイディア\情報\pii-output\clean-dataset\Keep\A84.json,A84.json,.json,84200,2026-07-10T01:06:38.077849
Keep,D:\Programs\追加アイディア\情報\pii-output\clean-dataset\Keep\A85.html,A85.html,.html,19354,2026-07-10T01:06:38.121460
Keep,D:\Programs\追加アイディア\情報\pii-output\clean-dataset\Keep\A85.json,A85.json,.json,84312,2026-07-10T01:06:38.168952
Keep,D:\Programs\追加アイディア\情報\pii-output\clean-dataset\Keep\A86.html,A86.html,.html,19178,2026-07-10T01:06:38.216446
Keep,D:\Programs\追加アイディア\情報\pii-output\clean-dataset\Keep\A86.json,A86.json,.json,84295,2026-07-10T01:06:38.279339
Keep,D:\Programs\追加アイディア\情報\pii-output\clean-dataset\Keep\A87.html,A87.html,.html,19955,2026-07-10T01:06:38.327134
Keep,D:\Programs\追加アイディア\情報\pii-output\clean-dataset\Keep\A87.json,A87.json,.json,87189,2026-07-10T01:06:38.374591
Keep,D:\Programs\追加アイディア\情報\pii-output\clean-dataset\Keep\A88.html,A88.html,.html,19375,2026-07-10T01:06:38.422493
Keep,D:\Programs\追加アイディア\情報\pii-output\clean-dataset\Keep\A88.json,A88.json,.json,85373,2026-07-10T01:06:38.490753
Keep,D:\Programs\追加アイディア\情報\pii-output\clean-dataset\Keep\A89.html,A89.html,.html,20154,2026-07-10T01:06:38.535583
Keep,D:\Programs\追加アイディア\情報\pii-output\clean-dataset\Keep\A89.json,A89.json,.json,90915,2026-07-10T01:06:38.597109
Keep,D:\Programs\追加アイディア\情報\pii-output\clean-dataset\Keep\A9.html,A9.html,.html,18885,2026-07-10T01:06:38.644618
Keep,D:\Programs\追加アイディア\情報\pii-output\clean-dataset\Keep\A9.json,A9.json,.json,90450,2026-07-10T01:06:38.692169
Keep,D:\Programs\追加アイディア\情報\pii-output\clean-dataset\Keep\A90-1(1).html,A90-1(1).html,.html,16098,2026-07-10T01:06:38.739842
Keep,D:\Programs\追加アイディア\情報\pii-output\clean-dataset\Keep\A90-1(1).json,A90-1(1).json,.json,54835,2026-07-10T01:06:38.771675
Keep,D:\Programs\追加アイディア\情報\pii-output\clean-dataset\Keep\A90-1.html,A90-1.html,.html,20675,2026-07-10T01:06:38.819242
Keep,D:\Programs\追加アイディア\情報\pii-output\clean-dataset\Keep\A90-1.json,A90-1.json,.json,92786,2026-07-10T01:06:38.891609
Keep,D:\Programs\追加アイディア\情報\pii-output\clean-dataset\Keep\A90-10.html,A90-10.html,.html,16831,2026-07-10T01:06:38.930375
Keep,D:\Programs\追加アイディア\情報\pii-output\clean-dataset\Keep\A90-10.json,A90-10.json,.json,43415,2026-07-10T01:06:38.961886
Keep,D:\Programs\追加アイディア\情報\pii-output\clean-dataset\Keep\A90-11.html,A90-11.html,.html,16778,2026-07-10T01:06:39.011192
Keep,D:\Programs\追加アイディア\情報\pii-output\clean-dataset\Keep\A90-11.json,A90-11.json,.json,43967,2026-07-10T01:06:39.040662
Keep,D:\Programs\追加アイディア\情報\pii-output\clean-dataset\Keep\A90-12.html,A90-12.html,.html,17354,2026-07-10T01:06:39.072467
Keep,D:\Programs\追加アイディア\情報\pii-output\clean-dataset\Keep\A90-12.json,A90-12.json,.json,46475,2026-07-10T01:06:39.117445
Keep,D:\Programs\追加アイディア\情報\pii-output\clean-dataset\Keep\A90-13.html,A90-13.html,.html,16716,2026-07-10T01:06:39.163462
Keep,D:\Programs\追加アイディア\情報\pii-output\clean-dataset\Keep\A90-13.json,A90-13.json,.json,43831,2026-07-10T01:06:39.181855
Keep,D:\Programs\追加アイディア\情報\pii-output\clean-dataset\Keep\A90-14.html,A90-14.html,.html,17928,2026-07-10T01:06:39.229590
Keep,D:\Programs\追加アイディア\情報\pii-output\clean-dataset\Keep\A90-14.json,A90-14.json,.json,50450,2026-07-10T01:06:39.261330
Keep,D:\Programs\追加アイディア\情報\pii-output\clean-dataset\Keep\A90-15.html,A90-15.html,.html,17463,2026-07-10T01:06:39.308375
Keep,D:\Programs\追加アイディア\情報\pii-output\clean-dataset\Keep\A90-15.json,A90-15.json,.json,49688,2026-07-10T01:06:39.340271
Keep,D:\Programs\追加アイディア\情報\pii-output\clean-dataset\Keep\A90-2.html,A90-2.html,.html,20265,2026-07-10T01:06:39.387657
Keep,D:\Programs\追加アイディア\情報\pii-output\clean-dataset\Keep\A90-2.json,A90-2.json,.json,95769,2026-07-10T01:06:39.451022
Keep,D:\Programs\追加アイディア\情報\pii-output\clean-dataset\Keep\A90-2〜6.html,A90-2〜6.html,.html,19358,2026-07-10T01:06:39.498818
Keep,D:\Programs\追加アイディア\情報\pii-output\clean-dataset\Keep\A90-2〜6.json,A90-2〜6.json,.json,82439,2026-07-10T01:06:39.561912
Keep,D:\Programs\追加アイディア\情報\pii-output\clean-dataset\Keep\A90-3.html,A90-3.html,.html,19781,2026-07-10T01:06:39.593813
Keep,D:\Programs\追加アイディア\情報\pii-output\clean-dataset\Keep\A90-3.json,A90-3.json,.json,96142,2026-07-10T01:06:39.670683
Keep,D:\Programs\追加アイディア\情報\pii-output\clean-dataset\Keep\A90-4.html,A90-4.html,.html,18484,2026-07-10T01:06:39.716223
Keep,D:\Programs\追加アイディア\情報\pii-output\clean-dataset\Keep\A90-4.json,A90-4.json,.json,82708,2026-07-10T01:06:39.771568
Keep,D:\Programs\追加アイディア\情報\pii-output\clean-dataset\Keep\A90-5.html,A90-5.html,.html,24573,2026-07-10T01:06:39.824561
Keep,D:\Programs\追加アイディア\情報\pii-output\clean-dataset\Keep\A90-5.json,A90-5.json,.json,156600,2026-07-10T01:06:39.925446
Keep,D:\Programs\追加アイディア\情報\pii-output\clean-dataset\Keep\A90-6.html,A90-6.html,.html,18949,2026-07-10T01:06:39.972590
Keep,D:\Programs\追加アイディア\情報\pii-output\clean-dataset\Keep\A90-6.json,A90-6.json,.json,82621,2026-07-10T01:06:40.020423
Keep,D:\Programs\追加アイディア\情報\pii-output\clean-dataset\Keep\A90-7.html,A90-7.html,.html,16168,2026-07-10T01:06:40.077045
Keep,D:\Programs\追加アイディア\情報\pii-output\clean-dataset\Keep\A90-7.json,A90-7.json,.json,39660,2026-07-10T01:06:40.103817
Keep,D:\Programs\追加アイディア\情報\pii-output\clean-dataset\Keep\A90-8.html,A90-8.html,.html,16626,2026-07-10T01:06:40.146791
Keep,D:\Programs\追加アイディア\情報\pii-output\clean-dataset\Keep\A90-8.json,A90-8.json,.json,40247,2026-07-10T01:06:40.175268
Keep,D:\Programs\追加アイディア\情報\pii-output\clean-dataset\Keep\A90-9.html,A90-9.html,.html,16403,2026-07-10T01:06:40.219102
Keep,D:\Programs\追加アイディア\情報\pii-output\clean-dataset\Keep\A90-9.json,A90-9.json,.json,42903,2026-07-10T01:06:40.240705
Keep,D:\Programs\追加アイディア\情報\pii-output\clean-dataset\Keep\A90ai.html,A90ai.html,.html,17446,2026-07-10T01:06:40.288454
Keep,D:\Programs\追加アイディア\情報\pii-output\clean-dataset\Keep\A90ai.json,A90ai.json,.json,68641,2026-07-10T01:06:40.336117
Keep,D:\Programs\追加アイディア\情報\pii-output\clean-dataset\Keep\A90✨️.html,A90✨️.html,.html,17934,2026-07-10T01:06:40.367781
Keep,D:\Programs\追加アイディア\情報\pii-output\clean-dataset\Keep\A90✨️.json,A90✨️.json,.json,59197,2026-07-10T01:06:40.415063
Keep,D:\Programs\追加アイディア\情報\pii-output\clean-dataset\Keep\A95(1).html,A95(1).html,.html,17911,2026-07-10T01:06:40.463312
Keep,D:\Programs\追加アイディア\情報\pii-output\clean-dataset\Keep\A95(1).json,A95(1).json,.json,73934,2026-07-10T01:06:40.509391
Keep,D:\Programs\追加アイディア\情報\pii-output\clean-dataset\Keep\A95.html,A95.html,.html,18230,2026-07-10T01:06:40.556830
Keep,D:\Programs\追加アイディア\情報\pii-output\clean-dataset\Keep\A95.json,A95.json,.json,79558,2026-07-10T01:06:40.619728
Keep,D:\Programs\追加アイディア\情報\pii-output\clean-dataset\Keep\aipromptcivilizationosv2.txt.html,aipromptcivilizationosv2.txt.html,.html,24607,2026-07-10T01:06:40.667481
Keep,D:\Programs\追加アイディア\情報\pii-output\clean-dataset\Keep\aipromptcivilizationosv2.txt.json,aipromptcivilizationosv2.txt.json,.json,115037,2026-07-10T01:06:40.730489
Keep,D:\Programs\追加アイディア\情報\pii-output\clean-dataset\Keep\AIシステム.html,AIシステム.html,.html,15564,2026-07-10T01:06:40.779753
Keep,D:\Programs\追加アイディア\情報\pii-output\clean-dataset\Keep\AIシステム.json,AIシステム.json,.json,44455,2026-07-10T01:06:40.793804
Keep,D:\Programs\追加アイディア\情報\pii-output\clean-dataset\Keep\AI要約システム.html,AI要約システム.html,.html,15933,2026-07-10T01:06:40.841071
Keep,D:\Programs\追加アイディア\情報\pii-output\clean-dataset\Keep\AI要約システム.json,AI要約システム.json,.json,24989,2026-07-10T01:06:40.856977
Keep,D:\Programs\追加アイディア\情報\pii-output\clean-dataset\Keep\API 仕様（完全版.html,API 仕様（完全版.html,.html,16007,2026-07-10T01:06:40.904655
Keep,D:\Programs\追加アイディア\情報\pii-output\clean-dataset\Keep\API 仕様（完全版.json,API 仕様（完全版.json,.json,58077,2026-07-10T01:06:40.951185
Keep,D:\Programs\追加アイディア\情報\pii-output\clean-dataset\Keep\api.html,api.html,.html,38735,2026-07-10T01:06:41.015052
Keep,D:\Programs\追加アイディア\情報\pii-output\clean-dataset\Keep\api.json,api.json,.json,321920,2026-07-10T01:06:41.236527
Keep,D:\Programs\追加アイディア\情報\pii-output\clean-dataset\Keep\API一覧.html,API一覧.html,.html,17075,2026-07-10T01:06:41.290049
Keep,D:\Programs\追加アイディア\情報\pii-output\clean-dataset\Keep\API一覧.json,API一覧.json,.json,84102,2026-07-10T01:06:41.348419
Keep,D:\Programs\追加アイディア\情報\pii-output\clean-dataset\Keep\app.tax.html,app.tax.html,.html,14799,2026-07-10T01:06:41.395872
Keep,D:\Programs\追加アイディア\情報\pii-output\clean-dataset\Keep\app.tax.json,app.tax.json,.json,40848,2026-07-10T01:06:41.411567
Keep,D:\Programs\追加アイディア\情報\pii-output\clean-dataset\Keep\B1.html,B1.html,.html,13775,2026-07-10T01:06:41.459268
Keep,D:\Programs\追加アイディア\情報\pii-output\clean-dataset\Keep\B1.json,B1.json,.json,27580,2026-07-10T01:06:41.486787
Keep,D:\Programs\追加アイディア\情報\pii-output\clean-dataset\Keep\B10.html,B10.html,.html,16594,2026-07-10T01:06:41.522550
Keep,D:\Programs\追加アイディア\情報\pii-output\clean-dataset\Keep\B10.json,B10.json,.json,58867,2026-07-10T01:06:41.570092
Keep,D:\Programs\追加アイディア\情報\pii-output\clean-dataset\Keep\B11.html,B11.html,.html,15530,2026-07-10T01:06:41.601829
Keep,D:\Programs\追加アイディア\情報\pii-output\clean-dataset\Keep\B11.json,B11.json,.json,48635,2026-07-10T01:06:41.650326
Keep,D:\Programs\追加アイディア\情報\pii-output\clean-dataset\Keep\B12.html,B12.html,.html,17532,2026-07-10T01:06:41.694203
Keep,D:\Programs\追加アイディア\情報\pii-output\clean-dataset\Keep\B12.json,B12.json,.json,70066,2026-07-10T01:06:41.728176
Keep,D:\Programs\追加アイディア\情報\pii-output\clean-dataset\Keep\B13.html,B13.html,.html,16573,2026-07-10T01:06:41.775765
Keep,D:\Programs\追加アイディア\情報\pii-output\clean-dataset\Keep\B13.json,B13.json,.json,57349,2026-07-10T01:06:41.824364
Keep,D:\Programs\追加アイディア\情報\pii-output\clean-dataset\Keep\B14 backend_src_test.ts.html,B14 backend_src_test.ts.html,.html,16915,2026-07-10T01:06:41.870878
Keep,D:\Programs\追加アイディア\情報\pii-output\clean-dataset\Keep\B14 backend_src_test.ts.json,B14 backend_src_test.ts.json,.json,58744,2026-07-10T01:06:41.902526
Keep,D:\Programs\追加アイディア\情報\pii-output\clean-dataset\Keep\B2.html,B2.html,.html,13896,2026-07-10T01:06:41.953432
Keep,D:\Programs\追加アイディア\情報\pii-output\clean-dataset\Keep\B2.json,B2.json,.json,33744,2026-07-10T01:06:41.965500
Keep,D:\Programs\追加アイディア\情報\pii-output\clean-dataset\Keep\B3.html,B3.html,.html,14776,2026-07-10T01:06:42.012752
Keep,D:\Programs\追加アイディア\情報\pii-output\clean-dataset\Keep\B3.json,B3.json,.json,35609,2026-07-10T01:06:42.046500
Keep,D:\Programs\追加アイディア\情報\pii-output\clean-dataset\Keep\B4.html,B4.html,.html,17179,2026-07-10T01:06:42.076034
Keep,D:\Programs\追加アイディア\情報\pii-output\clean-dataset\Keep\B4.json,B4.json,.json,67471,2026-07-10T01:06:42.134772
Keep,D:\Programs\追加アイディア\情報\pii-output\clean-dataset\Keep\B5.html,B5.html,.html,17379,2026-07-10T01:06:42.178391
Keep,D:\Programs\追加アイディア\情報\pii-output\clean-dataset\Keep\B5.json,B5.json,.json,68372,2026-07-10T01:06:42.218154
Keep,D:\Programs\追加アイディア\情報\pii-output\clean-dataset\Keep\B6.html,B6.html,.html,16451,2026-07-10T01:06:42.265565
Keep,D:\Programs\追加アイディア\情報\pii-output\clean-dataset\Keep\B6.json,B6.json,.json,65698,2026-07-10T01:06:42.312385
Keep,D:\Programs\追加アイディア\情報\pii-output\clean-dataset\Keep\B7.html,B7.html,.html,14964,2026-07-10T01:06:42.344947
Keep,D:\Programs\追加アイディア\情報\pii-output\clean-dataset\Keep\B7.json,B7.json,.json,41755,2026-07-10T01:06:42.376764
Keep,D:\Programs\追加アイディア\情報\pii-output\clean-dataset\Keep\B8.html,B8.html,.html,15408,2026-07-10T01:06:42.424444
Keep,D:\Programs\追加アイディア\情報\pii-output\clean-dataset\Keep\B8.json,B8.json,.json,49884,2026-07-10T01:06:42.465242
Keep,D:\Programs\追加アイディア\情報\pii-output\clean-dataset\Keep\B9.html,B9.html,.html,15152,2026-07-10T01:06:42.503217
Keep,D:\Programs\追加アイディア\情報\pii-output\clean-dataset\Keep\B9.json,B9.json,.json,42797,2026-07-10T01:06:42.534711
Keep,D:\Programs\追加アイディア\情報\pii-output\clean-dataset\Keep\BIT_Hercules 公開宣言書（Draft）.html,BIT_Hercules 公開宣言書（Draft）.html,.html,16718,2026-07-10T01:06:42.584394
Keep,D:\Programs\追加アイディア\情報\pii-output\clean-dataset\Keep\BIT_Hercules 公開宣言書（Draft）.json,BIT_Hercules 公開宣言書（Draft）.json,.json,46670,2026-07-10T01:06:42.614204
Keep,D:\Programs\追加アイディア\情報\pii-output\clean-dataset\Keep\BITヘラクレス・エコシステム.html,BITヘラクレス・エコシステム.html,.html,36434,2026-07-10T01:06:42.661812
Keep,D:\Programs\追加アイディア\情報\pii-output\clean-dataset\Keep\BITヘラクレス・エコシステム.json,BITヘラクレス・エコシステム.json,.json,275134,2026-07-10T01:06:42.836085
Keep,D:\Programs\追加アイディア\情報\pii-output\clean-dataset\Keep\Branch Diff Viewer（世界のブランチを自動で比較し、差分を視覚化する）」.html,Branch Diff Viewer（世界のブランチを自動で比較し、差分を視覚化する）」.html,.html,19977,2026-07-10T01:06:42.883279
Keep,D:\Programs\追加アイディア\情報\pii-output\clean-dataset\Keep\Branch Diff Viewer（世界のブランチを自動で比較し、差分を視覚化する）」.json,Branch Diff Viewer（世界のブランチを自動で比較し、差分を視覚化する）」.json,.json,80863,2026-07-10T01:06:42.930743
Keep,D:\Programs\追加アイディア\情報\pii-output\clean-dataset\Keep\Builder.html,Builder.html,.html,19244,2026-07-10T01:06:42.978351
Keep,D:\Programs\追加アイディア\情報\pii-output\clean-dataset\Keep\Builder.json,Builder.json,.json,73810,2026-07-10T01:06:43.025539
Keep,D:\Programs\追加アイディア\情報\pii-output\clean-dataset\Keep\C-USB.html,C-USB.html,.html,28332,2026-07-10T01:06:43.073271
Keep,D:\Programs\追加アイディア\情報\pii-output\clean-dataset\Keep\C-USB.json,C-USB.json,.json,176716,2026-07-10T01:06:43.184913
Keep,D:\Programs\追加アイディア\情報\pii-output\clean-dataset\Keep\CivilizationSyncEngine（文明OS 同期エンジン _ 完全版）.html,CivilizationSyncEngine（文明OS 同期エンジン _ 完全版）.html,.html,17163,2026-07-10T01:06:43.230866
Keep,D:\Programs\追加アイディア\情報\pii-output\clean-dataset\Keep\CivilizationSyncEngine（文明OS 同期エンジン _ 完全版）.json,CivilizationSyncEngine（文明OS 同期エンジン _ 完全版）.json,.json,61493,2026-07-10T01:06:43.279794
Keep,D:\Programs\追加アイディア\情報\pii-output\clean-dataset\Keep\Cloudflare Workers 版（完全版・凍結版）.html,Cloudflare Workers 版（完全版・凍結版）.html,.html,14666,2026-07-10T01:06:43.309456
Keep,D:\Programs\追加アイディア\情報\pii-output\clean-dataset\Keep\Cloudflare Workers 版（完全版・凍結版）.json,Cloudflare Workers 版（完全版・凍結版）.json,.json,39320,2026-07-10T01:06:43.341379
Keep,D:\Programs\追加アイディア\情報\pii-output\clean-dataset\Keep\css.html,css.html,.html,15983,2026-07-10T01:06:43.389790
Keep,D:\Programs\追加アイディア\情報\pii-output\clean-dataset\Keep\css.json,css.json,.json,72446,2026-07-10T01:06:43.436158
Keep,D:\Programs\追加アイディア\情報\pii-output\clean-dataset\Keep\CSS分離.html,CSS分離.html,.html,32325,2026-07-10T01:06:43.483756
Keep,D:\Programs\追加アイディア\情報\pii-output\clean-dataset\Keep\CSS分離.json,CSS分離.json,.json,185567,2026-07-10T01:06:43.598311
Keep,D:\Programs\追加アイディア\情報\pii-output\clean-dataset\Keep\DBテスト.html,DBテスト.html,.html,19843,2026-07-10T01:06:43.656365
Keep,D:\Programs\追加アイディア\情報\pii-output\clean-dataset\Keep\DBテスト.json,DBテスト.json,.json,94261,2026-07-10T01:06:43.731224
Keep,D:\Programs\追加アイディア\情報\pii-output\clean-dataset\Keep\DB完成.html,DB完成.html,.html,17671,2026-07-10T01:06:43.778250
Keep,D:\Programs\追加アイディア\情報\pii-output\clean-dataset\Keep\DB完成.json,DB完成.json,.json,75858,2026-07-10T01:06:43.832051
Keep,D:\Programs\追加アイディア\情報\pii-output\clean-dataset\Keep\Docker.html,Docker.html,.html,31135,2026-07-10T01:06:43.879644
Keep,D:\Programs\追加アイディア\情報\pii-output\clean-dataset\Keep\Docker.json,Docker.json,.json,213292,2026-07-10T01:06:44.021577
Keep,D:\Programs\追加アイディア\情報\pii-output\clean-dataset\Keep\Evolution Engine に “自己進化ループ” を追加し、文明が自律的に進化し続ける AG.html,Evolution Engine に “自己進化ループ” を追加し、文明が自律的に進化し続ける AG.html,.html,18313,2026-07-10T01:06:44.069079
Keep,D:\Programs\追加アイディア\情報\pii-output\clean-dataset\Keep\Evolution Engine に “自己進化ループ” を追加し、文明が自律的に進化し続ける AG.json,Evolution Engine に “自己進化ループ” を追加し、文明が自律的に進化し続ける AG.json,.json,69691,2026-07-10T01:06:44.116604
Keep,D:\Programs\追加アイディア\情報\pii-output\clean-dataset\Keep\F1.html,F1.html,.html,15311,2026-07-10T01:06:44.148557
Keep,D:\Programs\追加アイディア\情報\pii-output\clean-dataset\Keep\F1.json,F1.json,.json,56477,2026-07-10T01:06:44.195911
Keep,D:\Programs\追加アイディア\情報\pii-output\clean-dataset\Keep\F10.html,F10.html,.html,16992,2026-07-10T01:06:44.227464
Keep,D:\Programs\追加アイディア\情報\pii-output\clean-dataset\Keep\F10.json,F10.json,.json,69999,2026-07-10T01:06:44.291295
Keep,D:\Programs\追加アイディア\情報\pii-output\clean-dataset\Keep\F11.html,F11.html,.html,15749,2026-07-10T01:06:44.323087
Keep,D:\Programs\追加アイディア\情報\pii-output\clean-dataset\Keep\F11.json,F11.json,.json,45738,2026-07-10T01:06:44.354724
Keep,D:\Programs\追加アイディア\情報\pii-output\clean-dataset\Keep\F12.html,F12.html,.html,16354,2026-07-10T01:06:44.402565
Keep,D:\Programs\追加アイディア\情報\pii-output\clean-dataset\Keep\F12.json,F12.json,.json,52865,2026-07-10T01:06:44.434098
Keep,D:\Programs\追加アイディア\情報\pii-output\clean-dataset\Keep\F13.html,F13.html,.html,17611,2026-07-10T01:06:44.481483
Keep,D:\Programs\追加アイディア\情報\pii-output\clean-dataset\Keep\F13.json,F13.json,.json,65537,2026-07-10T01:06:44.529132
Keep,D:\Programs\追加アイディア\情報\pii-output\clean-dataset\Keep\F14_.html,F14_.html,.html,17116,2026-07-10T01:06:44.576673
Keep,D:\Programs\追加アイディア\情報\pii-output\clean-dataset\Keep\F14_.json,F14_.json,.json,62955,2026-07-10T01:06:44.608166
Keep,D:\Programs\追加アイディア\情報\pii-output\clean-dataset\Keep\F15.html,F15.html,.html,17015,2026-07-10T01:06:44.655625
Keep,D:\Programs\追加アイディア\情報\pii-output\clean-dataset\Keep\F15.json,F15.json,.json,62574,2026-07-10T01:06:44.708319
Keep,D:\Programs\追加アイディア\情報\pii-output\clean-dataset\Keep\F16.html,F16.html,.html,17715,2026-07-10T01:06:44.751823
Keep,D:\Programs\追加アイディア\情報\pii-output\clean-dataset\Keep\F16.json,F16.json,.json,68276,2026-07-10T01:06:44.797370
Keep,D:\Programs\追加アイディア\情報\pii-output\clean-dataset\Keep\F17.html,F17.html,.html,17573,2026-07-10T01:06:44.844919
Keep,D:\Programs\追加アイディア\情報\pii-output\clean-dataset\Keep\F17.json,F17.json,.json,66970,2026-07-10T01:06:44.890417
Keep,D:\Programs\追加アイディア\情報\pii-output\clean-dataset\Keep\F18.html,F18.html,.html,18660,2026-07-10T01:06:44.924479
Keep,D:\Programs\追加アイディア\情報\pii-output\clean-dataset\Keep\F18.json,F18.json,.json,81531,2026-07-10T01:06:44.988087
Keep,D:\Programs\追加アイディア\情報\pii-output\clean-dataset\Keep\F19.html,F19.html,.html,17998,2026-07-10T01:06:45.019772
Keep,D:\Programs\追加アイディア\情報\pii-output\clean-dataset\Keep\F19.json,F19.json,.json,68797,2026-07-10T01:06:45.067194
Keep,D:\Programs\追加アイディア\情報\pii-output\clean-dataset\Keep\F2.html,F2.html,.html,16546,2026-07-10T01:06:45.118247
Keep,D:\Programs\追加アイディア\情報\pii-output\clean-dataset\Keep\F2.json,F2.json,.json,66704,2026-07-10T01:06:45.172909
Keep,D:\Programs\追加アイディア\情報\pii-output\clean-dataset\Keep\F20.html,F20.html,.html,19507,2026-07-10T01:06:45.208804
Keep,D:\Programs\追加アイディア\情報\pii-output\clean-dataset\Keep\F20.json,F20.json,.json,95256,2026-07-10T01:06:45.272006
Keep,D:\Programs\追加アイディア\情報\pii-output\clean-dataset\Keep\F21.html,F21.html,.html,17897,2026-07-10T01:06:45.321763
Keep,D:\Programs\追加アイディア\情報\pii-output\clean-dataset\Keep\F21.json,F21.json,.json,73308,2026-07-10T01:06:45.367314
Keep,D:\Programs\追加アイディア\情報\pii-output\clean-dataset\Keep\F22.html,F22.html,.html,17964,2026-07-10T01:06:45.414540
Keep,D:\Programs\追加アイディア\情報\pii-output\clean-dataset\Keep\F22.json,F22.json,.json,72210,2026-07-10T01:06:45.461918
Keep,D:\Programs\追加アイディア\情報\pii-output\clean-dataset\Keep\F23.html,F23.html,.html,18008,2026-07-10T01:06:45.508979
Keep,D:\Programs\追加アイディア\情報\pii-output\clean-dataset\Keep\F23.json,F23.json,.json,70095,2026-07-10T01:06:45.556320
Keep,D:\Programs\追加アイディア\情報\pii-output\clean-dataset\Keep\F24.html,F24.html,.html,17414,2026-07-10T01:06:45.603859
Keep,D:\Programs\追加アイディア\情報\pii-output\clean-dataset\Keep\F24.json,F24.json,.json,67015,2026-07-10T01:06:45.635420
Keep,D:\Programs\追加アイディア\情報\pii-output\clean-dataset\Keep\F25.html,F25.html,.html,18254,2026-07-10T01:06:45.683403
Keep,D:\Programs\追加アイディア\情報\pii-output\clean-dataset\Keep\F25.json,F25.json,.json,75650,2026-07-10T01:06:45.730931
Keep,D:\Programs\追加アイディア\情報\pii-output\clean-dataset\Keep\F26.html,F26.html,.html,18548,2026-07-10T01:06:45.778460
Keep,D:\Programs\追加アイディア\情報\pii-output\clean-dataset\Keep\F26.json,F26.json,.json,80286,2026-07-10T01:06:45.841709
Keep,D:\Programs\追加アイディア\情報\pii-output\clean-dataset\Keep\F27.html,F27.html,.html,17848,2026-07-10T01:06:45.888964
Keep,D:\Programs\追加アイディア\情報\pii-output\clean-dataset\Keep\F27.json,F27.json,.json,72473,2026-07-10T01:06:45.936072
Keep,D:\Programs\追加アイディア\情報\pii-output\clean-dataset\Keep\F28.html,F28.html,.html,18479,2026-07-10T01:06:45.983474
Keep,D:\Programs\追加アイディア\情報\pii-output\clean-dataset\Keep\F28.json,F28.json,.json,78445,2026-07-10T01:06:46.030644
Keep,D:\Programs\追加アイディア\情報\pii-output\clean-dataset\Keep\F29_.html,F29_.html,.html,16653,2026-07-10T01:06:46.077985
Keep,D:\Programs\追加アイディア\情報\pii-output\clean-dataset\Keep\F29_.json,F29_.json,.json,61342,2026-07-10T01:06:46.125475
Keep,D:\Programs\追加アイディア\情報\pii-output\clean-dataset\Keep\F3.html,F3.html,.html,17823,2026-07-10T01:06:46.157051
Keep,D:\Programs\追加アイディア\情報\pii-output\clean-dataset\Keep\F3.json,F3.json,.json,81411,2026-07-10T01:06:46.220146
Keep,D:\Programs\追加アイディア\情報\pii-output\clean-dataset\Keep\F31.html,F31.html,.html,21155,2026-07-10T01:06:46.267309
Keep,D:\Programs\追加アイディア\情報\pii-output\clean-dataset\Keep\F31.json,F31.json,.json,115405,2026-07-10T01:06:46.346902
Keep,D:\Programs\追加アイディア\情報\pii-output\clean-dataset\Keep\F32.html,F32.html,.html,17949,2026-07-10T01:06:46.378787
Keep,D:\Programs\追加アイディア\情報\pii-output\clean-dataset\Keep\F32.json,F32.json,.json,73858,2026-07-10T01:06:46.442398
Keep,D:\Programs\追加アイディア\情報\pii-output\clean-dataset\Keep\F33_.html,F33_.html,.html,23659,2026-07-10T01:06:46.490182
Keep,D:\Programs\追加アイディア\情報\pii-output\clean-dataset\Keep\F33_.json,F33_.json,.json,144088,2026-07-10T01:06:46.585271
Keep,D:\Programs\追加アイディア\情報\pii-output\clean-dataset\Keep\F34_.html,F34_.html,.html,19681,2026-07-10T01:06:46.632475
Keep,D:\Programs\追加アイディア\情報\pii-output\clean-dataset\Keep\F34_.json,F34_.json,.json,91547,2026-07-10T01:06:46.695454
Keep,D:\Programs\追加アイディア\情報\pii-output\clean-dataset\Keep\F35.html,F35.html,.html,17526,2026-07-10T01:06:46.727100
Keep,D:\Programs\追加アイディア\情報\pii-output\clean-dataset\Keep\F35.json,F35.json,.json,68623,2026-07-10T01:06:46.789378
Keep,D:\Programs\追加アイディア\情報\pii-output\clean-dataset\Keep\F36.html,F36.html,.html,20283,2026-07-10T01:06:46.837105
Keep,D:\Programs\追加アイディア\情報\pii-output\clean-dataset\Keep\F36.json,F36.json,.json,101022,2026-07-10T01:06:46.900498
Keep,D:\Programs\追加アイディア\情報\pii-output\clean-dataset\Keep\F37 frontend_src_world_TestWorldPanel.tsx.html,F37 frontend_src_world_TestWorldPanel.tsx.html,.html,20770,2026-07-10T01:06:46.947657
Keep,D:\Programs\追加アイディア\情報\pii-output\clean-dataset\Keep\F37 frontend_src_world_TestWorldPanel.tsx.json,F37 frontend_src_world_TestWorldPanel.tsx.json,.json,112925,2026-07-10T01:06:47.026509
Keep,D:\Programs\追加アイディア\情報\pii-output\clean-dataset\Keep\F4.html,F4.html,.html,15448,2026-07-10T01:06:47.058248
Keep,D:\Programs\追加アイディア\情報\pii-output\clean-dataset\Keep\F4.json,F4.json,.json,43551,2026-07-10T01:06:47.089662
Keep,D:\Programs\追加アイディア\情報\pii-output\clean-dataset\Keep\F5.html,F5.html,.html,16003,2026-07-10T01:06:47.137564
Keep,D:\Programs\追加アイディア\情報\pii-output\clean-dataset\Keep\F5.json,F5.json,.json,53229,2026-07-10T01:06:47.185136
Keep,D:\Programs\追加アイディア\情報\pii-output\clean-dataset\Keep\F6.html,F6.html,.html,16153,2026-07-10T01:06:47.216983
Keep,D:\Programs\追加アイディア\情報\pii-output\clean-dataset\Keep\F6.json,F6.json,.json,52612,2026-07-10T01:06:47.264368
Keep,D:\Programs\追加アイディア\情報\pii-output\clean-dataset\Keep\F7.html,F7.html,.html,15743,2026-07-10T01:06:47.295763
Keep,D:\Programs\追加アイディア\情報\pii-output\clean-dataset\Keep\F7.json,F7.json,.json,42791,2026-07-10T01:06:47.327595
Keep,D:\Programs\追加アイディア\情報\pii-output\clean-dataset\Keep\F8.html,F8.html,.html,18133,2026-07-10T01:06:47.374794
Keep,D:\Programs\追加アイディア\情報\pii-output\clean-dataset\Keep\F8.json,F8.json,.json,72844,2026-07-10T01:06:47.438288
Keep,D:\Programs\追加アイディア\情報\pii-output\clean-dataset\Keep\F9.html,F9.html,.html,16098,2026-07-10T01:06:47.469748
Keep,D:\Programs\追加アイディア\情報\pii-output\clean-dataset\Keep\F9.json,F9.json,.json,51907,2026-07-10T01:06:47.516832
Keep,D:\Programs\追加アイディア\情報\pii-output\clean-dataset\Keep\feedback.html,feedback.html,.html,30540,2026-07-10T01:06:47.564206
Keep,D:\Programs\追加アイディア\情報\pii-output\clean-dataset\Keep\feedback.json,feedback.json,.json,197762,2026-07-10T01:06:47.691308
Keep,D:\Programs\追加アイディア\情報\pii-output\clean-dataset\Keep\fork　AST ミニカーネル.html,fork　AST ミニカーネル.html,.html,21264,2026-07-10T01:06:47.738735
Keep,D:\Programs\追加アイディア\情報\pii-output\clean-dataset\Keep\fork　AST ミニカーネル.json,fork　AST ミニカーネル.json,.json,105232,2026-07-10T01:06:47.801941
Keep,D:\Programs\追加アイディア\情報\pii-output\clean-dataset\Keep\Governance.md.html,Governance.md.html,.html,17297,2026-07-10T01:06:47.849392
Keep,D:\Programs\追加アイディア\情報\pii-output\clean-dataset\Keep\Governance.md.json,Governance.md.json,.json,63648,2026-07-10T01:06:47.896860
Keep,D:\Programs\追加アイディア\情報\pii-output\clean-dataset\Keep\infra_sql_  10_ui_weight.sql.html,infra_sql_  10_ui_weight.sql.html,.html,14473,2026-07-10T01:06:47.928087
Keep,D:\Programs\追加アイディア\情報\pii-output\clean-dataset\Keep\infra_sql_  10_ui_weight.sql.json,infra_sql_  10_ui_weight.sql.json,.json,28422,2026-07-10T01:06:47.943809
Keep,D:\Programs\追加アイディア\情報\pii-output\clean-dataset\Keep\infra_sql_  _  001_base_schema.sql.html,infra_sql_  _  001_base_schema.sql.html,.html,17623,2026-07-10T01:06:47.975329
Keep,D:\Programs\追加アイディア\情報\pii-output\clean-dataset\Keep\infra_sql_  _  001_base_schema.sql.json,infra_sql_  _  001_base_schema.sql.json,.json,75725,2026-07-10T01:06:48.038111
Keep,D:\Programs\追加アイディア\情報\pii-output\clean-dataset\Keep\infra_sql_  _  002_indexes.sql _.html,infra_sql_  _  002_indexes.sql _.html,.html,11671,2026-07-10T01:06:48.069631
Keep,D:\Programs\追加アイディア\情報\pii-output\clean-dataset\Keep\infra_sql_  _  002_indexes.sql _.json,infra_sql_  _  002_indexes.sql _.json,.json,2595,2026-07-10T01:06:48.069631
Keep,D:\Programs\追加アイディア\情報\pii-output\clean-dataset\Keep\infra_sql_README.md _.html,infra_sql_README.md _.html,.html,11773,2026-07-10T01:06:48.101127
Keep,D:\Programs\追加アイディア\情報\pii-output\clean-dataset\Keep\infra_sql_README.md _.json,infra_sql_README.md _.json,.json,5846,2026-07-10T01:06:48.113167
Keep,D:\Programs\追加アイディア\情報\pii-output\clean-dataset\Keep\input1 A.html,input1 A.html,.html,16082,2026-07-10T01:06:48.148681
Keep,D:\Programs\追加アイディア\情報\pii-output\clean-dataset\Keep\input1 A.json,input1 A.json,.json,51120,2026-07-10T01:06:48.180274
Keep,D:\Programs\追加アイディア\情報\pii-output\clean-dataset\Keep\input1.html,input1.html,.html,15521,2026-07-10T01:06:48.227653
Keep,D:\Programs\追加アイディア\情報\pii-output\clean-dataset\Keep\input1.json,input1.json,.json,47708,2026-07-10T01:06:48.259114
Keep,D:\Programs\追加アイディア\情報\pii-output\clean-dataset\Keep\input　コンポーネント.html,input　コンポーネント.html,.html,16097,2026-07-10T01:06:48.290580
Keep,D:\Programs\追加アイディア\情報\pii-output\clean-dataset\Keep\input　コンポーネント.json,input　コンポーネント.json,.json,46730,2026-07-10T01:06:48.322028
Keep,D:\Programs\追加アイディア\情報\pii-output\clean-dataset\Keep\json.html,json.html,.html,18941,2026-07-10T01:06:48.371588
Keep,D:\Programs\追加アイディア\情報\pii-output\clean-dataset\Keep\json.json,json.json,.json,83230,2026-07-10T01:06:48.433290
Keep,D:\Programs\追加アイディア\情報\pii-output\clean-dataset\Keep\K1.html,K1.html,.html,12209,2026-07-10T01:06:48.480535
Keep,D:\Programs\追加アイディア\情報\pii-output\clean-dataset\Keep\K1.json,K1.json,.json,14366,2026-07-10T01:06:48.480535
Keep,D:\Programs\追加アイディア\情報\pii-output\clean-dataset\Keep\K2.html,K2.html,.html,13851,2026-07-10T01:06:48.528021
Keep,D:\Programs\追加アイディア\情報\pii-output\clean-dataset\Keep\K2.json,K2.json,.json,32556,2026-07-10T01:06:48.559564
Keep,D:\Programs\追加アイディア\情報\pii-output\clean-dataset\Keep\K3.html,K3.html,.html,13788,2026-07-10T01:06:48.591489
Keep,D:\Programs\追加アイディア\情報\pii-output\clean-dataset\Keep\K3.json,K3.json,.json,25734,2026-07-10T01:06:48.607594
Keep,D:\Programs\追加アイディア\情報\pii-output\clean-dataset\Keep\K4.html,K4.html,.html,13243,2026-07-10T01:06:48.655271
Keep,D:\Programs\追加アイディア\情報\pii-output\clean-dataset\Keep\K4.json,K4.json,.json,24154,2026-07-10T01:06:48.671042
Keep,D:\Programs\追加アイディア\情報\pii-output\clean-dataset\Keep\K5.html,K5.html,.html,13961,2026-07-10T01:06:48.718431
Keep,D:\Programs\追加アイディア\情報\pii-output\clean-dataset\Keep\K5.json,K5.json,.json,26356,2026-07-10T01:06:48.734310
Keep,D:\Programs\追加アイディア\情報\pii-output\clean-dataset\Keep\K6.html,K6.html,.html,18595,2026-07-10T01:06:48.783741
Keep,D:\Programs\追加アイディア\情報\pii-output\clean-dataset\Keep\K6.json,K6.json,.json,78962,2026-07-10T01:06:48.829682
Keep,D:\Programs\追加アイディア\情報\pii-output\clean-dataset\Keep\K7 test.ts.html,K7 test.ts.html,.html,16246,2026-07-10T01:06:48.877581
Keep,D:\Programs\追加アイディア\情報\pii-output\clean-dataset\Keep\K7 test.ts.json,K7 test.ts.json,.json,55194,2026-07-10T01:06:48.927136
Keep,D:\Programs\追加アイディア\情報\pii-output\clean-dataset\Keep\Kernel v3.1 FROZEN と全スキーマを完全適用した最終形。.html,Kernel v3.1 FROZEN と全スキーマを完全適用した最終形。.html,.html,16094,2026-07-10T01:06:48.973773
Keep,D:\Programs\追加アイディア\情報\pii-output\clean-dataset\Keep\Kernel v3.1 FROZEN と全スキーマを完全適用した最終形。.json,Kernel v3.1 FROZEN と全スキーマを完全適用した最終形。.json,.json,46908,2026-07-10T01:06:49.004716
Keep,D:\Programs\追加アイディア\情報\pii-output\clean-dataset\Keep\Kernel.html,Kernel.html,.html,21735,2026-07-10T01:06:49.052308
Keep,D:\Programs\追加アイディア\情報\pii-output\clean-dataset\Keep\Kernel.json,Kernel.json,.json,87516,2026-07-10T01:06:49.115107
Keep,D:\Programs\追加アイディア\情報\pii-output\clean-dataset\Keep\Labels.txt,Labels.txt,.txt,714,2026-07-10T01:06:49.115107
Keep,D:\Programs\追加アイディア\情報\pii-output\clean-dataset\Keep\listing_create（海外発送可 ON 時の完全版 UI JSON）.html,listing_create（海外発送可 ON 時の完全版 UI JSON）.html,.html,21047,2026-07-10T01:06:49.146664
Keep,D:\Programs\追加アイディア\情報\pii-output\clean-dataset\Keep\listing_create（海外発送可 ON 時の完全版 UI JSON）.json,listing_create（海外発送可 ON 時の完全版 UI JSON）.json,.json,87734,2026-07-10T01:06:49.209958
Keep,D:\Programs\追加アイディア\情報\pii-output\clean-dataset\Keep\listing_create（送料推定） _.html,listing_create（送料推定） _.html,.html,11416,2026-07-10T01:06:49.242019
Keep,D:\Programs\追加アイディア\情報\pii-output\clean-dataset\Keep\listing_create（送料推定） _.json,listing_create（送料推定） _.json,.json,262,2026-07-10T01:06:49.242019
Keep,D:\Programs\追加アイディア\情報\pii-output\clean-dataset\Keep\Loader _ RAG _ WebWorker 実装（完全版）.html,Loader _ RAG _ WebWorker 実装（完全版）.html,.html,17377,2026-07-10T01:06:49.289348
Keep,D:\Programs\追加アイディア\情報\pii-output\clean-dataset\Keep\Loader _ RAG _ WebWorker 実装（完全版）.json,Loader _ RAG _ WebWorker 実装（完全版）.json,.json,72061,2026-07-10T01:06:49.336799
Keep,D:\Programs\追加アイディア\情報\pii-output\clean-dataset\Keep\LOLメモ.html,LOLメモ.html,.html,11278,2026-07-10T01:06:49.384414
Keep,D:\Programs\追加アイディア\情報\pii-output\clean-dataset\Keep\LOLメモ.json,LOLメモ.json,.json,1437,2026-07-10T01:06:49.384414
Keep,D:\Programs\追加アイディア\情報\pii-output\clean-dataset\Keep\market_items（送料込み一覧）.html,market_items（送料込み一覧）.html,.html,17168,2026-07-10T01:06:49.431705
Keep,D:\Programs\追加アイディア\情報\pii-output\clean-dataset\Keep\market_items（送料込み一覧）.json,market_items（送料込み一覧）.json,.json,56890,2026-07-10T01:06:49.473374
Keep,D:\Programs\追加アイディア\情報\pii-output\clean-dataset\Keep\Next.js + React の UI + diff エンジン.html,Next.js + React の UI + diff エンジン.html,.html,18854,2026-07-10T01:06:49.516015
Keep,D:\Programs\追加アイディア\情報\pii-output\clean-dataset\Keep\Next.js + React の UI + diff エンジン.json,Next.js + React の UI + diff エンジン.json,.json,78072,2026-07-10T01:06:49.573045
Keep,D:\Programs\追加アイディア\情報\pii-output\clean-dataset\Keep\offer_detail.html,offer_detail.html,.html,17222,2026-07-10T01:06:49.604750
Keep,D:\Programs\追加アイディア\情報\pii-output\clean-dataset\Keep\offer_detail.json,offer_detail.json,.json,46288,2026-07-10T01:06:49.636349
Keep,D:\Programs\追加アイディア\情報\pii-output\clean-dataset\Keep\offer_detail（海外研究ニキ向け）.html,offer_detail（海外研究ニキ向け）.html,.html,19722,2026-07-10T01:06:49.683507
Keep,D:\Programs\追加アイディア\情報\pii-output\clean-dataset\Keep\offer_detail（海外研究ニキ向け）.json,offer_detail（海外研究ニキ向け）.json,.json,69408,2026-07-10T01:06:49.730805
Keep,D:\Programs\追加アイディア\情報\pii-output\clean-dataset\Keep\openapi.yaml.html,openapi.yaml.html,.html,14651,2026-07-10T01:06:49.762555
Keep,D:\Programs\追加アイディア\情報\pii-output\clean-dataset\Keep\openapi.yaml.json,openapi.yaml.json,.json,54529,2026-07-10T01:06:49.810022
Keep,D:\Programs\追加アイディア\情報\pii-output\clean-dataset\Keep\OSS一覧.html,OSS一覧.html,.html,14686,2026-07-10T01:06:49.857380
Keep,D:\Programs\追加アイディア\情報\pii-output\clean-dataset\Keep\OSS一覧.json,OSS一覧.json,.json,38172,2026-07-10T01:06:49.884912
Keep,D:\Programs\追加アイディア\情報\pii-output\clean-dataset\Keep\oss１６日.html,oss１６日.html,.html,14917,2026-07-10T01:06:49.928401
Keep,D:\Programs\追加アイディア\情報\pii-output\clean-dataset\Keep\oss１６日.json,oss１６日.json,.json,72038,2026-07-10T01:06:49.967739
Keep,D:\Programs\追加アイディア\情報\pii-output\clean-dataset\Keep\OSブランチ.html,OSブランチ.html,.html,20968,2026-07-10T01:06:50.022648
Keep,D:\Programs\追加アイディア\情報\pii-output\clean-dataset\Keep\OSブランチ.json,OSブランチ.json,.json,102488,2026-07-10T01:06:50.078156
Keep,D:\Programs\追加アイディア\情報\pii-output\clean-dataset\Keep\OS基盤と学習コストを下げる方法.html,OS基盤と学習コストを下げる方法.html,.html,16879,2026-07-10T01:06:50.127106
Keep,D:\Programs\追加アイディア\情報\pii-output\clean-dataset\Keep\OS基盤と学習コストを下げる方法.json,OS基盤と学習コストを下げる方法.json,.json,50925,2026-07-10T01:06:50.156855
Keep,D:\Programs\追加アイディア\情報\pii-output\clean-dataset\Keep\OS差し替え　決定.html,OS差し替え　決定.html,.html,16028,2026-07-10T01:06:50.205195
Keep,D:\Programs\追加アイディア\情報\pii-output\clean-dataset\Keep\OS差し替え　決定.json,OS差し替え　決定.json,.json,45981,2026-07-10T01:06:50.235768
Keep,D:\Programs\追加アイディア\情報\pii-output\clean-dataset\Keep\package.json,package.json,.json,10979,2026-07-10T01:06:50.235768
Keep,D:\Programs\追加アイディア\情報\pii-output\clean-dataset\Keep\package.json.html,package.json.html,.html,12969,2026-07-10T01:06:50.283267
Keep,D:\Programs\追加アイディア\情報\pii-output\clean-dataset\Keep\PlatinumCoinRules.md.html,PlatinumCoinRules.md.html,.html,16210,2026-07-10T01:06:50.336080
Keep,D:\Programs\追加アイディア\情報\pii-output\clean-dataset\Keep\PlatinumCoinRules.md.json,PlatinumCoinRules.md.json,.json,47884,2026-07-10T01:06:50.362310
Keep,D:\Programs\追加アイディア\情報\pii-output\clean-dataset\Keep\projectid.html,projectid.html,.html,17176,2026-07-10T01:06:50.393829
Keep,D:\Programs\追加アイディア\情報\pii-output\clean-dataset\Keep\projectid.json,projectid.json,.json,66548,2026-07-10T01:06:50.441179
Keep,D:\Programs\追加アイディア\情報\pii-output\clean-dataset\Keep\ProjectRules.md.html,ProjectRules.md.html,.html,16098,2026-07-10T01:06:50.488722
Keep,D:\Programs\追加アイディア\情報\pii-output\clean-dataset\Keep\ProjectRules.md.json,ProjectRules.md.json,.json,46371,2026-07-10T01:06:50.520189
Keep,D:\Programs\追加アイディア\情報\pii-output\clean-dataset\Keep\ProjectRules（最上位）_ ├─ Governance（統治）_ ├─ C‑Sync（同期.html,ProjectRules（最上位）_ ├─ Governance（統治）_ ├─ C‑Sync（同期.html,.html,11696,2026-07-10T01:06:50.551677
Keep,D:\Programs\追加アイディア\情報\pii-output\clean-dataset\Keep\ProjectRules（最上位）_ ├─ Governance（統治）_ ├─ C‑Sync（同期.json,ProjectRules（最上位）_ ├─ Governance（統治）_ ├─ C‑Sync（同期.json,.json,342,2026-07-10T01:06:50.551677
Keep,D:\Programs\追加アイディア\情報\pii-output\clean-dataset\Keep\QR.html,QR.html,.html,43513,2026-07-10T01:06:50.616903
Keep,D:\Programs\追加アイディア\情報\pii-output\clean-dataset\Keep\QR.json,QR.json,.json,343331,2026-07-10T01:06:50.855435
Keep,D:\Programs\追加アイディア\情報\pii-output\clean-dataset\Keep\QR2.html,QR2.html,.html,21962,2026-07-10T01:06:50.900459
Keep,D:\Programs\追加アイディア\情報\pii-output\clean-dataset\Keep\QR2.json,QR2.json,.json,82522,2026-07-10T01:06:50.947986
Keep,D:\Programs\追加アイディア\情報\pii-output\clean-dataset\Keep\R2(1).html,R2(1).html,.html,15449,2026-07-10T01:06:50.999422
Keep,D:\Programs\追加アイディア\情報\pii-output\clean-dataset\Keep\R2(1).json,R2(1).json,.json,43671,2026-07-10T01:06:51.029061
Keep,D:\Programs\追加アイディア\情報\pii-output\clean-dataset\Keep\R2(2).html,R2(2).html,.html,12321,2026-07-10T01:06:51.073245
Keep,D:\Programs\追加アイディア\情報\pii-output\clean-dataset\Keep\R2(2).json,R2(2).json,.json,15606,2026-07-10T01:06:51.074248
Keep,D:\Programs\追加アイディア\情報\pii-output\clean-dataset\Keep\R2.html,R2.html,.html,15694,2026-07-10T01:06:51.126168
Keep,D:\Programs\追加アイディア\情報\pii-output\clean-dataset\Keep\R2.json,R2.json,.json,47039,2026-07-10T01:06:51.157348
Keep,D:\Programs\追加アイディア\情報\pii-output\clean-dataset\Keep\R2テスト.html,R2テスト.html,.html,14813,2026-07-10T01:06:51.185036
Keep,D:\Programs\追加アイディア\情報\pii-output\clean-dataset\Keep\R2テスト.json,R2テスト.json,.json,35797,2026-07-10T01:06:51.218770
Keep,D:\Programs\追加アイディア\情報\pii-output\clean-dataset\Keep\R2（オブジェクトストレージ）データ構造の“完全版”.html,R2（オブジェクトストレージ）データ構造の“完全版”.html,.html,17217,2026-07-10T01:06:51.264057
Keep,D:\Programs\追加アイディア\情報\pii-output\clean-dataset\Keep\R2（オブジェクトストレージ）データ構造の“完全版”.json,R2（オブジェクトストレージ）データ構造の“完全版”.json,.json,81394,2026-07-10T01:06:51.320452
Keep,D:\Programs\追加アイディア\情報\pii-output\clean-dataset\Keep\RAG 検索 UI（embedding を使った検索.html,RAG 検索 UI（embedding を使った検索.html,.html,18382,2026-07-10T01:06:51.360727
Keep,D:\Programs\追加アイディア\情報\pii-output\clean-dataset\Keep\RAG 検索 UI（embedding を使った検索.json,RAG 検索 UI（embedding を使った検索.json,.json,73526,2026-07-10T01:06:51.418776
Keep,D:\Programs\追加アイディア\情報\pii-output\clean-dataset\Keep\RAG(1).html,RAG(1).html,.html,22884,2026-07-10T01:06:51.454692
Keep,D:\Programs\追加アイディア\情報\pii-output\clean-dataset\Keep\RAG(1).json,RAG(1).json,.json,117838,2026-07-10T01:06:51.534533
Keep,D:\Programs\追加アイディア\情報\pii-output\clean-dataset\Keep\RAG(2).html,RAG(2).html,.html,51290,2026-07-10T01:06:51.593908
Keep,D:\Programs\追加アイディア\情報\pii-output\clean-dataset\Keep\RAG(2).json,RAG(2).json,.json,427858,2026-07-10T01:06:51.882191
Keep,D:\Programs\追加アイディア\情報\pii-output\clean-dataset\Keep\RAG.html,RAG.html,.html,26919,2026-07-10T01:06:51.929771
Keep,D:\Programs\追加アイディア\情報\pii-output\clean-dataset\Keep\RAG.json,RAG.json,.json,156832,2026-07-10T01:06:52.041451
Keep,D:\Programs\追加アイディア\情報\pii-output\clean-dataset\Keep\Script ノード専用エディタ（コード編集 + 実行）.html,Script ノード専用エディタ（コード編集 + 実行）.html,.html,19144,2026-07-10T01:06:52.087131
Keep,D:\Programs\追加アイディア\情報\pii-output\clean-dataset\Keep\Script ノード専用エディタ（コード編集 + 実行）.json,Script ノード専用エディタ（コード編集 + 実行）.json,.json,81923,2026-07-10T01:06:52.134596
Keep,D:\Programs\追加アイディア\情報\pii-output\clean-dataset\Keep\Semantic + RAG の複合検索 UI（意味タグ × embedding）」.html,Semantic + RAG の複合検索 UI（意味タグ × embedding）」.html,.html,19809,2026-07-10T01:06:52.191039
Keep,D:\Programs\追加アイディア\情報\pii-output\clean-dataset\Keep\Semantic + RAG の複合検索 UI（意味タグ × embedding）」.json,Semantic + RAG の複合検索 UI（意味タグ × embedding）」.json,.json,86280,2026-07-10T01:06:52.245364
Keep,D:\Programs\追加アイディア\情報\pii-output\clean-dataset\Keep\Semantic Space Viewer（embedding で世界を意味空間にマッピング　不要.html,Semantic Space Viewer（embedding で世界を意味空間にマッピング　不要.html,.html,19017,2026-07-10T01:06:52.297140
Keep,D:\Programs\追加アイディア\情報\pii-output\clean-dataset\Keep\Semantic Space Viewer（embedding で世界を意味空間にマッピング　不要.json,Semantic Space Viewer（embedding で世界を意味空間にマッピング　不要.json,.json,79413,2026-07-10T01:06:52.352443
Keep,D:\Programs\追加アイディア\情報\pii-output\clean-dataset\Keep\Semantic ノード専用エディタ（タグ・分類 UI）.html,Semantic ノード専用エディタ（タグ・分類 UI）.html,.html,19475,2026-07-10T01:06:52.388092
Keep,D:\Programs\追加アイディア\情報\pii-output\clean-dataset\Keep\Semantic ノード専用エディタ（タグ・分類 UI）.json,Semantic ノード専用エディタ（タグ・分類 UI）.json,.json,86985,2026-07-10T01:06:52.457997
Keep,D:\Programs\追加アイディア\情報\pii-output\clean-dataset\Keep\server.js　元.html,server.js　元.html,.html,17103,2026-07-10T01:06:52.497656
Keep,D:\Programs\追加アイディア\情報\pii-output\clean-dataset\Keep\server.js　元.json,server.js　元.json,.json,77248,2026-07-10T01:06:52.556161
Keep,D:\Programs\追加アイディア\情報\pii-output\clean-dataset\Keep\src_        _  errors_errorCodes.js _.html,src_        _  errors_errorCodes.js _.html,.html,12683,2026-07-10T01:06:52.592638
Keep,D:\Programs\追加アイディア\情報\pii-output\clean-dataset\Keep\src_        _  errors_errorCodes.js _.json,src_        _  errors_errorCodes.js _.json,.json,20862,2026-07-10T01:06:52.616381
Keep,D:\Programs\追加アイディア\情報\pii-output\clean-dataset\Keep\src_      _  universeQueryValidator.js _.html,src_      _  universeQueryValidator.js _.html,.html,14084,2026-07-10T01:06:52.640476
Keep,D:\Programs\追加アイディア\情報\pii-output\clean-dataset\Keep\src_      _  universeQueryValidator.js _.json,src_      _  universeQueryValidator.js _.json,.json,24904,2026-07-10T01:06:52.666409
Keep,D:\Programs\追加アイディア\情報\pii-output\clean-dataset\Keep\src_    _  server.js  　新.html,src_    _  server.js  　新.html,.html,15726,2026-07-10T01:06:52.703661
Keep,D:\Programs\追加アイディア\情報\pii-output\clean-dataset\Keep\src_    _  server.js  　新.json,src_    _  server.js  　新.json,.json,49851,2026-07-10T01:06:52.735492
Keep,D:\Programs\追加アイディア\情報\pii-output\clean-dataset\Keep\src_    _  universeQueryService.js.html,src_    _  universeQueryService.js.html,.html,15281,2026-07-10T01:06:52.767437
Keep,D:\Programs\追加アイディア\情報\pii-output\clean-dataset\Keep\src_    _  universeQueryService.js.json,src_    _  universeQueryService.js.json,.json,53324,2026-07-10T01:06:52.815128
Keep,D:\Programs\追加アイディア\情報\pii-output\clean-dataset\Keep\src_  _  db.js _.html,src_  _  db.js _.html,.html,20548,2026-07-10T01:06:52.856180
Keep,D:\Programs\追加アイディア\情報\pii-output\clean-dataset\Keep\src_  _  db.js _.json,src_  _  db.js _.json,.json,130686,2026-07-10T01:06:52.941706
Keep,D:\Programs\追加アイディア\情報\pii-output\clean-dataset\Keep\tests_  _  universeQuery.test.js _.html,tests_  _  universeQuery.test.js _.html,.html,21110,2026-07-10T01:06:52.973680
Keep,D:\Programs\追加アイディア\情報\pii-output\clean-dataset\Keep\tests_  _  universeQuery.test.js _.json,tests_  _  universeQuery.test.js _.json,.json,127251,2026-07-10T01:06:53.071890
Keep,D:\Programs\追加アイディア\情報\pii-output\clean-dataset\Keep\UI Builder に Script ノードの自動バインドを追加し、完全ノーコード化する.html,UI Builder に Script ノードの自動バインドを追加し、完全ノーコード化する.html,.html,19245,2026-07-10T01:06:53.116684
Keep,D:\Programs\追加アイディア\情報\pii-output\clean-dataset\Keep\UI Builder に Script ノードの自動バインドを追加し、完全ノーコード化する.json,UI Builder に Script ノードの自動バインドを追加し、完全ノーコード化する.json,.json,76520,2026-07-10T01:06:53.164133
Keep,D:\Programs\追加アイディア\情報\pii-output\clean-dataset\Keep\UI Builder（tldraw で作った UI を自動で React コンポーネントに変換.html,UI Builder（tldraw で作った UI を自動で React コンポーネントに変換.html,.html,17562,2026-07-10T01:06:53.211790
Keep,D:\Programs\追加アイディア\情報\pii-output\clean-dataset\Keep\UI Builder（tldraw で作った UI を自動で React コンポーネントに変換.json,UI Builder（tldraw で作った UI を自動で React コンポーネントに変換.json,.json,62385,2026-07-10T01:06:53.243676
Keep,D:\Programs\追加アイディア\情報\pii-output\clean-dataset\Keep\UI UXテスト.html,UI UXテスト.html,.html,15836,2026-07-10T01:06:53.303325
Keep,D:\Programs\追加アイディア\情報\pii-output\clean-dataset\Keep\UI UXテスト.json,UI UXテスト.json,.json,35864,2026-07-10T01:06:53.326808
Keep,D:\Programs\追加アイディア\情報\pii-output\clean-dataset\Keep\UI ノード専用エディタ（tldraw 連携）.html,UI ノード専用エディタ（tldraw 連携）.html,.html,16871,2026-07-10T01:06:53.369627
Keep,D:\Programs\追加アイディア\情報\pii-output\clean-dataset\Keep\UI ノード専用エディタ（tldraw 連携）.json,UI ノード専用エディタ（tldraw 連携）.json,.json,58618,2026-07-10T01:06:53.401756
Keep,D:\Programs\追加アイディア\情報\pii-output\clean-dataset\Keep\UIプロンプト.html,UIプロンプト.html,.html,15533,2026-07-10T01:06:53.456937
Keep,D:\Programs\追加アイディア\情報\pii-output\clean-dataset\Keep\UIプロンプト.json,UIプロンプト.json,.json,40188,2026-07-10T01:06:53.481021
Keep,D:\Programs\追加アイディア\情報\pii-output\clean-dataset\Keep\UI渡す.html,UI渡す.html,.html,16251,2026-07-10T01:06:53.525495
Keep,D:\Programs\追加アイディア\情報\pii-output\clean-dataset\Keep\UI渡す.json,UI渡す.json,.json,48916,2026-07-10T01:06:53.544295
Keep,D:\Programs\追加アイディア\情報\pii-output\clean-dataset\Keep\World LLM Editor に “自然言語 → UI 自動生成” を統合する（UI を文章で作.html,World LLM Editor に “自然言語 → UI 自動生成” を統合する（UI を文章で作.html,.html,18773,2026-07-10T01:06:53.591116
Keep,D:\Programs\追加アイディア\情報\pii-output\clean-dataset\Keep\World LLM Editor に “自然言語 → UI 自動生成” を統合する（UI を文章で作.json,World LLM Editor に “自然言語 → UI 自動生成” を統合する（UI を文章で作.json,.json,76066,2026-07-10T01:06:53.638451
Keep,D:\Programs\追加アイディア\情報\pii-output\clean-dataset\Keep\World LLM Editor（世界の全ノードを自然言語で編集できるエディタ.html,World LLM Editor（世界の全ノードを自然言語で編集できるエディタ.html,.html,18862,2026-07-10T01:06:53.685817
Keep,D:\Programs\追加アイディア\情報\pii-output\clean-dataset\Keep\World LLM Editor（世界の全ノードを自然言語で編集できるエディタ.json,World LLM Editor（世界の全ノードを自然言語で編集できるエディタ.json,.json,75782,2026-07-10T01:06:53.733085
Keep,D:\Programs\追加アイディア\情報\pii-output\clean-dataset\Keep\① 大枠：家の構想（期限：今日中） _.html,① 大枠：家の構想（期限：今日中） _.html,.html,13629,2026-07-10T01:06:53.780311
Keep,D:\Programs\追加アイディア\情報\pii-output\clean-dataset\Keep\① 大枠：家の構想（期限：今日中） _.json,① 大枠：家の構想（期限：今日中） _.json,.json,17596,2026-07-10T01:06:53.801792
Keep,D:\Programs\追加アイディア\情報\pii-output\clean-dataset\Keep\①(1).html,①(1).html,.html,16910,2026-07-10T01:06:53.847006
Keep,D:\Programs\追加アイディア\情報\pii-output\clean-dataset\Keep\①(1).json,①(1).json,.json,77741,2026-07-10T01:06:53.899073
Keep,D:\Programs\追加アイディア\情報\pii-output\clean-dataset\Keep\①.html,①.html,.html,43045,2026-07-10T01:06:53.954623
Keep,D:\Programs\追加アイディア\情報\pii-output\clean-dataset\Keep\①.json,①.json,.json,333031,2026-07-10T01:06:54.176212
Keep,D:\Programs\追加アイディア\情報\pii-output\clean-dataset\Keep\①と②.html,①と②.html,.html,20678,2026-07-10T01:06:54.225545
Keep,D:\Programs\追加アイディア\情報\pii-output\clean-dataset\Keep\①と②.json,①と②.json,.json,105098,2026-07-10T01:06:54.286966
Keep,D:\Programs\追加アイディア\情報\pii-output\clean-dataset\Keep\①契約書.html,①契約書.html,.html,12068,2026-07-10T01:06:54.340574
Keep,D:\Programs\追加アイディア\情報\pii-output\clean-dataset\Keep\①契約書.json,①契約書.json,.json,5355,2026-07-10T01:06:54.344134
Keep,D:\Programs\追加アイディア\情報\pii-output\clean-dataset\Keep\①施工業者提出用.html,①施工業者提出用.html,.html,19944,2026-07-10T01:06:54.387906
Keep,D:\Programs\追加アイディア\情報\pii-output\clean-dataset\Keep\①施工業者提出用.json,①施工業者提出用.json,.json,81300,2026-07-10T01:06:54.430087
Keep,D:\Programs\追加アイディア\情報\pii-output\clean-dataset\Keep\② 大枠：昆虫部屋（研究室扱い）（期限：今日中）.html,② 大枠：昆虫部屋（研究室扱い）（期限：今日中）.html,.html,13299,2026-07-10T01:06:54.482076
Keep,D:\Programs\追加アイディア\情報\pii-output\clean-dataset\Keep\② 大枠：昆虫部屋（研究室扱い）（期限：今日中）.json,② 大枠：昆虫部屋（研究室扱い）（期限：今日中）.json,.json,15064,2026-07-10T01:06:54.493289
Keep,D:\Programs\追加アイディア\情報\pii-output\clean-dataset\Keep\②(1).html,②(1).html,.html,12106,2026-07-10T01:06:54.527952
Keep,D:\Programs\追加アイディア\情報\pii-output\clean-dataset\Keep\②(1).json,②(1).json,.json,10214,2026-07-10T01:06:54.541146
Keep,D:\Programs\追加アイディア\情報\pii-output\clean-dataset\Keep\②(2).html,②(2).html,.html,13709,2026-07-10T01:06:54.588654
Keep,D:\Programs\追加アイディア\情報\pii-output\clean-dataset\Keep\②(2).json,②(2).json,.json,31169,2026-07-10T01:06:54.608316
Keep,D:\Programs\追加アイディア\情報\pii-output\clean-dataset\Keep\②(3).html,②(3).html,.html,16310,2026-07-10T01:06:54.653559
Keep,D:\Programs\追加アイディア\情報\pii-output\clean-dataset\Keep\②(3).json,②(3).json,.json,65718,2026-07-10T01:06:54.683376
Keep,D:\Programs\追加アイディア\情報\pii-output\clean-dataset\Keep\②.html,②.html,.html,51375,2026-07-10T01:06:54.746414
Keep,D:\Programs\追加アイディア\情報\pii-output\clean-dataset\Keep\②.json,②.json,.json,397567,2026-07-10T01:06:55.015357
Keep,D:\Programs\追加アイディア\情報\pii-output\clean-dataset\Keep\③ 詳細：家の構想【完全版・研究内包住宅仕様】 _.html,③ 詳細：家の構想【完全版・研究内包住宅仕様】 _.html,.html,16989,2026-07-10T01:06:55.046833
Keep,D:\Programs\追加アイディア\情報\pii-output\clean-dataset\Keep\③ 詳細：家の構想【完全版・研究内包住宅仕様】 _.json,③ 詳細：家の構想【完全版・研究内包住宅仕様】 _.json,.json,48593,2026-07-10T01:06:55.078590
Keep,D:\Programs\追加アイディア\情報\pii-output\clean-dataset\Keep\③(1).html,③(1).html,.html,16659,2026-07-10T01:06:55.129517
Keep,D:\Programs\追加アイディア\情報\pii-output\clean-dataset\Keep\③(1).json,③(1).json,.json,57766,2026-07-10T01:06:55.173569
Keep,D:\Programs\追加アイディア\情報\pii-output\clean-dataset\Keep\③(2).html,③(2).html,.html,15075,2026-07-10T01:06:55.205213
Keep,D:\Programs\追加アイディア\情報\pii-output\clean-dataset\Keep\③(2).json,③(2).json,.json,50666,2026-07-10T01:06:55.236986
Keep,D:\Programs\追加アイディア\情報\pii-output\clean-dataset\Keep\③(3).html,③(3).html,.html,17252,2026-07-10T01:06:55.295151
Keep,D:\Programs\追加アイディア\情報\pii-output\clean-dataset\Keep\③(3).json,③(3).json,.json,100930,2026-07-10T01:06:55.363197
Keep,D:\Programs\追加アイディア\情報\pii-output\clean-dataset\Keep\③(4).html,③(4).html,.html,12299,2026-07-10T01:06:55.395053
Keep,D:\Programs\追加アイディア\情報\pii-output\clean-dataset\Keep\③(4).json,③(4).json,.json,12671,2026-07-10T01:06:55.410865
Keep,D:\Programs\追加アイディア\情報\pii-output\clean-dataset\Keep\③.html,③.html,.html,42832,2026-07-10T01:06:55.459710
Keep,D:\Programs\追加アイディア\情報\pii-output\clean-dataset\Keep\③.json,③.json,.json,339151,2026-07-10T01:06:55.694678
Keep,D:\Programs\追加アイディア\情報\pii-output\clean-dataset\Keep\④ 詳細：昆虫部屋【研究施設仕様・完全版】 _.html,④ 詳細：昆虫部屋【研究施設仕様・完全版】 _.html,.html,17207,2026-07-10T01:06:55.742488
Keep,D:\Programs\追加アイディア\情報\pii-output\clean-dataset\Keep\④ 詳細：昆虫部屋【研究施設仕様・完全版】 _.json,④ 詳細：昆虫部屋【研究施設仕様・完全版】 _.json,.json,54100,2026-07-10T01:06:55.784098
Keep,D:\Programs\追加アイディア\情報\pii-output\clean-dataset\Keep\④.html,④.html,.html,44963,2026-07-10T01:06:55.837833
Keep,D:\Programs\追加アイディア\情報\pii-output\clean-dataset\Keep\④.json,④.json,.json,371271,2026-07-10T01:06:56.091239
Keep,D:\Programs\追加アイディア\情報\pii-output\clean-dataset\Keep\⑤.html,⑤.html,.html,35963,2026-07-10T01:06:56.138730
Keep,D:\Programs\追加アイディア\情報\pii-output\clean-dataset\Keep\⑤.json,⑤.json,.json,257580,2026-07-10T01:06:56.312706
Keep,D:\Programs\追加アイディア\情報\pii-output\clean-dataset\Keep\◯　コンポーネント思想.html,◯　コンポーネント思想.html,.html,17433,2026-07-10T01:06:56.344269
Keep,D:\Programs\追加アイディア\情報\pii-output\clean-dataset\Keep\◯　コンポーネント思想.json,◯　コンポーネント思想.json,.json,73737,2026-07-10T01:06:56.391709
Keep,D:\Programs\追加アイディア\情報\pii-output\clean-dataset\Keep\✨️.html,✨️.html,.html,12248,2026-07-10T01:06:56.439726
Keep,D:\Programs\追加アイディア\情報\pii-output\clean-dataset\Keep\✨️.json,✨️.json,.json,13082,2026-07-10T01:06:56.455531
Keep,D:\Programs\追加アイディア\情報\pii-output\clean-dataset\Keep\✨️テセウスOS.html,✨️テセウスOS.html,.html,22025,2026-07-10T01:06:56.503664
Keep,D:\Programs\追加アイディア\情報\pii-output\clean-dataset\Keep\✨️テセウスOS.json,✨️テセウスOS.json,.json,101093,2026-07-10T01:06:56.567617
Keep,D:\Programs\追加アイディア\情報\pii-output\clean-dataset\Keep\⭐️安心.html,⭐️安心.html,.html,17449,2026-07-10T01:06:56.611693
Keep,D:\Programs\追加アイディア\情報\pii-output\clean-dataset\Keep\⭐️安心.json,⭐️安心.json,.json,54096,2026-07-10T01:06:56.646958
Keep,D:\Programs\追加アイディア\情報\pii-output\clean-dataset\Keep\「UI Renderer に Script ノードを組み込み、動的 UI を実現する（イベント駆動.html,「UI Renderer に Script ノードを組み込み、動的 UI を実現する（イベント駆動.html,.html,18613,2026-07-10T01:06:56.694689
Keep,D:\Programs\追加アイディア\情報\pii-output\clean-dataset\Keep\「UI Renderer に Script ノードを組み込み、動的 UI を実現する（イベント駆動.json,「UI Renderer に Script ノードを組み込み、動的 UI を実現する（イベント駆動.json,.json,79401,2026-07-10T01:06:56.741858
Keep,D:\Programs\追加アイディア\情報\pii-output\clean-dataset\Keep\「UI ノード → 実際の画面に変換する Renderer（UI 実行エンジン.html,「UI ノード → 実際の画面に変換する Renderer（UI 実行エンジン.html,.html,17352,2026-07-10T01:06:56.789279
Keep,D:\Programs\追加アイディア\情報\pii-output\clean-dataset\Keep\「UI ノード → 実際の画面に変換する Renderer（UI 実行エンジン.json,「UI ノード → 実際の画面に変換する Renderer（UI 実行エンジン.json,.json,66399,2026-07-10T01:06:56.836942
Keep,D:\Programs\追加アイディア\情報\pii-output\clean-dataset\Keep\「世界の全ノードを “関数” として扱う Function Graph（世界を関数合成で表現）」 を.html,「世界の全ノードを “関数” として扱う Function Graph（世界を関数合成で表現）」 を.html,.html,18790,2026-07-10T01:06:56.884302
Keep,D:\Programs\追加アイディア\情報\pii-output\clean-dataset\Keep\「世界の全ノードを “関数” として扱う Function Graph（世界を関数合成で表現）」 を.json,「世界の全ノードを “関数” として扱う Function Graph（世界を関数合成で表現）」 を.json,.json,75431,2026-07-10T01:06:56.933762
Keep,D:\Programs\追加アイディア\情報\pii-output\clean-dataset\Keep\【オリジン】理想のヘラクレスが欲しい。.html,【オリジン】理想のヘラクレスが欲しい。.html,.html,11580,2026-07-10T01:06:56.963531
Keep,D:\Programs\追加アイディア\情報\pii-output\clean-dataset\Keep\【オリジン】理想のヘラクレスが欲しい。.json,【オリジン】理想のヘラクレスが欲しい。.json,.json,289,2026-07-10T01:06:56.963531
Keep,D:\Programs\追加アイディア\情報\pii-output\clean-dataset\Keep\【ヘラクレス標準撮影チャンバー v1】.html,【ヘラクレス標準撮影チャンバー v1】.html,.html,14415,2026-07-10T01:06:57.013059
Keep,D:\Programs\追加アイディア\情報\pii-output\clean-dataset\Keep\【ヘラクレス標準撮影チャンバー v1】.json,【ヘラクレス標準撮影チャンバー v1】.json,.json,35035,2026-07-10T01:06:57.035613
Keep,D:\Programs\追加アイディア\情報\pii-output\clean-dataset\Keep\あと考慮点.html,あと考慮点.html,.html,11788,2026-07-10T01:06:57.074375
Keep,D:\Programs\追加アイディア\情報\pii-output\clean-dataset\Keep\あと考慮点.json,あと考慮点.json,.json,4931,2026-07-10T01:06:57.074375
Keep,D:\Programs\追加アイディア\情報\pii-output\clean-dataset\Keep\おいしいピザ3枚分.html,おいしいピザ3枚分.html,.html,12553,2026-07-10T01:06:57.121680
Keep,D:\Programs\追加アイディア\情報\pii-output\clean-dataset\Keep\おいしいピザ3枚分.json,おいしいピザ3枚分.json,.json,8537,2026-07-10T01:06:57.121680
Keep,D:\Programs\追加アイディア\情報\pii-output\clean-dataset\Keep\おかしいけど、まあさんこうに.html,おかしいけど、まあさんこうに.html,.html,12279,2026-07-10T01:06:57.169544
Keep,D:\Programs\追加アイディア\情報\pii-output\clean-dataset\Keep\おかしいけど、まあさんこうに.json,おかしいけど、まあさんこうに.json,.json,12075,2026-07-10T01:06:57.185498
Keep,D:\Programs\追加アイディア\情報\pii-output\clean-dataset\Keep\おじいちゃんに聞いた。.html,おじいちゃんに聞いた。.html,.html,11820,2026-07-10T01:06:57.228271
Keep,D:\Programs\追加アイディア\情報\pii-output\clean-dataset\Keep\おじいちゃんに聞いた。.json,おじいちゃんに聞いた。.json,.json,5832,2026-07-10T01:06:57.233154
Keep,D:\Programs\追加アイディア\情報\pii-output\clean-dataset\Keep\おばあちゃんの料理.html,おばあちゃんの料理.html,.html,16327,2026-07-10T01:06:57.278186
Keep,D:\Programs\追加アイディア\情報\pii-output\clean-dataset\Keep\おばあちゃんの料理.json,おばあちゃんの料理.json,.json,56079,2026-07-10T01:06:57.312680
Keep,D:\Programs\追加アイディア\情報\pii-output\clean-dataset\Keep\お好み焼きの作り方 ばあば.html,お好み焼きの作り方 ばあば.html,.html,11712,2026-07-10T01:06:57.360336
Keep,D:\Programs\追加アイディア\情報\pii-output\clean-dataset\Keep\お好み焼きの作り方 ばあば.json,お好み焼きの作り方 ばあば.json,.json,3157,2026-07-10T01:06:57.360336
Keep,D:\Programs\追加アイディア\情報\pii-output\clean-dataset\Keep\お金.html,お金.html,.html,14202,2026-07-10T01:06:57.407976
Keep,D:\Programs\追加アイディア\情報\pii-output\clean-dataset\Keep\お金.json,お金.json,.json,23076,2026-07-10T01:06:57.407976
Keep,D:\Programs\追加アイディア\情報\pii-output\clean-dataset\Keep\かて.html,かて.html,.html,11873,2026-07-10T01:06:57.467552
Keep,D:\Programs\追加アイディア\情報\pii-output\clean-dataset\Keep\かて.json,かて.json,.json,7673,2026-07-10T01:06:57.473247
Keep,D:\Programs\追加アイディア\情報\pii-output\clean-dataset\Keep\こだわり。.html,こだわり。.html,.html,16017,2026-07-10T01:06:57.503245
Keep,D:\Programs\追加アイディア\情報\pii-output\clean-dataset\Keep\こだわり。.json,こだわり。.json,.json,45986,2026-07-10T01:06:57.535219
Keep,D:\Programs\追加アイディア\情報\pii-output\clean-dataset\Keep\さやちゃん去年　.html,さやちゃん去年　.html,.html,11367,2026-07-10T01:06:57.566924
Keep,D:\Programs\追加アイディア\情報\pii-output\clean-dataset\Keep\さやちゃん去年　.json,さやちゃん去年　.json,.json,600,2026-07-10T01:06:57.566924
Keep,D:\Programs\追加アイディア\情報\pii-output\clean-dataset\Keep\その他.html,その他.html,.html,11451,2026-07-10T01:06:57.614560
Keep,D:\Programs\追加アイディア\情報\pii-output\clean-dataset\Keep\その他.json,その他.json,.json,1389,2026-07-10T01:06:57.614560
Keep,D:\Programs\追加アイディア\情報\pii-output\clean-dataset\Keep\なりたい自分　_思い込み気づき.html,なりたい自分　_思い込み気づき.html,.html,13577,2026-07-10T01:06:57.662200
Keep,D:\Programs\追加アイディア\情報\pii-output\clean-dataset\Keep\なりたい自分　_思い込み気づき.json,なりたい自分　_思い込み気づき.json,.json,17007,2026-07-10T01:06:57.678057
Keep,D:\Programs\追加アイディア\情報\pii-output\clean-dataset\Keep\ぼくあい.html,ぼくあい.html,.html,11943,2026-07-10T01:06:57.725550
Keep,D:\Programs\追加アイディア\情報\pii-output\clean-dataset\Keep\ぼくあい.json,ぼくあい.json,.json,4977,2026-07-10T01:06:57.728920
Keep,D:\Programs\追加アイディア\情報\pii-output\clean-dataset\Keep\まとめ(1).html,まとめ(1).html,.html,17050,2026-07-10T01:06:57.773093
Keep,D:\Programs\追加アイディア\情報\pii-output\clean-dataset\Keep\まとめ(1).json,まとめ(1).json,.json,52201,2026-07-10T01:06:57.806380
Keep,D:\Programs\追加アイディア\情報\pii-output\clean-dataset\Keep\まとめ.html,まとめ.html,.html,16779,2026-07-10T01:06:57.836181
Keep,D:\Programs\追加アイディア\情報\pii-output\clean-dataset\Keep\まとめ.json,まとめ.json,.json,52318,2026-07-10T01:06:57.883427
Keep,D:\Programs\追加アイディア\情報\pii-output\clean-dataset\Keep\まねきねことその他.html,まねきねことその他.html,.html,11406,2026-07-10T01:06:57.915200
Keep,D:\Programs\追加アイディア\情報\pii-output\clean-dataset\Keep\まねきねことその他.json,まねきねことその他.json,.json,1988,2026-07-10T01:06:57.915200
Keep,D:\Programs\追加アイディア\情報\pii-output\clean-dataset\Keep\やり方.html,やり方.html,.html,15315,2026-07-10T01:06:57.962683
Keep,D:\Programs\追加アイディア\情報\pii-output\clean-dataset\Keep\やり方.json,やり方.json,.json,34126,2026-07-10T01:06:57.978594
Keep,D:\Programs\追加アイディア\情報\pii-output\clean-dataset\Keep\やるかとりすと.html,やるかとりすと.html,.html,11674,2026-07-10T01:06:58.035169
Keep,D:\Programs\追加アイディア\情報\pii-output\clean-dataset\Keep\やるかとりすと.json,やるかとりすと.json,.json,3865,2026-07-10T01:06:58.039590
Keep,D:\Programs\追加アイディア\情報\pii-output\clean-dataset\Keep\やることメモ.html,やることメモ.html,.html,17197,2026-07-10T01:06:58.073154
Keep,D:\Programs\追加アイディア\情報\pii-output\clean-dataset\Keep\やることメモ.json,やることメモ.json,.json,66346,2026-07-10T01:06:58.120696
Keep,D:\Programs\追加アイディア\情報\pii-output\clean-dataset\Keep\アイディア(1).html,アイディア(1).html,.html,13054,2026-07-10T01:06:58.168332
Keep,D:\Programs\追加アイディア\情報\pii-output\clean-dataset\Keep\アイディア(1).json,アイディア(1).json,.json,13186,2026-07-10T01:06:58.168332
Keep,D:\Programs\追加アイディア\情報\pii-output\clean-dataset\Keep\アイディア(2).html,アイディア(2).html,.html,14002,2026-07-10T01:06:58.215992
Keep,D:\Programs\追加アイディア\情報\pii-output\clean-dataset\Keep\アイディア(2).json,アイディア(2).json,.json,21435,2026-07-10T01:06:58.231735
Keep,D:\Programs\追加アイディア\情報\pii-output\clean-dataset\Keep\アイディア(3).html,アイディア(3).html,.html,13286,2026-07-10T01:06:58.279371
Keep,D:\Programs\追加アイディア\情報\pii-output\clean-dataset\Keep\アイディア(3).json,アイディア(3).json,.json,16155,2026-07-10T01:06:58.295163
Keep,D:\Programs\追加アイディア\情報\pii-output\clean-dataset\Keep\アイディア.html,アイディア.html,.html,11356,2026-07-10T01:06:58.327108
Keep,D:\Programs\追加アイディア\情報\pii-output\clean-dataset\Keep\アイディア.json,アイディア.json,.json,247,2026-07-10T01:06:58.327108
Keep,D:\Programs\追加アイディア\情報\pii-output\clean-dataset\Keep\アイディアメモ.html,アイディアメモ.html,.html,19923,2026-07-10T01:06:58.376408
Keep,D:\Programs\追加アイディア\情報\pii-output\clean-dataset\Keep\アイディアメモ.json,アイディアメモ.json,.json,69533,2026-07-10T01:06:58.406350
Keep,D:\Programs\追加アイディア\情報\pii-output\clean-dataset\Keep\アイディア箱.html,アイディア箱.html,.html,12516,2026-07-10T01:06:58.453941
Keep,D:\Programs\追加アイディア\情報\pii-output\clean-dataset\Keep\アイディア箱.json,アイディア箱.json,.json,9074,2026-07-10T01:06:58.453941
Keep,D:\Programs\追加アイディア\情報\pii-output\clean-dataset\Keep\アカウント.html,アカウント.html,.html,12042,2026-07-10T01:06:58.501565
Keep,D:\Programs\追加アイディア\情報\pii-output\clean-dataset\Keep\アカウント.json,アカウント.json,.json,6128,2026-07-10T01:06:58.501565
Keep,D:\Programs\追加アイディア\情報\pii-output\clean-dataset\Keep\イニシャルリスト.html,イニシャルリスト.html,.html,13780,2026-07-10T01:06:58.549303
Keep,D:\Programs\追加アイディア\情報\pii-output\clean-dataset\Keep\イニシャルリスト.json,イニシャルリスト.json,.json,28889,2026-07-10T01:06:58.565113
Keep,D:\Programs\追加アイディア\情報\pii-output\clean-dataset\Keep\オファー.html,オファー.html,.html,30236,2026-07-10T01:06:58.613005
Keep,D:\Programs\追加アイディア\情報\pii-output\clean-dataset\Keep\オファー.json,オファー.json,.json,187136,2026-07-10T01:06:58.738273
Keep,D:\Programs\追加アイディア\情報\pii-output\clean-dataset\Keep\オファー画面.html,オファー画面.html,.html,43174,2026-07-10T01:06:58.787564
Keep,D:\Programs\追加アイディア\情報\pii-output\clean-dataset\Keep\オファー画面.json,オファー画面.json,.json,314001,2026-07-10T01:06:59.010430
Keep,D:\Programs\追加アイディア\情報\pii-output\clean-dataset\Keep\オープンソース公開計画.html,オープンソース公開計画.html,.html,21689,2026-07-10T01:06:59.058420
Keep,D:\Programs\追加アイディア\情報\pii-output\clean-dataset\Keep\オープンソース公開計画.json,オープンソース公開計画.json,.json,94719,2026-07-10T01:06:59.105855
Keep,D:\Programs\追加アイディア\情報\pii-output\clean-dataset\Keep\カーネルへ昇格した.html,カーネルへ昇格した.html,.html,17034,2026-07-10T01:06:59.153466
Keep,D:\Programs\追加アイディア\情報\pii-output\clean-dataset\Keep\カーネルへ昇格した.json,カーネルへ昇格した.json,.json,57317,2026-07-10T01:06:59.200259
Keep,D:\Programs\追加アイディア\情報\pii-output\clean-dataset\Keep\カーネルへ移植.html,カーネルへ移植.html,.html,21534,2026-07-10T01:06:59.231996
Keep,D:\Programs\追加アイディア\情報\pii-output\clean-dataset\Keep\カーネルへ移植.json,カーネルへ移植.json,.json,92247,2026-07-10T01:06:59.295108
Keep,D:\Programs\追加アイディア\情報\pii-output\clean-dataset\Keep\キャラ設定と言い訳　◯.html,キャラ設定と言い訳　◯.html,.html,21646,2026-07-10T01:06:59.342551
Keep,D:\Programs\追加アイディア\情報\pii-output\clean-dataset\Keep\キャラ設定と言い訳　◯.json,キャラ設定と言い訳　◯.json,.json,111274,2026-07-10T01:06:59.405747
Keep,D:\Programs\追加アイディア\情報\pii-output\clean-dataset\Keep\キャリア演習C.html,キャリア演習C.html,.html,12826,2026-07-10T01:06:59.453682
Keep,D:\Programs\追加アイディア\情報\pii-output\clean-dataset\Keep\キャリア演習C.json,キャリア演習C.json,.json,14329,2026-07-10T01:06:59.469444
Keep,D:\Programs\追加アイディア\情報\pii-output\clean-dataset\Keep\クリスマスパーティ あったこと。.html,クリスマスパーティ あったこと。.html,.html,12337,2026-07-10T01:06:59.517354
Keep,D:\Programs\追加アイディア\情報\pii-output\clean-dataset\Keep\クリスマスパーティ あったこと。.json,クリスマスパーティ あったこと。.json,.json,6596,2026-07-10T01:06:59.517354
Keep,D:\Programs\追加アイディア\情報\pii-output\clean-dataset\Keep\グループディスカッション.html,グループディスカッション.html,.html,13445,2026-07-10T01:06:59.564886
Keep,D:\Programs\追加アイディア\情報\pii-output\clean-dataset\Keep\グループディスカッション.json,グループディスカッション.json,.json,24202,2026-07-10T01:06:59.580549
Keep,D:\Programs\追加アイディア\情報\pii-output\clean-dataset\Keep\ゲーム.html,ゲーム.html,.html,11431,2026-07-10T01:06:59.627900
Keep,D:\Programs\追加アイディア\情報\pii-output\clean-dataset\Keep\ゲーム.json,ゲーム.json,.json,1999,2026-07-10T01:06:59.627900
Keep,D:\Programs\追加アイディア\情報\pii-output\clean-dataset\Keep\コミュニケーション.html,コミュニケーション.html,.html,12027,2026-07-10T01:06:59.676852
Keep,D:\Programs\追加アイディア\情報\pii-output\clean-dataset\Keep\コミュニケーション.json,コミュニケーション.json,.json,2055,2026-07-10T01:06:59.676852
Keep,D:\Programs\追加アイディア\情報\pii-output\clean-dataset\Keep\コンポーネントを検索可能にする。済み◯.html,コンポーネントを検索可能にする。済み◯.html,.html,21155,2026-07-10T01:06:59.722334
Keep,D:\Programs\追加アイディア\情報\pii-output\clean-dataset\Keep\コンポーネントを検索可能にする。済み◯.json,コンポーネントを検索可能にする。済み◯.json,.json,88162,2026-07-10T01:06:59.769773
Keep,D:\Programs\追加アイディア\情報\pii-output\clean-dataset\Keep\コンポーネントシステム.html,コンポーネントシステム.html,.html,18228,2026-07-10T01:06:59.817324
Keep,D:\Programs\追加アイディア\情報\pii-output\clean-dataset\Keep\コンポーネントシステム.json,コンポーネントシステム.json,.json,77522,2026-07-10T01:06:59.864479
Keep,D:\Programs\追加アイディア\情報\pii-output\clean-dataset\Keep\コンポーネント並べる　◯.html,コンポーネント並べる　◯.html,.html,16740,2026-07-10T01:06:59.911828
Keep,D:\Programs\追加アイディア\情報\pii-output\clean-dataset\Keep\コンポーネント並べる　◯.json,コンポーネント並べる　◯.json,.json,60881,2026-07-10T01:06:59.943466
Keep,D:\Programs\追加アイディア\情報\pii-output\clean-dataset\Keep\サンドボックス.html,サンドボックス.html,.html,17888,2026-07-10T01:06:59.990873
Keep,D:\Programs\追加アイディア\情報\pii-output\clean-dataset\Keep\サンドボックス.json,サンドボックス.json,.json,69401,2026-07-10T01:07:00.041785
Keep,D:\Programs\追加アイディア\情報\pii-output\clean-dataset\Keep\サーミット工業.html,サーミット工業.html,.html,13026,2026-07-10T01:07:00.087093
Keep,D:\Programs\追加アイディア\情報\pii-output\clean-dataset\Keep\サーミット工業.json,サーミット工業.json,.json,14393,2026-07-10T01:07:00.096093
Keep,D:\Programs\追加アイディア\情報\pii-output\clean-dataset\Keep\シリーズアイディア.html,シリーズアイディア.html,.html,12683,2026-07-10T01:07:00.139402
Keep,D:\Programs\追加アイディア\情報\pii-output\clean-dataset\Keep\シリーズアイディア.json,シリーズアイディア.json,.json,11318,2026-07-10T01:07:00.147433
Keep,D:\Programs\追加アイディア\情報\pii-output\clean-dataset\Keep\スキーマ.html,スキーマ.html,.html,18442,2026-07-10T01:07:00.194893
Keep,D:\Programs\追加アイディア\情報\pii-output\clean-dataset\Keep\スキーマ.json,スキーマ.json,.json,73101,2026-07-10T01:07:00.245332
Keep,D:\Programs\追加アイディア\情報\pii-output\clean-dataset\Keep\スキーマがどこに対応するか.html,スキーマがどこに対応するか.html,.html,16347,2026-07-10T01:07:00.289562
Keep,D:\Programs\追加アイディア\情報\pii-output\clean-dataset\Keep\スキーマがどこに対応するか.json,スキーマがどこに対応するか.json,.json,47025,2026-07-10T01:07:00.320854
Keep,D:\Programs\追加アイディア\情報\pii-output\clean-dataset\Keep\スケジュール.html,スケジュール.html,.html,17281,2026-07-10T01:07:00.365179
Keep,D:\Programs\追加アイディア\情報\pii-output\clean-dataset\Keep\スケジュール.json,スケジュール.json,.json,62496,2026-07-10T01:07:00.407192
Keep,D:\Programs\追加アイディア\情報\pii-output\clean-dataset\Keep\スケール紙とカルマシステム.html,スケール紙とカルマシステム.html,.html,28858,2026-07-10T01:07:00.453490
Keep,D:\Programs\追加アイディア\情報\pii-output\clean-dataset\Keep\スケール紙とカルマシステム.json,スケール紙とカルマシステム.json,.json,161079,2026-07-10T01:07:00.553291
Keep,D:\Programs\追加アイディア\情報\pii-output\clean-dataset\Keep\スタンス設計.html,スタンス設計.html,.html,17312,2026-07-10T01:07:00.599204
Keep,D:\Programs\追加アイディア\情報\pii-output\clean-dataset\Keep\スタンス設計.json,スタンス設計.json,.json,45235,2026-07-10T01:07:00.628483
Keep,D:\Programs\追加アイディア\情報\pii-output\clean-dataset\Keep\スレッド.html,スレッド.html,.html,17105,2026-07-10T01:07:00.671785
Keep,D:\Programs\追加アイディア\情報\pii-output\clean-dataset\Keep\スレッド.json,スレッド.json,.json,62013,2026-07-10T01:07:00.713202
Keep,D:\Programs\追加アイディア\情報\pii-output\clean-dataset\Keep\スレッド1.html,スレッド1.html,.html,18213,2026-07-10T01:07:00.757452
Keep,D:\Programs\追加アイディア\情報\pii-output\clean-dataset\Keep\スレッド1.json,スレッド1.json,.json,97886,2026-07-10T01:07:00.825963
Keep,D:\Programs\追加アイディア\情報\pii-output\clean-dataset\Keep\セキュリティ仕様書.html,セキュリティ仕様書.html,.html,17216,2026-07-10T01:07:00.868178
Keep,D:\Programs\追加アイディア\情報\pii-output\clean-dataset\Keep\セキュリティ仕様書.json,セキュリティ仕様書.json,.json,51262,2026-07-10T01:07:00.900362
Keep,D:\Programs\追加アイディア\情報\pii-output\clean-dataset\Keep\タグ付け.html,タグ付け.html,.html,16036,2026-07-10T01:07:00.943747
Keep,D:\Programs\追加アイディア\情報\pii-output\clean-dataset\Keep\タグ付け.json,タグ付け.json,.json,54595,2026-07-10T01:07:00.979969
Keep,D:\Programs\追加アイディア\情報\pii-output\clean-dataset\Keep\タスク.html,タスク.html,.html,14098,2026-07-10T01:07:01.025180
Keep,D:\Programs\追加アイディア\情報\pii-output\clean-dataset\Keep\タスク.json,タスク.json,.json,29214,2026-07-10T01:07:01.030180
Keep,D:\Programs\追加アイディア\情報\pii-output\clean-dataset\Keep\テスト条件.html,テスト条件.html,.html,16140,2026-07-10T01:07:01.077352
Keep,D:\Programs\追加アイディア\情報\pii-output\clean-dataset\Keep\テスト条件.json,テスト条件.json,.json,45242,2026-07-10T01:07:01.108035
Keep,D:\Programs\追加アイディア\情報\pii-output\clean-dataset\Keep\テセウスOS　実装.html,テセウスOS　実装.html,.html,43290,2026-07-10T01:07:01.171564
Keep,D:\Programs\追加アイディア\情報\pii-output\clean-dataset\Keep\テセウスOS　実装.json,テセウスOS　実装.json,.json,319567,2026-07-10T01:07:01.383860
Keep,D:\Programs\追加アイディア\情報\pii-output\clean-dataset\Keep\テセウスOS　実装2.html,テセウスOS　実装2.html,.html,40202,2026-07-10T01:07:01.440549
Keep,D:\Programs\追加アイディア\情報\pii-output\clean-dataset\Keep\テセウスOS　実装2.json,テセウスOS　実装2.json,.json,299428,2026-07-10T01:07:01.645986
Keep,D:\Programs\追加アイディア\情報\pii-output\clean-dataset\Keep\テセウスOS　実装　3.html,テセウスOS　実装　3.html,.html,43215,2026-07-10T01:07:01.707091
Keep,D:\Programs\追加アイディア\情報\pii-output\clean-dataset\Keep\テセウスOS　実装　3.json,テセウスOS　実装　3.json,.json,362131,2026-07-10T01:07:01.953918
Keep,D:\Programs\追加アイディア\情報\pii-output\clean-dataset\Keep\テンプレート　スレッド　完成.html,テンプレート　スレッド　完成.html,.html,20688,2026-07-10T01:07:01.997382
Keep,D:\Programs\追加アイディア\情報\pii-output\clean-dataset\Keep\テンプレート　スレッド　完成.json,テンプレート　スレッド　完成.json,.json,93465,2026-07-10T01:07:02.058290
Keep,D:\Programs\追加アイディア\情報\pii-output\clean-dataset\Keep\ディズニー.html,ディズニー.html,.html,11944,2026-07-10T01:07:02.103483
Keep,D:\Programs\追加アイディア\情報\pii-output\clean-dataset\Keep\ディズニー.json,ディズニー.json,.json,9508,2026-07-10T01:07:02.111233
Keep,D:\Programs\追加アイディア\情報\pii-output\clean-dataset\Keep\ディレクトリ構成.html,ディレクトリ構成.html,.html,14214,2026-07-10T01:07:02.156281
Keep,D:\Programs\追加アイディア\情報\pii-output\clean-dataset\Keep\ディレクトリ構成.json,ディレクトリ構成.json,.json,27334,2026-07-10T01:07:02.175001
Keep,D:\Programs\追加アイディア\情報\pii-output\clean-dataset\Keep\デジタルツイン.html,デジタルツイン.html,.html,52585,2026-07-10T01:07:02.231165
Keep,D:\Programs\追加アイディア\情報\pii-output\clean-dataset\Keep\デジタルツイン.json,デジタルツイン.json,.json,430475,2026-07-10T01:07:02.529610
Keep,D:\Programs\追加アイディア\情報\pii-output\clean-dataset\Keep\データフロー図（API → worker → node → R2）.html,データフロー図（API → worker → node → R2）.html,.html,18683,2026-07-10T01:07:02.572991
Keep,D:\Programs\追加アイディア\情報\pii-output\clean-dataset\Keep\データフロー図（API → worker → node → R2）.json,データフロー図（API → worker → node → R2）.json,.json,116493,2026-07-10T01:07:02.636472
Keep,D:\Programs\追加アイディア\情報\pii-output\clean-dataset\Keep\ドライバキメラ.html,ドライバキメラ.html,.html,23905,2026-07-10T01:07:02.694980
Keep,D:\Programs\追加アイディア\情報\pii-output\clean-dataset\Keep\ドライバキメラ.json,ドライバキメラ.json,.json,127383,2026-07-10T01:07:02.763532
Keep,D:\Programs\追加アイディア\情報\pii-output\clean-dataset\Keep\ナビゲーション → 観測画面 → 生体登録画面.html,ナビゲーション → 観測画面 → 生体登録画面.html,.html,19530,2026-07-10T01:07:02.810870
Keep,D:\Programs\追加アイディア\情報\pii-output\clean-dataset\Keep\ナビゲーション → 観測画面 → 生体登録画面.json,ナビゲーション → 観測画面 → 生体登録画面.json,.json,84708,2026-07-10T01:07:02.874393
Keep,D:\Programs\追加アイディア\情報\pii-output\clean-dataset\Keep\ハラスメント相談メール_澤田洸樹.html,ハラスメント相談メール_澤田洸樹.html,.html,14561,2026-07-10T01:07:02.922126
Keep,D:\Programs\追加アイディア\情報\pii-output\clean-dataset\Keep\ハラスメント相談メール_澤田洸樹.json,ハラスメント相談メール_澤田洸樹.json,.json,14910,2026-07-10T01:07:02.922126
Keep,D:\Programs\追加アイディア\情報\pii-output\clean-dataset\Keep\バックアップ手順（R2 _ env _ config）.html,バックアップ手順（R2 _ env _ config）.html,.html,15797,2026-07-10T01:07:02.969368
Keep,D:\Programs\追加アイディア\情報\pii-output\clean-dataset\Keep\バックアップ手順（R2 _ env _ config）.json,バックアップ手順（R2 _ env _ config）.json,.json,53140,2026-07-10T01:07:03.000955
Keep,D:\Programs\追加アイディア\情報\pii-output\clean-dataset\Keep\パソコン パスワード.html,パソコン パスワード.html,.html,11371,2026-07-10T01:07:03.048193
Keep,D:\Programs\追加アイディア\情報\pii-output\clean-dataset\Keep\パソコン パスワード.json,パソコン パスワード.json,.json,932,2026-07-10T01:07:03.048193
Keep,D:\Programs\追加アイディア\情報\pii-output\clean-dataset\Keep\パソコン.html,パソコン.html,.html,11585,2026-07-10T01:07:03.095212
Keep,D:\Programs\追加アイディア\情報\pii-output\clean-dataset\Keep\パソコン.json,パソコン.json,.json,2489,2026-07-10T01:07:03.095212
Keep,D:\Programs\追加アイディア\情報\pii-output\clean-dataset\Keep\ビルダー.html,ビルダー.html,.html,17364,2026-07-10T01:07:03.147329
Keep,D:\Programs\追加アイディア\情報\pii-output\clean-dataset\Keep\ビルダー.json,ビルダー.json,.json,64300,2026-07-10T01:07:03.190766
Keep,D:\Programs\追加アイディア\情報\pii-output\clean-dataset\Keep\ビルダー✨️.html,ビルダー✨️.html,.html,42811,2026-07-10T01:07:03.238526
Keep,D:\Programs\追加アイディア\情報\pii-output\clean-dataset\Keep\ビルダー✨️.json,ビルダー✨️.json,.json,330550,2026-07-10T01:07:03.460470
Keep,D:\Programs\追加アイディア\情報\pii-output\clean-dataset\Keep\ビルダースッキリ.html,ビルダースッキリ.html,.html,26927,2026-07-10T01:07:03.507842
Keep,D:\Programs\追加アイディア\情報\pii-output\clean-dataset\Keep\ビルダースッキリ.json,ビルダースッキリ.json,.json,146545,2026-07-10T01:07:03.587942
Keep,D:\Programs\追加アイディア\情報\pii-output\clean-dataset\Keep\ファイル構成(1).html,ファイル構成(1).html,.html,16926,2026-07-10T01:07:03.644267
Keep,D:\Programs\追加アイディア\情報\pii-output\clean-dataset\Keep\ファイル構成(1).json,ファイル構成(1).json,.json,64716,2026-07-10T01:07:03.682666
Keep,D:\Programs\追加アイディア\情報\pii-output\clean-dataset\Keep\ファイル構成.html,ファイル構成.html,.html,17086,2026-07-10T01:07:03.732232
Keep,D:\Programs\追加アイディア\情報\pii-output\clean-dataset\Keep\ファイル構成.json,ファイル構成.json,.json,83808,2026-07-10T01:07:03.777755
Keep,D:\Programs\追加アイディア\情報\pii-output\clean-dataset\Keep\フェーズ0 新規登録.html,フェーズ0 新規登録.html,.html,16444,2026-07-10T01:07:03.824896
Keep,D:\Programs\追加アイディア\情報\pii-output\clean-dataset\Keep\フェーズ0 新規登録.json,フェーズ0 新規登録.json,.json,52274,2026-07-10T01:07:03.856812
Keep,D:\Programs\追加アイディア\情報\pii-output\clean-dataset\Keep\フェーズ3完了.html,フェーズ3完了.html,.html,13191,2026-07-10T01:07:03.903947
Keep,D:\Programs\追加アイディア\情報\pii-output\clean-dataset\Keep\フェーズ3完了.json,フェーズ3完了.json,.json,22391,2026-07-10T01:07:03.919594
Keep,D:\Programs\追加アイディア\情報\pii-output\clean-dataset\Keep\フェーズ4.html,フェーズ4.html,.html,15633,2026-07-10T01:07:03.966637
Keep,D:\Programs\追加アイディア\情報\pii-output\clean-dataset\Keep\フェーズ4.json,フェーズ4.json,.json,37752,2026-07-10T01:07:03.982285
Keep,D:\Programs\追加アイディア\情報\pii-output\clean-dataset\Keep\フェーズ6.html,フェーズ6.html,.html,15793,2026-07-10T01:07:04.029548
Keep,D:\Programs\追加アイディア\情報\pii-output\clean-dataset\Keep\フェーズ6.json,フェーズ6.json,.json,47167,2026-07-10T01:07:04.061150
Keep,D:\Programs\追加アイディア\情報\pii-output\clean-dataset\Keep\プラチナコインモジュール.html,プラチナコインモジュール.html,.html,31750,2026-07-10T01:07:04.124020
Keep,D:\Programs\追加アイディア\情報\pii-output\clean-dataset\Keep\プラチナコインモジュール.json,プラチナコインモジュール.json,.json,221359,2026-07-10T01:07:04.266262
Keep,D:\Programs\追加アイディア\情報\pii-output\clean-dataset\Keep\プロジェクトルール.html,プロジェクトルール.html,.html,19453,2026-07-10T01:07:04.313770
Keep,D:\Programs\追加アイディア\情報\pii-output\clean-dataset\Keep\プロジェクトルール.json,プロジェクトルール.json,.json,78094,2026-07-10T01:07:04.362984
Keep,D:\Programs\追加アイディア\情報\pii-output\clean-dataset\Keep\プロジェクトルール✨️.html,プロジェクトルール✨️.html,.html,18677,2026-07-10T01:07:04.408512
Keep,D:\Programs\追加アイディア\情報\pii-output\clean-dataset\Keep\プロジェクトルール✨️.json,プロジェクトルール✨️.json,.json,66054,2026-07-10T01:07:04.456077
Keep,D:\Programs\追加アイディア\情報\pii-output\clean-dataset\Keep\プロフィール設定user_profile（国・言語・国旗 ON_OFF）UI JSON（完全版）.html,プロフィール設定user_profile（国・言語・国旗 ON_OFF）UI JSON（完全版）.html,.html,17281,2026-07-10T01:07:04.503251
Keep,D:\Programs\追加アイディア\情報\pii-output\clean-dataset\Keep\プロフィール設定user_profile（国・言語・国旗 ON_OFF）UI JSON（完全版）.json,プロフィール設定user_profile（国・言語・国旗 ON_OFF）UI JSON（完全版）.json,.json,53395,2026-07-10T01:07:04.534769
Keep,D:\Programs\追加アイディア\情報\pii-output\clean-dataset\Keep\プロンプト(1).html,プロンプト(1).html,.html,18905,2026-07-10T01:07:04.582223
Keep,D:\Programs\追加アイディア\情報\pii-output\clean-dataset\Keep\プロンプト(1).json,プロンプト(1).json,.json,74497,2026-07-10T01:07:04.629373
Keep,D:\Programs\追加アイディア\情報\pii-output\clean-dataset\Keep\プロンプト(2).html,プロンプト(2).html,.html,19143,2026-07-10T01:07:04.673662
Keep,D:\Programs\追加アイディア\情報\pii-output\clean-dataset\Keep\プロンプト(2).json,プロンプト(2).json,.json,81099,2026-07-10T01:07:04.724087
Keep,D:\Programs\追加アイディア\情報\pii-output\clean-dataset\Keep\プロンプト.html,プロンプト.html,.html,16238,2026-07-10T01:07:04.755745
Keep,D:\Programs\追加アイディア\情報\pii-output\clean-dataset\Keep\プロンプト.json,プロンプト.json,.json,43429,2026-07-10T01:07:04.787212
Keep,D:\Programs\追加アイディア\情報\pii-output\clean-dataset\Keep\プロンプト2  ごみ。Intent → Spec → Implementation を自動同期するA.html,プロンプト2  ごみ。Intent → Spec → Implementation を自動同期するA.html,.html,18839,2026-07-10T01:07:04.839669
Keep,D:\Programs\追加アイディア\情報\pii-output\clean-dataset\Keep\プロンプト2  ごみ。Intent → Spec → Implementation を自動同期するA.json,プロンプト2  ごみ。Intent → Spec → Implementation を自動同期するA.json,.json,68722,2026-07-10T01:07:04.882564
Keep,D:\Programs\追加アイディア\情報\pii-output\clean-dataset\Keep\プロンプト　一番マシ　◯.html,プロンプト　一番マシ　◯.html,.html,16325,2026-07-10T01:07:04.914252
Keep,D:\Programs\追加アイディア\情報\pii-output\clean-dataset\Keep\プロンプト　一番マシ　◯.json,プロンプト　一番マシ　◯.json,.json,46943,2026-07-10T01:07:04.952902
Keep,D:\Programs\追加アイディア\情報\pii-output\clean-dataset\Keep\プロンプト案2.html,プロンプト案2.html,.html,16779,2026-07-10T01:07:04.994859
Keep,D:\Programs\追加アイディア\情報\pii-output\clean-dataset\Keep\プロンプト案2.json,プロンプト案2.json,.json,44980,2026-07-10T01:07:05.025087
Keep,D:\Programs\追加アイディア\情報\pii-output\clean-dataset\Keep\ヘラクレス成長研究の基本方針.html,ヘラクレス成長研究の基本方針.html,.html,15529,2026-07-10T01:07:05.072325
Keep,D:\Programs\追加アイディア\情報\pii-output\clean-dataset\Keep\ヘラクレス成長研究の基本方針.json,ヘラクレス成長研究の基本方針.json,.json,33881,2026-07-10T01:07:05.088056
Keep,D:\Programs\追加アイディア\情報\pii-output\clean-dataset\Keep\ホーム画面.html,ホーム画面.html,.html,48523,2026-07-10T01:07:05.152529
Keep,D:\Programs\追加アイディア\情報\pii-output\clean-dataset\Keep\ホーム画面.json,ホーム画面.json,.json,377150,2026-07-10T01:07:05.388154
Keep,D:\Programs\追加アイディア\情報\pii-output\clean-dataset\Keep\ボランティア論(1).html,ボランティア論(1).html,.html,11526,2026-07-10T01:07:05.419844
Keep,D:\Programs\追加アイディア\情報\pii-output\clean-dataset\Keep\ボランティア論(1).json,ボランティア論(1).json,.json,1959,2026-07-10T01:07:05.435550
Keep,D:\Programs\追加アイディア\情報\pii-output\clean-dataset\Keep\ボランティア論.html,ボランティア論.html,.html,11572,2026-07-10T01:07:05.467453
Keep,D:\Programs\追加アイディア\情報\pii-output\clean-dataset\Keep\ボランティア論.json,ボランティア論.json,.json,3676,2026-07-10T01:07:05.483268
Keep,D:\Programs\追加アイディア\情報\pii-output\clean-dataset\Keep\マイページ.html,マイページ.html,.html,12358,2026-07-10T01:07:05.514750
Keep,D:\Programs\追加アイディア\情報\pii-output\clean-dataset\Keep\マイページ.json,マイページ.json,.json,9194,2026-07-10T01:07:05.530519
Keep,D:\Programs\追加アイディア\情報\pii-output\clean-dataset\Keep\マジックリンク.html,マジックリンク.html,.html,17863,2026-07-10T01:07:05.578304
Keep,D:\Programs\追加アイディア\情報\pii-output\clean-dataset\Keep\マジックリンク.json,マジックリンク.json,.json,62329,2026-07-10T01:07:05.610220
Keep,D:\Programs\追加アイディア\情報\pii-output\clean-dataset\Keep\マチアプ.html,マチアプ.html,.html,15763,2026-07-10T01:07:05.657735
Keep,D:\Programs\追加アイディア\情報\pii-output\clean-dataset\Keep\マチアプ.json,マチアプ.json,.json,83817,2026-07-10T01:07:05.720717
Keep,D:\Programs\追加アイディア\情報\pii-output\clean-dataset\Keep\マーケット.html,マーケット.html,.html,16015,2026-07-10T01:07:05.754748
Keep,D:\Programs\追加アイディア\情報\pii-output\clean-dataset\Keep\マーケット.json,マーケット.json,.json,52597,2026-07-10T01:07:05.783926
Keep,D:\Programs\追加アイディア\情報\pii-output\clean-dataset\Keep\マーケット構造図.html,マーケット構造図.html,.html,20757,2026-07-10T01:07:05.831477
Keep,D:\Programs\追加アイディア\情報\pii-output\clean-dataset\Keep\マーケット構造図.json,マーケット構造図.json,.json,129634,2026-07-10T01:07:05.926291
Keep,D:\Programs\追加アイディア\情報\pii-output\clean-dataset\Keep\マーケット画面は、自然言語とビルダーの修正だけで作れますか？」.html,マーケット画面は、自然言語とビルダーの修正だけで作れますか？」.html,.html,17736,2026-07-10T01:07:05.957751
Keep,D:\Programs\追加アイディア\情報\pii-output\clean-dataset\Keep\マーケット画面は、自然言語とビルダーの修正だけで作れますか？」.json,マーケット画面は、自然言語とビルダーの修正だけで作れますか？」.json,.json,48571,2026-07-10T01:07:05.989413
Keep,D:\Programs\追加アイディア\情報\pii-output\clean-dataset\Keep\マーケティング論 1.html,マーケティング論 1.html,.html,11793,2026-07-10T01:07:06.036779
Keep,D:\Programs\追加アイディア\情報\pii-output\clean-dataset\Keep\マーケティング論 1.json,マーケティング論 1.json,.json,2845,2026-07-10T01:07:06.036779
Keep,D:\Programs\追加アイディア\情報\pii-output\clean-dataset\Keep\メニュー.html,メニュー.html,.html,11603,2026-07-10T01:07:06.083972
Keep,D:\Programs\追加アイディア\情報\pii-output\clean-dataset\Keep\メニュー.json,メニュー.json,.json,4497,2026-07-10T01:07:06.083972
Keep,D:\Programs\追加アイディア\情報\pii-output\clean-dataset\Keep\モック.html,モック.html,.html,16119,2026-07-10T01:07:06.131450
Keep,D:\Programs\追加アイディア\情報\pii-output\clean-dataset\Keep\モック.json,モック.json,.json,43627,2026-07-10T01:07:06.163446
Keep,D:\Programs\追加アイディア\情報\pii-output\clean-dataset\Keep\ユーザーは UI を作成できます.html,ユーザーは UI を作成できます.html,.html,16939,2026-07-10T01:07:06.211191
Keep,D:\Programs\追加アイディア\情報\pii-output\clean-dataset\Keep\ユーザーは UI を作成できます.json,ユーザーは UI を作成できます.json,.json,59641,2026-07-10T01:07:06.242798
Keep,D:\Programs\追加アイディア\情報\pii-output\clean-dataset\Keep\リリース手順書.html,リリース手順書.html,.html,20123,2026-07-10T01:07:06.290365
Keep,D:\Programs\追加アイディア\情報\pii-output\clean-dataset\Keep\リリース手順書.json,リリース手順書.json,.json,96044,2026-07-10T01:07:06.355828
Keep,D:\Programs\追加アイディア\情報\pii-output\clean-dataset\Keep\リリース手順（本番反映の手順書）.html,リリース手順（本番反映の手順書）.html,.html,16376,2026-07-10T01:07:06.402054
Keep,D:\Programs\追加アイディア\情報\pii-output\clean-dataset\Keep\リリース手順（本番反映の手順書）.json,リリース手順（本番反映の手順書）.json,.json,66470,2026-07-10T01:07:06.449407
Keep,D:\Programs\追加アイディア\情報\pii-output\clean-dataset\Keep\リリース準備.html,リリース準備.html,.html,21516,2026-07-10T01:07:06.496887
Keep,D:\Programs\追加アイディア\情報\pii-output\clean-dataset\Keep\リリース準備.json,リリース準備.json,.json,96347,2026-07-10T01:07:06.560241
Keep,D:\Programs\追加アイディア\情報\pii-output\clean-dataset\Keep\リレー講義ガイドブック.html,リレー講義ガイドブック.html,.html,11553,2026-07-10T01:07:06.591704
Keep,D:\Programs\追加アイディア\情報\pii-output\clean-dataset\Keep\リレー講義ガイドブック.json,リレー講義ガイドブック.json,.json,2551,2026-07-10T01:07:06.607521
Keep,D:\Programs\追加アイディア\情報\pii-output\clean-dataset\Keep\ルール置くやつ.html,ルール置くやつ.html,.html,21873,2026-07-10T01:07:06.655073
Keep,D:\Programs\追加アイディア\情報\pii-output\clean-dataset\Keep\ルール置くやつ.json,ルール置くやつ.json,.json,85186,2026-07-10T01:07:06.704354
Keep,D:\Programs\追加アイディア\情報\pii-output\clean-dataset\Keep\レイヤーアイディアと分類.html,レイヤーアイディアと分類.html,.html,16859,2026-07-10T01:07:06.749699
Keep,D:\Programs\追加アイディア\情報\pii-output\clean-dataset\Keep\レイヤーアイディアと分類.json,レイヤーアイディアと分類.json,.json,54112,2026-07-10T01:07:06.781846
Keep,D:\Programs\追加アイディア\情報\pii-output\clean-dataset\Keep\ログイン.html,ログイン.html,.html,15589,2026-07-10T01:07:06.829506
Keep,D:\Programs\追加アイディア\情報\pii-output\clean-dataset\Keep\ログイン.json,ログイン.json,.json,47020,2026-07-10T01:07:06.861650
Keep,D:\Programs\追加アイディア\情報\pii-output\clean-dataset\Keep\ログインとか色々足りてない。.html,ログインとか色々足りてない。.html,.html,13319,2026-07-10T01:07:06.893685
Keep,D:\Programs\追加アイディア\情報\pii-output\clean-dataset\Keep\ログインとか色々足りてない。.json,ログインとか色々足りてない。.json,.json,13358,2026-07-10T01:07:06.915780
Keep,D:\Programs\追加アイディア\情報\pii-output\clean-dataset\Keep\ロゴ.html,ロゴ.html,.html,17153,2026-07-10T01:07:06.957345
Keep,D:\Programs\追加アイディア\情報\pii-output\clean-dataset\Keep\ロゴ.json,ロゴ.json,.json,79329,2026-07-10T01:07:07.004204
Keep,D:\Programs\追加アイディア\情報\pii-output\clean-dataset\Keep\一旦設計書.html,一旦設計書.html,.html,14937,2026-07-10T01:07:07.051689
Keep,D:\Programs\追加アイディア\情報\pii-output\clean-dataset\Keep\一旦設計書.json,一旦設計書.json,.json,19138,2026-07-10T01:07:07.067382
Keep,D:\Programs\追加アイディア\情報\pii-output\clean-dataset\Keep\一流のエンジニアになるには.html,一流のエンジニアになるには.html,.html,13056,2026-07-10T01:07:07.099272
Keep,D:\Programs\追加アイディア\情報\pii-output\clean-dataset\Keep\一流のエンジニアになるには.json,一流のエンジニアになるには.json,.json,14264,2026-07-10T01:07:07.115062
Keep,D:\Programs\追加アイディア\情報\pii-output\clean-dataset\Keep\一覧(1).html,一覧(1).html,.html,11613,2026-07-10T01:07:07.146668
Keep,D:\Programs\追加アイディア\情報\pii-output\clean-dataset\Keep\一覧(1).json,一覧(1).json,.json,6616,2026-07-10T01:07:07.157723
Keep,D:\Programs\追加アイディア\情報\pii-output\clean-dataset\Keep\一覧.html,一覧.html,.html,18056,2026-07-10T01:07:07.202696
Keep,D:\Programs\追加アイディア\情報\pii-output\clean-dataset\Keep\一覧.json,一覧.json,.json,89549,2026-07-10T01:07:07.264201
Keep,D:\Programs\追加アイディア\情報\pii-output\clean-dataset\Keep\不動産課題.html,不動産課題.html,.html,20015,2026-07-10T01:07:07.305850
Keep,D:\Programs\追加アイディア\情報\pii-output\clean-dataset\Keep\不動産課題.json,不動産課題.json,.json,82415,2026-07-10T01:07:07.358311
Keep,D:\Programs\追加アイディア\情報\pii-output\clean-dataset\Keep\不安.html,不安.html,.html,11812,2026-07-10T01:07:07.401407
Keep,D:\Programs\追加アイディア\情報\pii-output\clean-dataset\Keep\不安.json,不安.json,.json,6079,2026-07-10T01:07:07.401407
Keep,D:\Programs\追加アイディア\情報\pii-output\clean-dataset\Keep\世界の 3D Graph Viewer に時間軸を追加し、歴史を立体で再生する（4D Viewer）.html,世界の 3D Graph Viewer に時間軸を追加し、歴史を立体で再生する（4D Viewer）.html,.html,18775,2026-07-10T01:07:07.448603
Keep,D:\Programs\追加アイディア\情報\pii-output\clean-dataset\Keep\世界の 3D Graph Viewer に時間軸を追加し、歴史を立体で再生する（4D Viewer）.json,世界の 3D Graph Viewer に時間軸を追加し、歴史を立体で再生する（4D Viewer）.json,.json,73916,2026-07-10T01:07:07.496202
Keep,D:\Programs\追加アイディア\情報\pii-output\clean-dataset\Keep\世界のタイムライン（snapshot の歴史を可視化）」.html,世界のタイムライン（snapshot の歴史を可視化）」.html,.html,16879,2026-07-10T01:07:07.543789
Keep,D:\Programs\追加アイディア\情報\pii-output\clean-dataset\Keep\世界のタイムライン（snapshot の歴史を可視化）」.json,世界のタイムライン（snapshot の歴史を可視化）」.json,.json,55739,2026-07-10T01:07:07.590748
Keep,D:\Programs\追加アイディア\情報\pii-output\clean-dataset\Keep\世界の全ノードを 3D 空間に可視化する Graph Viewer（Three.js.html,世界の全ノードを 3D 空間に可視化する Graph Viewer（Three.js.html,.html,17810,2026-07-10T01:07:07.622295
Keep,D:\Programs\追加アイディア\情報\pii-output\clean-dataset\Keep\世界の全ノードを 3D 空間に可視化する Graph Viewer（Three.js.json,世界の全ノードを 3D 空間に可視化する Graph Viewer（Three.js.json,.json,65422,2026-07-10T01:07:07.669832
Keep,D:\Programs\追加アイディア\情報\pii-output\clean-dataset\Keep\世界の編集をブランチとして扱い、マージ可能にする（Git 完全実装）」.html,世界の編集をブランチとして扱い、マージ可能にする（Git 完全実装）」.html,.html,19582,2026-07-10T01:07:07.718220
Keep,D:\Programs\追加アイディア\情報\pii-output\clean-dataset\Keep\世界の編集をブランチとして扱い、マージ可能にする（Git 完全実装）」.json,世界の編集をブランチとして扱い、マージ可能にする（Git 完全実装）」.json,.json,82241,2026-07-10T01:07:07.780195
Keep,D:\Programs\追加アイディア\情報\pii-output\clean-dataset\Keep\世界の編集履歴を Git のように扱う History Graph.html,世界の編集履歴を Git のように扱う History Graph.html,.html,18623,2026-07-10T01:07:07.819378
Keep,D:\Programs\追加アイディア\情報\pii-output\clean-dataset\Keep\世界の編集履歴を Git のように扱う History Graph.json,世界の編集履歴を Git のように扱う History Graph.json,.json,74205,2026-07-10T01:07:07.875529
Keep,D:\Programs\追加アイディア\情報\pii-output\clean-dataset\Keep\世界の視覚的編集.html,世界の視覚的編集.html,.html,16444,2026-07-10T01:07:07.906994
Keep,D:\Programs\追加アイディア\情報\pii-output\clean-dataset\Keep\世界の視覚的編集.json,世界の視覚的編集.json,.json,53197,2026-07-10T01:07:07.954641
Keep,D:\Programs\追加アイディア\情報\pii-output\clean-dataset\Keep\世界の進化を動画として書き出す Exporter（UI → 動画）」.html,世界の進化を動画として書き出す Exporter（UI → 動画）」.html,.html,19015,2026-07-10T01:07:07.986193
Keep,D:\Programs\追加アイディア\情報\pii-output\clean-dataset\Keep\世界の進化を動画として書き出す Exporter（UI → 動画）」.json,世界の進化を動画として書き出す Exporter（UI → 動画）」.json,.json,75876,2026-07-10T01:07:08.049793
Keep,D:\Programs\追加アイディア\情報\pii-output\clean-dataset\Keep\世界を可視化する Loader + Editor.html,世界を可視化する Loader + Editor.html,.html,18058,2026-07-10T01:07:08.097217
Keep,D:\Programs\追加アイディア\情報\pii-output\clean-dataset\Keep\世界を可視化する Loader + Editor.json,世界を可視化する Loader + Editor.json,.json,73108,2026-07-10T01:07:08.144865
Keep,D:\Programs\追加アイディア\情報\pii-output\clean-dataset\Keep\世界編集 → Kernel → worldSnapshot → R2 反映” の完全自動化 UI.html,世界編集 → Kernel → worldSnapshot → R2 反映” の完全自動化 UI.html,.html,20230,2026-07-10T01:07:08.191767
Keep,D:\Programs\追加アイディア\情報\pii-output\clean-dataset\Keep\世界編集 → Kernel → worldSnapshot → R2 反映” の完全自動化 UI.json,世界編集 → Kernel → worldSnapshot → R2 反映” の完全自動化 UI.json,.json,91948,2026-07-10T01:07:08.254990
Keep,D:\Programs\追加アイディア\情報\pii-output\clean-dataset\Keep\世界編集（ノード追加・リンク追加）UI」＋「世界をR2へ書き込む管理UI」＋「embedding再生.html,世界編集（ノード追加・リンク追加）UI」＋「世界をR2へ書き込む管理UI」＋「embedding再生.html,.html,20649,2026-07-10T01:07:08.302204
Keep,D:\Programs\追加アイディア\情報\pii-output\clean-dataset\Keep\世界編集（ノード追加・リンク追加）UI」＋「世界をR2へ書き込む管理UI」＋「embedding再生.json,世界編集（ノード追加・リンク追加）UI」＋「世界をR2へ書き込む管理UI」＋「embedding再生.json,.json,89966,2026-07-10T01:07:08.365111
Keep,D:\Programs\追加アイディア\情報\pii-output\clean-dataset\Keep\予定表.html,予定表.html,.html,18227,2026-07-10T01:07:08.412387
Keep,D:\Programs\追加アイディア\情報\pii-output\clean-dataset\Keep\予定表.json,予定表.json,.json,77740,2026-07-10T01:07:08.459434
Keep,D:\Programs\追加アイディア\情報\pii-output\clean-dataset\Keep\人からの評価 と 強み.html,人からの評価 と 強み.html,.html,19311,2026-07-10T01:07:08.554230
Keep,D:\Programs\追加アイディア\情報\pii-output\clean-dataset\Keep\人からの評価 と 強み.json,人からの評価 と 強み.json,.json,67566,2026-07-10T01:07:08.585661
Keep,D:\Programs\追加アイディア\情報\pii-output\clean-dataset\Keep\人型ロボット？.html,人型ロボット？.html,.html,11502,2026-07-10T01:07:08.633010
Keep,D:\Programs\追加アイディア\情報\pii-output\clean-dataset\Keep\人型ロボット？.json,人型ロボット？.json,.json,1414,2026-07-10T01:07:08.633010
Keep,D:\Programs\追加アイディア\情報\pii-output\clean-dataset\Keep\人生の目的.html,人生の目的.html,.html,11833,2026-07-10T01:07:08.680184
Keep,D:\Programs\追加アイディア\情報\pii-output\clean-dataset\Keep\人生の目的.json,人生の目的.json,.json,2126,2026-07-10T01:07:08.680184
Keep,D:\Programs\追加アイディア\情報\pii-output\clean-dataset\Keep\今の時代だからできた.html,今の時代だからできた.html,.html,15893,2026-07-10T01:07:08.727482
Keep,D:\Programs\追加アイディア\情報\pii-output\clean-dataset\Keep\今の時代だからできた.json,今の時代だからできた.json,.json,45383,2026-07-10T01:07:08.743289
Keep,D:\Programs\追加アイディア\情報\pii-output\clean-dataset\Keep\今後の方針.html,今後の方針.html,.html,12897,2026-07-10T01:07:08.791059
Keep,D:\Programs\追加アイディア\情報\pii-output\clean-dataset\Keep\今後の方針.json,今後の方針.json,.json,13843,2026-07-10T01:07:08.806785
Keep,D:\Programs\追加アイディア\情報\pii-output\clean-dataset\Keep\今日 メモ.html,今日 メモ.html,.html,11549,2026-07-10T01:07:08.854147
Keep,D:\Programs\追加アイディア\情報\pii-output\clean-dataset\Keep\今日 メモ.json,今日 メモ.json,.json,3394,2026-07-10T01:07:08.854147
Keep,D:\Programs\追加アイディア\情報\pii-output\clean-dataset\Keep\今日7_1 人.html,今日7_1 人.html,.html,11591,2026-07-10T01:07:08.885686
Keep,D:\Programs\追加アイディア\情報\pii-output\clean-dataset\Keep\今日7_1 人.json,今日7_1 人.json,.json,3963,2026-07-10T01:07:08.901420
Keep,D:\Programs\追加アイディア\情報\pii-output\clean-dataset\Keep\仕事(1).html,仕事(1).html,.html,11356,2026-07-10T01:07:08.932912
Keep,D:\Programs\追加アイディア\情報\pii-output\clean-dataset\Keep\仕事(1).json,仕事(1).json,.json,1764,2026-07-10T01:07:08.948678
Keep,D:\Programs\追加アイディア\情報\pii-output\clean-dataset\Keep\仕事.html,仕事.html,.html,11511,2026-07-10T01:07:08.991220
Keep,D:\Programs\追加アイディア\情報\pii-output\clean-dataset\Keep\仕事.json,仕事.json,.json,8914,2026-07-10T01:07:08.996232
Keep,D:\Programs\追加アイディア\情報\pii-output\clean-dataset\Keep\仕様キメ中.html,仕様キメ中.html,.html,23584,2026-07-10T01:07:09.043411
Keep,D:\Programs\追加アイディア\情報\pii-output\clean-dataset\Keep\仕様キメ中.json,仕様キメ中.json,.json,105435,2026-07-10T01:07:09.107042
Keep,D:\Programs\追加アイディア\情報\pii-output\clean-dataset\Keep\仕様書　恒常.html,仕様書　恒常.html,.html,21071,2026-07-10T01:07:09.154343
Keep,D:\Programs\追加アイディア\情報\pii-output\clean-dataset\Keep\仕様書　恒常.json,仕様書　恒常.json,.json,89903,2026-07-10T01:07:09.201864
Keep,D:\Programs\追加アイディア\情報\pii-output\clean-dataset\Keep\仕様書残り作成.html,仕様書残り作成.html,.html,16765,2026-07-10T01:07:09.249569
Keep,D:\Programs\追加アイディア\情報\pii-output\clean-dataset\Keep\仕様書残り作成.json,仕様書残り作成.json,.json,50486,2026-07-10T01:07:09.281456
Keep,D:\Programs\追加アイディア\情報\pii-output\clean-dataset\Keep\企業実務11_18.html,企業実務11_18.html,.html,15841,2026-07-10T01:07:09.328774
Keep,D:\Programs\追加アイディア\情報\pii-output\clean-dataset\Keep\企業実務11_18.json,企業実務11_18.json,.json,34725,2026-07-10T01:07:09.344525
Keep,D:\Programs\追加アイディア\情報\pii-output\clean-dataset\Keep\企業演習C12_23.html,企業演習C12_23.html,.html,14141,2026-07-10T01:07:09.392020
Keep,D:\Programs\追加アイディア\情報\pii-output\clean-dataset\Keep\企業演習C12_23.json,企業演習C12_23.json,.json,24778,2026-07-10T01:07:09.407876
Keep,D:\Programs\追加アイディア\情報\pii-output\clean-dataset\Keep\休暇取り方.html,休暇取り方.html,.html,11983,2026-07-10T01:07:09.455344
Keep,D:\Programs\追加アイディア\情報\pii-output\clean-dataset\Keep\休暇取り方.json,休暇取り方.json,.json,11700,2026-07-10T01:07:09.471053
Keep,D:\Programs\追加アイディア\情報\pii-output\clean-dataset\Keep\会社　人の名前　.html,会社　人の名前　.html,.html,11940,2026-07-10T01:07:09.502653
Keep,D:\Programs\追加アイディア\情報\pii-output\clean-dataset\Keep\会社　人の名前　.json,会社　人の名前　.json,.json,5677,2026-07-10T01:07:09.518373
Keep,D:\Programs\追加アイディア\情報\pii-output\clean-dataset\Keep\価値観.html,価値観.html,.html,16280,2026-07-10T01:07:09.562846
Keep,D:\Programs\追加アイディア\情報\pii-output\clean-dataset\Keep\価値観.json,価値観.json,.json,57551,2026-07-10T01:07:09.601403
Keep,D:\Programs\追加アイディア\情報\pii-output\clean-dataset\Keep\価値観UI.html,価値観UI.html,.html,17222,2026-07-10T01:07:09.633520
Keep,D:\Programs\追加アイディア\情報\pii-output\clean-dataset\Keep\価値観UI.json,価値観UI.json,.json,62538,2026-07-10T01:07:09.677202
Keep,D:\Programs\追加アイディア\情報\pii-output\clean-dataset\Keep\個体一覧.html,個体一覧.html,.html,18493,2026-07-10T01:07:09.728682
Keep,D:\Programs\追加アイディア\情報\pii-output\clean-dataset\Keep\個体一覧.json,個体一覧.json,.json,78083,2026-07-10T01:07:09.772766
Keep,D:\Programs\追加アイディア\情報\pii-output\clean-dataset\Keep\個体画像研究コミュニティ UI詳細設計書 v1.0.html,個体画像研究コミュニティ UI詳細設計書 v1.0.html,.html,21459,2026-07-10T01:07:09.829877
Keep,D:\Programs\追加アイディア\情報\pii-output\clean-dataset\Keep\個体画像研究コミュニティ UI詳細設計書 v1.0.json,個体画像研究コミュニティ UI詳細設計書 v1.0.json,.json,35060,2026-07-10T01:07:09.836437
Keep,D:\Programs\追加アイディア\情報\pii-output\clean-dataset\Keep\個体詳細.html,個体詳細.html,.html,20977,2026-07-10T01:07:09.883992
Keep,D:\Programs\追加アイディア\情報\pii-output\clean-dataset\Keep\個体詳細.json,個体詳細.json,.json,101304,2026-07-10T01:07:09.963734
Keep,D:\Programs\追加アイディア\情報\pii-output\clean-dataset\Keep\借金.html,借金.html,.html,11202,2026-07-10T01:07:09.994989
Keep,D:\Programs\追加アイディア\情報\pii-output\clean-dataset\Keep\借金.json,借金.json,.json,1292,2026-07-10T01:07:10.010742
Keep,D:\Programs\追加アイディア\情報\pii-output\clean-dataset\Keep\共通規格　ルール.html,共通規格　ルール.html,.html,17559,2026-07-10T01:07:10.042846
Keep,D:\Programs\追加アイディア\情報\pii-output\clean-dataset\Keep\共通規格　ルール.json,共通規格　ルール.json,.json,59935,2026-07-10T01:07:10.090580
Keep,D:\Programs\追加アイディア\情報\pii-output\clean-dataset\Keep\具体例.html,具体例.html,.html,17860,2026-07-10T01:07:10.135281
Keep,D:\Programs\追加アイディア\情報\pii-output\clean-dataset\Keep\具体例.json,具体例.json,.json,70818,2026-07-10T01:07:10.169786
Keep,D:\Programs\追加アイディア\情報\pii-output\clean-dataset\Keep\凄いよリスト.html,凄いよリスト.html,.html,11391,2026-07-10T01:07:10.217317
Keep,D:\Programs\追加アイディア\情報\pii-output\clean-dataset\Keep\凄いよリスト.json,凄いよリスト.json,.json,1869,2026-07-10T01:07:10.217317
Keep,D:\Programs\追加アイディア\情報\pii-output\clean-dataset\Keep\凍結3.18.html,凍結3.18.html,.html,20338,2026-07-10T01:07:10.265128
Keep,D:\Programs\追加アイディア\情報\pii-output\clean-dataset\Keep\凍結3.18.json,凍結3.18.json,.json,142465,2026-07-10T01:07:10.364727
Keep,D:\Programs\追加アイディア\情報\pii-output\clean-dataset\Keep\出品システムとか.html,出品システムとか.html,.html,23056,2026-07-10T01:07:10.408741
Keep,D:\Programs\追加アイディア\情報\pii-output\clean-dataset\Keep\出品システムとか.json,出品システムとか.json,.json,95742,2026-07-10T01:07:10.473193
Keep,D:\Programs\追加アイディア\情報\pii-output\clean-dataset\Keep\分離(1).html,分離(1).html,.html,11321,2026-07-10T01:07:10.516170
Keep,D:\Programs\追加アイディア\情報\pii-output\clean-dataset\Keep\分離(1).json,分離(1).json,.json,707,2026-07-10T01:07:10.518171
Keep,D:\Programs\追加アイディア\情報\pii-output\clean-dataset\Keep\分離.html,分離.html,.html,27717,2026-07-10T01:07:10.564957
Keep,D:\Programs\追加アイディア\情報\pii-output\clean-dataset\Keep\分離.json,分離.json,.json,174407,2026-07-10T01:07:10.674659
Keep,D:\Programs\追加アイディア\情報\pii-output\clean-dataset\Keep\動画アイディア(1).html,動画アイディア(1).html,.html,16590,2026-07-10T01:07:10.722176
Keep,D:\Programs\追加アイディア\情報\pii-output\clean-dataset\Keep\動画アイディア(1).json,動画アイディア(1).json,.json,52220,2026-07-10T01:07:10.753773
Keep,D:\Programs\追加アイディア\情報\pii-output\clean-dataset\Keep\動画アイディア(2).html,動画アイディア(2).html,.html,16387,2026-07-10T01:07:10.797656
Keep,D:\Programs\追加アイディア\情報\pii-output\clean-dataset\Keep\動画アイディア(2).json,動画アイディア(2).json,.json,51390,2026-07-10T01:07:10.816406
Keep,D:\Programs\追加アイディア\情報\pii-output\clean-dataset\Keep\動画アイディア.html,動画アイディア.html,.html,14713,2026-07-10T01:07:10.869596
Keep,D:\Programs\追加アイディア\情報\pii-output\clean-dataset\Keep\動画アイディア.json,動画アイディア.json,.json,22586,2026-07-10T01:07:10.879260
Keep,D:\Programs\追加アイディア\情報\pii-output\clean-dataset\Keep\動画アイディア2.html,動画アイディア2.html,.html,19454,2026-07-10T01:07:10.934203
Keep,D:\Programs\追加アイディア\情報\pii-output\clean-dataset\Keep\動画アイディア2.json,動画アイディア2.json,.json,83533,2026-07-10T01:07:10.973519
Keep,D:\Programs\追加アイディア\情報\pii-output\clean-dataset\Keep\動画ルーティング.html,動画ルーティング.html,.html,16007,2026-07-10T01:07:11.021406
Keep,D:\Programs\追加アイディア\情報\pii-output\clean-dataset\Keep\動画ルーティング.json,動画ルーティング.json,.json,42114,2026-07-10T01:07:11.054971
Keep,D:\Programs\追加アイディア\情報\pii-output\clean-dataset\Keep\動画作成フロー.html,動画作成フロー.html,.html,15614,2026-07-10T01:07:11.100442
Keep,D:\Programs\追加アイディア\情報\pii-output\clean-dataset\Keep\動画作成フロー.json,動画作成フロー.json,.json,31478,2026-07-10T01:07:11.116225
Keep,D:\Programs\追加アイディア\情報\pii-output\clean-dataset\Keep\双方向リンク.html,双方向リンク.html,.html,36354,2026-07-10T01:07:11.179574
Keep,D:\Programs\追加アイディア\情報\pii-output\clean-dataset\Keep\双方向リンク.json,双方向リンク.json,.json,228638,2026-07-10T01:07:11.322288
Keep,D:\Programs\追加アイディア\情報\pii-output\clean-dataset\Keep\取り込み制限　◯.html,取り込み制限　◯.html,.html,20858,2026-07-10T01:07:11.369658
Keep,D:\Programs\追加アイディア\情報\pii-output\clean-dataset\Keep\取り込み制限　◯.json,取り込み制限　◯.json,.json,91929,2026-07-10T01:07:11.426339
Keep,D:\Programs\追加アイディア\情報\pii-output\clean-dataset\Keep\同期.html,同期.html,.html,17885,2026-07-10T01:07:11.463927
Keep,D:\Programs\追加アイディア\情報\pii-output\clean-dataset\Keep\同期.json,同期.json,.json,54291,2026-07-10T01:07:11.495853
Keep,D:\Programs\追加アイディア\情報\pii-output\clean-dataset\Keep\同期ルール差し替え.html,同期ルール差し替え.html,.html,19166,2026-07-10T01:07:11.543281
Keep,D:\Programs\追加アイディア\情報\pii-output\clean-dataset\Keep\同期ルール差し替え.json,同期ルール差し替え.json,.json,79411,2026-07-10T01:07:11.598162
Keep,D:\Programs\追加アイディア\情報\pii-output\clean-dataset\Keep\同棲　チェックリスト.html,同棲　チェックリスト.html,.html,13267,2026-07-10T01:07:11.641446
Keep,D:\Programs\追加アイディア\情報\pii-output\clean-dataset\Keep\同棲　チェックリスト.json,同棲　チェックリスト.json,.json,15665,2026-07-10T01:07:11.653203
Keep,D:\Programs\追加アイディア\情報\pii-output\clean-dataset\Keep\問題点洗い出し.html,問題点洗い出し.html,.html,19705,2026-07-10T01:07:11.699185
Keep,D:\Programs\追加アイディア\情報\pii-output\clean-dataset\Keep\問題点洗い出し.json,問題点洗い出し.json,.json,121873,2026-07-10T01:07:11.776840
Keep,D:\Programs\追加アイディア\情報\pii-output\clean-dataset\Keep\回答(1).html,回答(1).html,.html,18780,2026-07-10T01:07:11.820274
Keep,D:\Programs\追加アイディア\情報\pii-output\clean-dataset\Keep\回答(1).json,回答(1).json,.json,64361,2026-07-10T01:07:11.861411
Keep,D:\Programs\追加アイディア\情報\pii-output\clean-dataset\Keep\回答.html,回答.html,.html,18445,2026-07-10T01:07:11.904645
Keep,D:\Programs\追加アイディア\情報\pii-output\clean-dataset\Keep\回答.json,回答.json,.json,63937,2026-07-10T01:07:11.945616
Keep,D:\Programs\追加アイディア\情報\pii-output\clean-dataset\Keep\国別翻訳レイヤー.html,国別翻訳レイヤー.html,.html,17580,2026-07-10T01:07:11.989139
Keep,D:\Programs\追加アイディア\情報\pii-output\clean-dataset\Keep\国別翻訳レイヤー.json,国別翻訳レイヤー.json,.json,61239,2026-07-10T01:07:12.031770
Keep,D:\Programs\追加アイディア\情報\pii-output\clean-dataset\Keep\外部取引.html,外部取引.html,.html,15474,2026-07-10T01:07:12.073484
Keep,D:\Programs\追加アイディア\情報\pii-output\clean-dataset\Keep\外部取引.json,外部取引.json,.json,42626,2026-07-10T01:07:12.099214
Keep,D:\Programs\追加アイディア\情報\pii-output\clean-dataset\Keep\大事なこと.html,大事なこと.html,.html,11609,2026-07-10T01:07:12.143408
Keep,D:\Programs\追加アイディア\情報\pii-output\clean-dataset\Keep\大事なこと.json,大事なこと.json,.json,1860,2026-07-10T01:07:12.145151
Keep,D:\Programs\追加アイディア\情報\pii-output\clean-dataset\Keep\天才発掘.html,天才発掘.html,.html,21921,2026-07-10T01:07:12.189684
Keep,D:\Programs\追加アイディア\情報\pii-output\clean-dataset\Keep\天才発掘.json,天才発掘.json,.json,103530,2026-07-10T01:07:12.253955
Keep,D:\Programs\追加アイディア\情報\pii-output\clean-dataset\Keep\妖精システム　アーキテクチャ図.html,妖精システム　アーキテクチャ図.html,.html,20155,2026-07-10T01:07:12.298724
Keep,D:\Programs\追加アイディア\情報\pii-output\clean-dataset\Keep\妖精システム　アーキテクチャ図.json,妖精システム　アーキテクチャ図.json,.json,64857,2026-07-10T01:07:12.339743
Keep,D:\Programs\追加アイディア\情報\pii-output\clean-dataset\Keep\妖精システム　仕様書.html,妖精システム　仕様書.html,.html,18177,2026-07-10T01:07:12.382795
Keep,D:\Programs\追加アイディア\情報\pii-output\clean-dataset\Keep\妖精システム　仕様書.json,妖精システム　仕様書.json,.json,74807,2026-07-10T01:07:12.433048
Keep,D:\Programs\追加アイディア\情報\pii-output\clean-dataset\Keep\妖精システム案.html,妖精システム案.html,.html,17157,2026-07-10T01:07:12.477022
Keep,D:\Programs\追加アイディア\情報\pii-output\clean-dataset\Keep\妖精システム案.json,妖精システム案.json,.json,55969,2026-07-10T01:07:12.511239
Keep,D:\Programs\追加アイディア\情報\pii-output\clean-dataset\Keep\完了指示(1).html,完了指示(1).html,.html,16576,2026-07-10T01:07:12.555957
Keep,D:\Programs\追加アイディア\情報\pii-output\clean-dataset\Keep\完了指示(1).json,完了指示(1).json,.json,51655,2026-07-10T01:07:12.588724
Keep,D:\Programs\追加アイディア\情報\pii-output\clean-dataset\Keep\完了指示.html,完了指示.html,.html,16580,2026-07-10T01:07:12.631218
Keep,D:\Programs\追加アイディア\情報\pii-output\clean-dataset\Keep\完了指示.json,完了指示.json,.json,51659,2026-07-10T01:07:12.663911
Keep,D:\Programs\追加アイディア\情報\pii-output\clean-dataset\Keep\完全にできた。.html,完全にできた。.html,.html,16479,2026-07-10T01:07:12.705884
Keep,D:\Programs\追加アイディア\情報\pii-output\clean-dataset\Keep\完全にできた。.json,完全にできた。.json,.json,49618,2026-07-10T01:07:12.738362
Keep,D:\Programs\追加アイディア\情報\pii-output\clean-dataset\Keep\完全フルセット.html,完全フルセット.html,.html,17413,2026-07-10T01:07:12.781639
Keep,D:\Programs\追加アイディア\情報\pii-output\clean-dataset\Keep\完全フルセット.json,完全フルセット.json,.json,63014,2026-07-10T01:07:12.822610
Keep,D:\Programs\追加アイディア\情報\pii-output\clean-dataset\Keep\完成版DDL旧.html,完成版DDL旧.html,.html,17939,2026-07-10T01:07:12.867374
Keep,D:\Programs\追加アイディア\情報\pii-output\clean-dataset\Keep\完成版DDL旧.json,完成版DDL旧.json,.json,85908,2026-07-10T01:07:12.928114
Keep,D:\Programs\追加アイディア\情報\pii-output\clean-dataset\Keep\実装.html,実装.html,.html,18636,2026-07-10T01:07:12.972124
Keep,D:\Programs\追加アイディア\情報\pii-output\clean-dataset\Keep\実装.json,実装.json,.json,96489,2026-07-10T01:07:13.037131
Keep,D:\Programs\追加アイディア\情報\pii-output\clean-dataset\Keep\実装必要数.html,実装必要数.html,.html,17428,2026-07-10T01:07:13.085302
Keep,D:\Programs\追加アイディア\情報\pii-output\clean-dataset\Keep\実装必要数.json,実装必要数.json,.json,58410,2026-07-10T01:07:13.122055
Keep,D:\Programs\追加アイディア\情報\pii-output\clean-dataset\Keep\家事アイディアメモ.html,家事アイディアメモ.html,.html,11296,2026-07-10T01:07:13.165365
Keep,D:\Programs\追加アイディア\情報\pii-output\clean-dataset\Keep\家事アイディアメモ.json,家事アイディアメモ.json,.json,617,2026-07-10T01:07:13.167368
Keep,D:\Programs\追加アイディア\情報\pii-output\clean-dataset\Keep\家庭運用設計書.html,家庭運用設計書.html,.html,41849,2026-07-10T01:07:13.219899
Keep,D:\Programs\追加アイディア\情報\pii-output\clean-dataset\Keep\家庭運用設計書.json,家庭運用設計書.json,.json,255094,2026-07-10T01:07:13.371577
Keep,D:\Programs\追加アイディア\情報\pii-output\clean-dataset\Keep\家詳細①.html,家詳細①.html,.html,15088,2026-07-10T01:07:13.414479
Keep,D:\Programs\追加アイディア\情報\pii-output\clean-dataset\Keep\家詳細①.json,家詳細①.json,.json,48744,2026-07-10T01:07:13.448272
Keep,D:\Programs\追加アイディア\情報\pii-output\clean-dataset\Keep\射影補正.html,射影補正.html,.html,15565,2026-07-10T01:07:13.483918
Keep,D:\Programs\追加アイディア\情報\pii-output\clean-dataset\Keep\射影補正.json,射影補正.json,.json,43832,2026-07-10T01:07:13.511293
Keep,D:\Programs\追加アイディア\情報\pii-output\clean-dataset\Keep\市議会議員.html,市議会議員.html,.html,16273,2026-07-10T01:07:13.559210
Keep,D:\Programs\追加アイディア\情報\pii-output\clean-dataset\Keep\市議会議員.json,市議会議員.json,.json,43885,2026-07-10T01:07:13.591041
Keep,D:\Programs\追加アイディア\情報\pii-output\clean-dataset\Keep\帝塚山大学 行き方.html,帝塚山大学 行き方.html,.html,12892,2026-07-10T01:07:13.638473
Keep,D:\Programs\追加アイディア\情報\pii-output\clean-dataset\Keep\帝塚山大学 行き方.json,帝塚山大学 行き方.json,.json,23275,2026-07-10T01:07:13.657666
Keep,D:\Programs\追加アイディア\情報\pii-output\clean-dataset\Keep\平野さんに送る“最終版メッセージ”.html,平野さんに送る“最終版メッセージ”.html,.html,13269,2026-07-10T01:07:13.702082
Keep,D:\Programs\追加アイディア\情報\pii-output\clean-dataset\Keep\平野さんに送る“最終版メッセージ”.json,平野さんに送る“最終版メッセージ”.json,.json,13858,2026-07-10T01:07:13.713610
Keep,D:\Programs\追加アイディア\情報\pii-output\clean-dataset\Keep\怒られないし　役割分担できる。.html,怒られないし　役割分担できる。.html,.html,20240,2026-07-10T01:07:13.749916
Keep,D:\Programs\追加アイディア\情報\pii-output\clean-dataset\Keep\怒られないし　役割分担できる。.json,怒られないし　役割分担できる。.json,.json,88472,2026-07-10T01:07:13.813534
Keep,D:\Programs\追加アイディア\情報\pii-output\clean-dataset\Keep\意図　正式版.html,意図　正式版.html,.html,29135,2026-07-10T01:07:13.861128
Keep,D:\Programs\追加アイディア\情報\pii-output\clean-dataset\Keep\意図　正式版.json,意図　正式版.json,.json,162198,2026-07-10T01:07:13.973000
Keep,D:\Programs\追加アイディア\情報\pii-output\clean-dataset\Keep\懸念点.html,懸念点.html,.html,17824,2026-07-10T01:07:14.019397
Keep,D:\Programs\追加アイディア\情報\pii-output\clean-dataset\Keep\懸念点.json,懸念点.json,.json,65122,2026-07-10T01:07:14.066711
Keep,D:\Programs\追加アイディア\情報\pii-output\clean-dataset\Keep\成体の成長を追える 4D Viewer（3D＋時間）」の “本当に動く最小実装”.html,成体の成長を追える 4D Viewer（3D＋時間）」の “本当に動く最小実装”.html,.html,19799,2026-07-10T01:07:14.112277
Keep,D:\Programs\追加アイディア\情報\pii-output\clean-dataset\Keep\成体の成長を追える 4D Viewer（3D＋時間）」の “本当に動く最小実装”.json,成体の成長を追える 4D Viewer（3D＋時間）」の “本当に動く最小実装”.json,.json,91166,2026-07-10T01:07:14.177136
Keep,D:\Programs\追加アイディア\情報\pii-output\clean-dataset\Keep\手札.html,手札.html,.html,12274,2026-07-10T01:07:14.224768
Keep,D:\Programs\追加アイディア\情報\pii-output\clean-dataset\Keep\手札.json,手札.json,.json,10766,2026-07-10T01:07:14.224768
Keep,D:\Programs\追加アイディア\情報\pii-output\clean-dataset\Keep\抜け漏れ確認.html,抜け漏れ確認.html,.html,17843,2026-07-10T01:07:14.271549
Keep,D:\Programs\追加アイディア\情報\pii-output\clean-dataset\Keep\抜け漏れ確認.json,抜け漏れ確認.json,.json,70890,2026-07-10T01:07:14.332937
Keep,D:\Programs\追加アイディア\情報\pii-output\clean-dataset\Keep\抽象化　済み.html,抽象化　済み.html,.html,14336,2026-07-10T01:07:14.381770
Keep,D:\Programs\追加アイディア\情報\pii-output\clean-dataset\Keep\抽象化　済み.json,抽象化　済み.json,.json,16880,2026-07-10T01:07:14.392280
Keep,D:\Programs\追加アイディア\情報\pii-output\clean-dataset\Keep\拡張機能.html,拡張機能.html,.html,17187,2026-07-10T01:07:14.428756
Keep,D:\Programs\追加アイディア\情報\pii-output\clean-dataset\Keep\拡張機能.json,拡張機能.json,.json,60647,2026-07-10T01:07:14.476114
Keep,D:\Programs\追加アイディア\情報\pii-output\clean-dataset\Keep\指示出す.html,指示出す.html,.html,21341,2026-07-10T01:07:14.523554
Keep,D:\Programs\追加アイディア\情報\pii-output\clean-dataset\Keep\指示出す.json,指示出す.json,.json,66975,2026-07-10T01:07:14.571112
Keep,D:\Programs\追加アイディア\情報\pii-output\clean-dataset\Keep\提案③吸収方式.html,提案③吸収方式.html,.html,22163,2026-07-10T01:07:14.618228
Keep,D:\Programs\追加アイディア\情報\pii-output\clean-dataset\Keep\提案③吸収方式.json,提案③吸収方式.json,.json,103894,2026-07-10T01:07:14.681406
Keep,D:\Programs\追加アイディア\情報\pii-output\clean-dataset\Keep\改善案①.html,改善案①.html,.html,17371,2026-07-10T01:07:14.728199
Keep,D:\Programs\追加アイディア\情報\pii-output\clean-dataset\Keep\改善案①.json,改善案①.json,.json,58712,2026-07-10T01:07:14.771915
Keep,D:\Programs\追加アイディア\情報\pii-output\clean-dataset\Keep\改善案②UIUX.html,改善案②UIUX.html,.html,16641,2026-07-10T01:07:14.821194
Keep,D:\Programs\追加アイディア\情報\pii-output\clean-dataset\Keep\改善案②UIUX.json,改善案②UIUX.json,.json,51620,2026-07-10T01:07:14.840387
Keep,D:\Programs\追加アイディア\情報\pii-output\clean-dataset\Keep\改善案　ラスト.html,改善案　ラスト.html,.html,21877,2026-07-10T01:07:14.888017
Keep,D:\Programs\追加アイディア\情報\pii-output\clean-dataset\Keep\改善案　ラスト.json,改善案　ラスト.json,.json,94293,2026-07-10T01:07:14.961671
Keep,D:\Programs\追加アイディア\情報\pii-output\clean-dataset\Keep\改善案設計.html,改善案設計.html,.html,18810,2026-07-10T01:07:14.990338
Keep,D:\Programs\追加アイディア\情報\pii-output\clean-dataset\Keep\改善案設計.json,改善案設計.json,.json,67848,2026-07-10T01:07:15.037659
Keep,D:\Programs\追加アイディア\情報\pii-output\clean-dataset\Keep\改善点！.html,改善点！.html,.html,13101,2026-07-10T01:07:15.085025
Keep,D:\Programs\追加アイディア\情報\pii-output\clean-dataset\Keep\改善点！.json,改善点！.json,.json,17874,2026-07-10T01:07:15.100675
Keep,D:\Programs\追加アイディア\情報\pii-output\clean-dataset\Keep\整合性テスト.html,整合性テスト.html,.html,16825,2026-07-10T01:07:15.148296
Keep,D:\Programs\追加アイディア\情報\pii-output\clean-dataset\Keep\整合性テスト.json,整合性テスト.json,.json,57750,2026-07-10T01:07:15.179803
Keep,D:\Programs\追加アイディア\情報\pii-output\clean-dataset\Keep\文明 DSL を LLM に渡して “文明の自動進化” を行う Evolution Engine.html,文明 DSL を LLM に渡して “文明の自動進化” を行う Evolution Engine.html,.html,18545,2026-07-10T01:07:15.227005
Keep,D:\Programs\追加アイディア\情報\pii-output\clean-dataset\Keep\文明 DSL を LLM に渡して “文明の自動進化” を行う Evolution Engine.json,文明 DSL を LLM に渡して “文明の自動進化” を行う Evolution Engine.json,.json,72843,2026-07-10T01:07:15.274258
Keep,D:\Programs\追加アイディア\情報\pii-output\clean-dataset\Keep\文明 OS UI ビルダー — 完全版プロンプト.html,文明 OS UI ビルダー — 完全版プロンプト.html,.html,19345,2026-07-10T01:07:15.321589
Keep,D:\Programs\追加アイディア\情報\pii-output\clean-dataset\Keep\文明 OS UI ビルダー — 完全版プロンプト.json,文明 OS UI ビルダー — 完全版プロンプト.json,.json,80192,2026-07-10T01:07:15.375398
Keep,D:\Programs\追加アイディア\情報\pii-output\clean-dataset\Keep\文明 OS の司法モジュール」.html,文明 OS の司法モジュール」.html,.html,36378,2026-07-10T01:07:15.416456
Keep,D:\Programs\追加アイディア\情報\pii-output\clean-dataset\Keep\文明 OS の司法モジュール」.json,文明 OS の司法モジュール」.json,.json,250882,2026-07-10T01:07:15.590989
Keep,D:\Programs\追加アイディア\情報\pii-output\clean-dataset\Keep\文明OS v1.1 — 完全セットアップ手順（OSS _ LLM _ R2 対応）.html,文明OS v1.1 — 完全セットアップ手順（OSS _ LLM _ R2 対応）.html,.html,18861,2026-07-10T01:07:15.640507
Keep,D:\Programs\追加アイディア\情報\pii-output\clean-dataset\Keep\文明OS v1.1 — 完全セットアップ手順（OSS _ LLM _ R2 対応）.json,文明OS v1.1 — 完全セットアップ手順（OSS _ LLM _ R2 対応）.json,.json,85384,2026-07-10T01:07:15.701899
Keep,D:\Programs\追加アイディア\情報\pii-output\clean-dataset\Keep\文明OS 全体図（全レイヤー統合）.html,文明OS 全体図（全レイヤー統合）.html,.html,16927,2026-07-10T01:07:15.733820
Keep,D:\Programs\追加アイディア\情報\pii-output\clean-dataset\Keep\文明OS 全体図（全レイヤー統合）.json,文明OS 全体図（全レイヤー統合）.json,.json,77272,2026-07-10T01:07:15.797001
Keep,D:\Programs\追加アイディア\情報\pii-output\clean-dataset\Keep\文明OSの「監視・ログ設計（system_logs）」.html,文明OSの「監視・ログ設計（system_logs）」.html,.html,16754,2026-07-10T01:07:15.844433
Keep,D:\Programs\追加アイディア\情報\pii-output\clean-dataset\Keep\文明OSの「監視・ログ設計（system_logs）」.json,文明OSの「監視・ログ設計（system_logs）」.json,.json,68942,2026-07-10T01:07:15.891952
Keep,D:\Programs\追加アイディア\情報\pii-output\clean-dataset\Keep\文明OSマスターガイド.html,文明OSマスターガイド.html,.html,17004,2026-07-10T01:07:15.930812
Keep,D:\Programs\追加アイディア\情報\pii-output\clean-dataset\Keep\文明OSマスターガイド.json,文明OSマスターガイド.json,.json,69263,2026-07-10T01:07:15.986758
Keep,D:\Programs\追加アイディア\情報\pii-output\clean-dataset\Keep\文明OS全体図.html,文明OS全体図.html,.html,19818,2026-07-10T01:07:16.034109
Keep,D:\Programs\追加アイディア\情報\pii-output\clean-dataset\Keep\文明OS全体図.json,文明OS全体図.json,.json,63560,2026-07-10T01:07:16.076355
Keep,D:\Programs\追加アイディア\情報\pii-output\clean-dataset\Keep\文明全体を 1 つの JSON DSL として書き出す “World DSL Exporter”」.html,文明全体を 1 つの JSON DSL として書き出す “World DSL Exporter”」.html,.html,18623,2026-07-10T01:07:16.125470
Keep,D:\Programs\追加アイディア\情報\pii-output\clean-dataset\Keep\文明全体を 1 つの JSON DSL として書き出す “World DSL Exporter”」.json,文明全体を 1 つの JSON DSL として書き出す “World DSL Exporter”」.json,.json,73695,2026-07-10T01:07:16.177058
Keep,D:\Programs\追加アイディア\情報\pii-output\clean-dataset\Keep\文明史.html,文明史.html,.html,19836,2026-07-10T01:07:16.215065
Keep,D:\Programs\追加アイディア\情報\pii-output\clean-dataset\Keep\文明史.json,文明史.json,.json,68596,2026-07-10T01:07:16.256375
Keep,D:\Programs\追加アイディア\情報\pii-output\clean-dataset\Keep\新90の再設計.html,新90の再設計.html,.html,16396,2026-07-10T01:07:16.303391
Keep,D:\Programs\追加アイディア\情報\pii-output\clean-dataset\Keep\新90の再設計.json,新90の再設計.json,.json,37474,2026-07-10T01:07:16.319192
Keep,D:\Programs\追加アイディア\情報\pii-output\clean-dataset\Keep\旅行 授業 1.html,旅行 授業 1.html,.html,11958,2026-07-10T01:07:16.366435
Keep,D:\Programs\追加アイディア\情報\pii-output\clean-dataset\Keep\旅行 授業 1.json,旅行 授業 1.json,.json,9431,2026-07-10T01:07:16.383375
Keep,D:\Programs\追加アイディア\情報\pii-output\clean-dataset\Keep\旅行業法  2.html,旅行業法  2.html,.html,12526,2026-07-10T01:07:16.413906
Keep,D:\Programs\追加アイディア\情報\pii-output\clean-dataset\Keep\旅行業法  2.json,旅行業法  2.json,.json,10555,2026-07-10T01:07:16.429933
Keep,D:\Programs\追加アイディア\情報\pii-output\clean-dataset\Keep\日々.html,日々.html,.html,21976,2026-07-10T01:07:16.478964
Keep,D:\Programs\追加アイディア\情報\pii-output\clean-dataset\Keep\日々.json,日々.json,.json,80549,2026-07-10T01:07:16.524292
Keep,D:\Programs\追加アイディア\情報\pii-output\clean-dataset\Keep\最上位.html,最上位.html,.html,17168,2026-07-10T01:07:16.556130
Keep,D:\Programs\追加アイディア\情報\pii-output\clean-dataset\Keep\最上位.json,最上位.json,.json,57961,2026-07-10T01:07:16.604008
Keep,D:\Programs\追加アイディア\情報\pii-output\clean-dataset\Keep\最終指示.html,最終指示.html,.html,16237,2026-07-10T01:07:16.635695
Keep,D:\Programs\追加アイディア\情報\pii-output\clean-dataset\Keep\最終指示.json,最終指示.json,.json,40953,2026-07-10T01:07:16.667127
Keep,D:\Programs\追加アイディア\情報\pii-output\clean-dataset\Keep\最終統合.html,最終統合.html,.html,26590,2026-07-10T01:07:16.714343
Keep,D:\Programs\追加アイディア\情報\pii-output\clean-dataset\Keep\最終統合.json,最終統合.json,.json,154999,2026-07-10T01:07:16.809345
Keep,D:\Programs\追加アイディア\情報\pii-output\clean-dataset\Keep\最終設計.html,最終設計.html,.html,17431,2026-07-10T01:07:16.856815
Keep,D:\Programs\追加アイディア\情報\pii-output\clean-dataset\Keep\最終設計.json,最終設計.json,.json,71531,2026-07-10T01:07:16.905914
Keep,D:\Programs\追加アイディア\情報\pii-output\clean-dataset\Keep\最終設計プロンプト.html,最終設計プロンプト.html,.html,11847,2026-07-10T01:07:16.951488
Keep,D:\Programs\追加アイディア\情報\pii-output\clean-dataset\Keep\最終設計プロンプト.json,最終設計プロンプト.json,.json,3365,2026-07-10T01:07:16.951488
Keep,D:\Programs\追加アイディア\情報\pii-output\clean-dataset\Keep\服 サイズ.html,服 サイズ.html,.html,11508,2026-07-10T01:07:16.998601
Keep,D:\Programs\追加アイディア\情報\pii-output\clean-dataset\Keep\服 サイズ.json,服 サイズ.json,.json,3334,2026-07-10T01:07:16.998601
Keep,D:\Programs\追加アイディア\情報\pii-output\clean-dataset\Keep\服装 温度.html,服装 温度.html,.html,11561,2026-07-10T01:07:17.045858
Keep,D:\Programs\追加アイディア\情報\pii-output\clean-dataset\Keep\服装 温度.json,服装 温度.json,.json,1804,2026-07-10T01:07:17.045858
Keep,D:\Programs\追加アイディア\情報\pii-output\clean-dataset\Keep\本当に動く 4D Viewer の最小構成.html,本当に動く 4D Viewer の最小構成.html,.html,18443,2026-07-10T01:07:17.093088
Keep,D:\Programs\追加アイディア\情報\pii-output\clean-dataset\Keep\本当に動く 4D Viewer の最小構成.json,本当に動く 4D Viewer の最小構成.json,.json,75300,2026-07-10T01:07:17.140799
Keep,D:\Programs\追加アイディア\情報\pii-output\clean-dataset\Keep\検索.html,検索.html,.html,26318,2026-07-10T01:07:17.188738
Keep,D:\Programs\追加アイディア\情報\pii-output\clean-dataset\Keep\検索.json,検索.json,.json,146851,2026-07-10T01:07:17.283379
Keep,D:\Programs\追加アイディア\情報\pii-output\clean-dataset\Keep\検索画面設計.html,検索画面設計.html,.html,19062,2026-07-10T01:07:17.331215
Keep,D:\Programs\追加アイディア\情報\pii-output\clean-dataset\Keep\検索画面設計.json,検索画面設計.json,.json,97402,2026-07-10T01:07:17.396520
Keep,D:\Programs\追加アイディア\情報\pii-output\clean-dataset\Keep\構成図.html,構成図.html,.html,17208,2026-07-10T01:07:17.442250
Keep,D:\Programs\追加アイディア\情報\pii-output\clean-dataset\Keep\構成図.json,構成図.json,.json,75398,2026-07-10T01:07:17.489749
Keep,D:\Programs\追加アイディア\情報\pii-output\clean-dataset\Keep\構造まとめ　大事.html,構造まとめ　大事.html,.html,17720,2026-07-10T01:07:17.537159
Keep,D:\Programs\追加アイディア\情報\pii-output\clean-dataset\Keep\構造まとめ　大事.json,構造まとめ　大事.json,.json,65141,2026-07-10T01:07:17.584348
Keep,D:\Programs\追加アイディア\情報\pii-output\clean-dataset\Keep\構造分離化　自動化.html,構造分離化　自動化.html,.html,15965,2026-07-10T01:07:17.615783
Keep,D:\Programs\追加アイディア\情報\pii-output\clean-dataset\Keep\構造分離化　自動化.json,構造分離化　自動化.json,.json,46375,2026-07-10T01:07:17.647213
Keep,D:\Programs\追加アイディア\情報\pii-output\clean-dataset\Keep\構造図.html,構造図.html,.html,17881,2026-07-10T01:07:17.694375
Keep,D:\Programs\追加アイディア\情報\pii-output\clean-dataset\Keep\構造図.json,構造図.json,.json,64420,2026-07-10T01:07:17.741565
Keep,D:\Programs\追加アイディア\情報\pii-output\clean-dataset\Keep\機能テスト。.html,機能テスト。.html,.html,17946,2026-07-10T01:07:17.788921
Keep,D:\Programs\追加アイディア\情報\pii-output\clean-dataset\Keep\機能テスト。.json,機能テスト。.json,.json,42619,2026-07-10T01:07:17.804778
Keep,D:\Programs\追加アイディア\情報\pii-output\clean-dataset\Keep\次の手.html,次の手.html,.html,12863,2026-07-10T01:07:17.852180
Keep,D:\Programs\追加アイディア\情報\pii-output\clean-dataset\Keep\次の手.json,次の手.json,.json,11476,2026-07-10T01:07:17.868003
Keep,D:\Programs\追加アイディア\情報\pii-output\clean-dataset\Keep\次やることメモ.html,次やることメモ.html,.html,11692,2026-07-10T01:07:17.899405
Keep,D:\Programs\追加アイディア\情報\pii-output\clean-dataset\Keep\次やることメモ.json,次やることメモ.json,.json,3178,2026-07-10T01:07:17.915282
Keep,D:\Programs\追加アイディア\情報\pii-output\clean-dataset\Keep\欲しい物.html,欲しい物.html,.html,11584,2026-07-10T01:07:17.946782
Keep,D:\Programs\追加アイディア\情報\pii-output\clean-dataset\Keep\欲しい物.json,欲しい物.json,.json,2720,2026-07-10T01:07:17.946782
Keep,D:\Programs\追加アイディア\情報\pii-output\clean-dataset\Keep\残り3つ.html,残り3つ.html,.html,41280,2026-07-10T01:07:18.010255
Keep,D:\Programs\追加アイディア\情報\pii-output\clean-dataset\Keep\残り3つ.json,残り3つ.json,.json,355214,2026-07-10T01:07:18.246909
Keep,D:\Programs\追加アイディア\情報\pii-output\clean-dataset\Keep\段取り.html,段取り.html,.html,16571,2026-07-10T01:07:18.296264
Keep,D:\Programs\追加アイディア\情報\pii-output\clean-dataset\Keep\段取り.json,段取り.json,.json,65857,2026-07-10T01:07:18.339404
Keep,D:\Programs\追加アイディア\情報\pii-output\clean-dataset\Keep\温度取得.html,温度取得.html,.html,17838,2026-07-10T01:07:18.383037
Keep,D:\Programs\追加アイディア\情報\pii-output\clean-dataset\Keep\温度取得.json,温度取得.json,.json,72338,2026-07-10T01:07:18.431176
Keep,D:\Programs\追加アイディア\情報\pii-output\clean-dataset\Keep\温度取得解決策.html,温度取得解決策.html,.html,15759,2026-07-10T01:07:18.469064
Keep,D:\Programs\追加アイディア\情報\pii-output\clean-dataset\Keep\温度取得解決策.json,温度取得解決策.json,.json,39267,2026-07-10T01:07:18.493906
Keep,D:\Programs\追加アイディア\情報\pii-output\clean-dataset\Keep\環境アセスメント.html,環境アセスメント.html,.html,16483,2026-07-10T01:07:18.537583
Keep,D:\Programs\追加アイディア\情報\pii-output\clean-dataset\Keep\環境アセスメント.json,環境アセスメント.json,.json,44383,2026-07-10T01:07:18.564206
Keep,D:\Programs\追加アイディア\情報\pii-output\clean-dataset\Keep\画面フェーズ.html,画面フェーズ.html,.html,18607,2026-07-10T01:07:18.611966
Keep,D:\Programs\追加アイディア\情報\pii-output\clean-dataset\Keep\画面フェーズ.json,画面フェーズ.json,.json,92335,2026-07-10T01:07:18.675550
Keep,D:\Programs\追加アイディア\情報\pii-output\clean-dataset\Keep\画面修整✨️.html,画面修整✨️.html,.html,16956,2026-07-10T01:07:18.723052
Keep,D:\Programs\追加アイディア\情報\pii-output\clean-dataset\Keep\画面修整✨️.json,画面修整✨️.json,.json,42616,2026-07-10T01:07:18.756632
Keep,D:\Programs\追加アイディア\情報\pii-output\clean-dataset\Keep\画面遷移仕様書.html,画面遷移仕様書.html,.html,12296,2026-07-10T01:07:18.800109
Keep,D:\Programs\追加アイディア\情報\pii-output\clean-dataset\Keep\画面遷移仕様書.json,画面遷移仕様書.json,.json,8641,2026-07-10T01:07:18.801613
Keep,D:\Programs\追加アイディア\情報\pii-output\clean-dataset\Keep\画面遷移図.html,画面遷移図.html,.html,16204,2026-07-10T01:07:18.849074
Keep,D:\Programs\追加アイディア\情報\pii-output\clean-dataset\Keep\画面遷移図.json,画面遷移図.json,.json,67552,2026-07-10T01:07:18.880697
Keep,D:\Programs\追加アイディア\情報\pii-output\clean-dataset\Keep\番号.html,番号.html,.html,11236,2026-07-10T01:07:18.928233
Keep,D:\Programs\追加アイディア\情報\pii-output\clean-dataset\Keep\番号.json,番号.json,.json,549,2026-07-10T01:07:18.928233
Keep,D:\Programs\追加アイディア\情報\pii-output\clean-dataset\Keep\相談.html,相談.html,.html,13469,2026-07-10T01:07:18.984378
Keep,D:\Programs\追加アイディア\情報\pii-output\clean-dataset\Keep\相談.json,相談.json,.json,12981,2026-07-10T01:07:18.993303
Keep,D:\Programs\追加アイディア\情報\pii-output\clean-dataset\Keep\研究施設詳細①.html,研究施設詳細①.html,.html,15503,2026-07-10T01:07:19.022801
Keep,D:\Programs\追加アイディア\情報\pii-output\clean-dataset\Keep\研究施設詳細①.json,研究施設詳細①.json,.json,47324,2026-07-10T01:07:19.054802
Keep,D:\Programs\追加アイディア\情報\pii-output\clean-dataset\Keep\研究発表会.html,研究発表会.html,.html,15463,2026-07-10T01:07:19.102202
Keep,D:\Programs\追加アイディア\情報\pii-output\clean-dataset\Keep\研究発表会.json,研究発表会.json,.json,32650,2026-07-10T01:07:19.117921
Keep,D:\Programs\追加アイディア\情報\pii-output\clean-dataset\Keep\確保曲リスト.html,確保曲リスト.html,.html,11355,2026-07-10T01:07:19.165060
Keep,D:\Programs\追加アイディア\情報\pii-output\clean-dataset\Keep\確保曲リスト.json,確保曲リスト.json,.json,1018,2026-07-10T01:07:19.165060
Keep,D:\Programs\追加アイディア\情報\pii-output\clean-dataset\Keep\確定申告.html,確定申告.html,.html,11231,2026-07-10T01:07:19.196480
Keep,D:\Programs\追加アイディア\情報\pii-output\clean-dataset\Keep\確定申告.json,確定申告.json,.json,1276,2026-07-10T01:07:19.212132
Keep,D:\Programs\追加アイディア\情報\pii-output\clean-dataset\Keep\確認.html,確認.html,.html,24903,2026-07-10T01:07:19.259413
Keep,D:\Programs\追加アイディア\情報\pii-output\clean-dataset\Keep\確認.json,確認.json,.json,102257,2026-07-10T01:07:19.322957
Keep,D:\Programs\追加アイディア\情報\pii-output\clean-dataset\Keep\私のしたいこと。？.html,私のしたいこと。？.html,.html,23322,2026-07-10T01:07:19.354521
Keep,D:\Programs\追加アイディア\情報\pii-output\clean-dataset\Keep\私のしたいこと。？.json,私のしたいこと。？.json,.json,119148,2026-07-10T01:07:19.433486
Keep,D:\Programs\追加アイディア\情報\pii-output\clean-dataset\Keep\私のしたい計画.html,私のしたい計画.html,.html,15855,2026-07-10T01:07:19.480945
Keep,D:\Programs\追加アイディア\情報\pii-output\clean-dataset\Keep\私のしたい計画.json,私のしたい計画.json,.json,25785,2026-07-10T01:07:19.496677
Keep,D:\Programs\追加アイディア\情報\pii-output\clean-dataset\Keep\私のしたい計画　返信.html,私のしたい計画　返信.html,.html,17917,2026-07-10T01:07:19.543925
Keep,D:\Programs\追加アイディア\情報\pii-output\clean-dataset\Keep\私のしたい計画　返信.json,私のしたい計画　返信.json,.json,64520,2026-07-10T01:07:19.585587
Keep,D:\Programs\追加アイディア\情報\pii-output\clean-dataset\Keep\私のシステムの全体像　✨️.html,私のシステムの全体像　✨️.html,.html,15228,2026-07-10T01:07:19.623324
Keep,D:\Programs\追加アイディア\情報\pii-output\clean-dataset\Keep\私のシステムの全体像　✨️.json,私のシステムの全体像　✨️.json,.json,23473,2026-07-10T01:07:19.639209
Keep,D:\Programs\追加アイディア\情報\pii-output\clean-dataset\Keep\移植手順書.html,移植手順書.html,.html,16346,2026-07-10T01:07:19.686497
Keep,D:\Programs\追加アイディア\情報\pii-output\clean-dataset\Keep\移植手順書.json,移植手順書.json,.json,51889,2026-07-10T01:07:19.718372
Keep,D:\Programs\追加アイディア\情報\pii-output\clean-dataset\Keep\積み上げ順.html,積み上げ順.html,.html,17009,2026-07-10T01:07:19.750376
Keep,D:\Programs\追加アイディア\情報\pii-output\clean-dataset\Keep\積み上げ順.json,積み上げ順.json,.json,61617,2026-07-10T01:07:19.797711
Keep,D:\Programs\追加アイディア\情報\pii-output\clean-dataset\Keep\管理ちゃん.html,管理ちゃん.html,.html,11456,2026-07-10T01:07:19.844941
Keep,D:\Programs\追加アイディア\情報\pii-output\clean-dataset\Keep\管理ちゃん.json,管理ちゃん.json,.json,1783,2026-07-10T01:07:19.844941
Keep,D:\Programs\追加アイディア\情報\pii-output\clean-dataset\Keep\精神的頑張り。.html,精神的頑張り。.html,.html,13545,2026-07-10T01:07:19.892064
Keep,D:\Programs\追加アイディア\情報\pii-output\clean-dataset\Keep\精神的頑張り。.json,精神的頑張り。.json,.json,15099,2026-07-10T01:07:19.892064
Keep,D:\Programs\追加アイディア\情報\pii-output\clean-dataset\Keep\経営史 12_20.html,経営史 12_20.html,.html,11901,2026-07-10T01:07:19.939412
Keep,D:\Programs\追加アイディア\情報\pii-output\clean-dataset\Keep\経営史 12_20.json,経営史 12_20.json,.json,5726,2026-07-10T01:07:19.939412
Keep,D:\Programs\追加アイディア\情報\pii-output\clean-dataset\Keep\経済経営 友達.html,経済経営 友達.html,.html,11693,2026-07-10T01:07:19.987371
Keep,D:\Programs\追加アイディア\情報\pii-output\clean-dataset\Keep\経済経営 友達.json,経済経営 友達.json,.json,4969,2026-07-10T01:07:20.002273
Keep,D:\Programs\追加アイディア\情報\pii-output\clean-dataset\Keep\習慣化したいこと。.html,習慣化したいこと。.html,.html,11467,2026-07-10T01:07:20.034194
Keep,D:\Programs\追加アイディア\情報\pii-output\clean-dataset\Keep\習慣化したいこと。.json,習慣化したいこと。.json,.json,2782,2026-07-10T01:07:20.034194
Keep,D:\Programs\追加アイディア\情報\pii-output\clean-dataset\Keep\自分の価値観.html,自分の価値観.html,.html,12413,2026-07-10T01:07:20.081616
Keep,D:\Programs\追加アイディア\情報\pii-output\clean-dataset\Keep\自分の価値観.json,自分の価値観.json,.json,9634,2026-07-10T01:07:20.097506
Keep,D:\Programs\追加アイディア\情報\pii-output\clean-dataset\Keep\自分の足の大きさ.html,自分の足の大きさ.html,.html,11591,2026-07-10T01:07:20.144957
Keep,D:\Programs\追加アイディア\情報\pii-output\clean-dataset\Keep\自分の足の大きさ.json,自分の足の大きさ.json,.json,4042,2026-07-10T01:07:20.144957
Keep,D:\Programs\追加アイディア\情報\pii-output\clean-dataset\Keep\自動動画.html,自動動画.html,.html,35687,2026-07-10T01:07:20.193669
Keep,D:\Programs\追加アイディア\情報\pii-output\clean-dataset\Keep\自動動画.json,自動動画.json,.json,251249,2026-07-10T01:07:20.350810
Keep,D:\Programs\追加アイディア\情報\pii-output\clean-dataset\Keep\自動動画　生産ライン.html,自動動画　生産ライン.html,.html,18068,2026-07-10T01:07:20.397919
Keep,D:\Programs\追加アイディア\情報\pii-output\clean-dataset\Keep\自動動画　生産ライン.json,自動動画　生産ライン.json,.json,84281,2026-07-10T01:07:20.460901
Keep,D:\Programs\追加アイディア\情報\pii-output\clean-dataset\Keep\自動収集システム.html,自動収集システム.html,.html,16645,2026-07-10T01:07:20.492555
Keep,D:\Programs\追加アイディア\情報\pii-output\clean-dataset\Keep\自動収集システム.json,自動収集システム.json,.json,60165,2026-07-10T01:07:20.539687
Keep,D:\Programs\追加アイディア\情報\pii-output\clean-dataset\Keep\自動収集システム　プロンプト　URLで取り込める.html,自動収集システム　プロンプト　URLで取り込める.html,.html,21610,2026-07-10T01:07:20.588308
Keep,D:\Programs\追加アイディア\情報\pii-output\clean-dataset\Keep\自動収集システム　プロンプト　URLで取り込める.json,自動収集システム　プロンプト　URLで取り込める.json,.json,102821,2026-07-10T01:07:20.651029
Keep,D:\Programs\追加アイディア\情報\pii-output\clean-dataset\Keep\自己紹介.html,自己紹介.html,.html,12643,2026-07-10T01:07:20.700615
Keep,D:\Programs\追加アイディア\情報\pii-output\clean-dataset\Keep\自己紹介.json,自己紹介.json,.json,9631,2026-07-10T01:07:20.706628
Keep,D:\Programs\追加アイディア\情報\pii-output\clean-dataset\Keep\自然 科学A.html,自然 科学A.html,.html,11305,2026-07-10T01:07:20.745884
Keep,D:\Programs\追加アイディア\情報\pii-output\clean-dataset\Keep\自然 科学A.json,自然 科学A.json,.json,948,2026-07-10T01:07:20.745884
Keep,D:\Programs\追加アイディア\情報\pii-output\clean-dataset\Keep\自然地理.html,自然地理.html,.html,11365,2026-07-10T01:07:20.793594
Keep,D:\Programs\追加アイディア\情報\pii-output\clean-dataset\Keep\自然地理.json,自然地理.json,.json,1395,2026-07-10T01:07:20.793594
Keep,D:\Programs\追加アイディア\情報\pii-output\clean-dataset\Keep\自然言語検索.html,自然言語検索.html,.html,25124,2026-07-10T01:07:20.843198
Keep,D:\Programs\追加アイディア\情報\pii-output\clean-dataset\Keep\自然言語検索.json,自然言語検索.json,.json,128467,2026-07-10T01:07:20.919617
Keep,D:\Programs\追加アイディア\情報\pii-output\clean-dataset\Keep\行動心理学 2 4_19.html,行動心理学 2 4_19.html,.html,14603,2026-07-10T01:07:20.966710
Keep,D:\Programs\追加アイディア\情報\pii-output\clean-dataset\Keep\行動心理学 2 4_19.json,行動心理学 2 4_19.json,.json,27451,2026-07-10T01:07:20.982451
Keep,D:\Programs\追加アイディア\情報\pii-output\clean-dataset\Keep\行動科学 4_12  1回目.html,行動科学 4_12  1回目.html,.html,14587,2026-07-10T01:07:21.029704
Keep,D:\Programs\追加アイディア\情報\pii-output\clean-dataset\Keep\行動科学 4_12  1回目.json,行動科学 4_12  1回目.json,.json,27097,2026-07-10T01:07:21.045352
Keep,D:\Programs\追加アイディア\情報\pii-output\clean-dataset\Keep\行動経済学 オペラントの条件付け.html,行動経済学 オペラントの条件付け.html,.html,12245,2026-07-10T01:07:21.076868
Keep,D:\Programs\追加アイディア\情報\pii-output\clean-dataset\Keep\行動経済学 オペラントの条件付け.json,行動経済学 オペラントの条件付け.json,.json,7714,2026-07-10T01:07:21.092641
Keep,D:\Programs\追加アイディア\情報\pii-output\clean-dataset\Keep\要件定義.html,要件定義.html,.html,12160,2026-07-10T01:07:21.139917
Keep,D:\Programs\追加アイディア\情報\pii-output\clean-dataset\Keep\要件定義.json,要件定義.json,.json,9451,2026-07-10T01:07:21.139917
Keep,D:\Programs\追加アイディア\情報\pii-output\clean-dataset\Keep\要件定義1.html,要件定義1.html,.html,40139,2026-07-10T01:07:21.202828
Keep,D:\Programs\追加アイディア\情報\pii-output\clean-dataset\Keep\要件定義1.json,要件定義1.json,.json,328000,2026-07-10T01:07:21.408529
Keep,D:\Programs\追加アイディア\情報\pii-output\clean-dataset\Keep\要件定義2.html,要件定義2.html,.html,25017,2026-07-10T01:07:21.456121
Keep,D:\Programs\追加アイディア\情報\pii-output\clean-dataset\Keep\要件定義2.json,要件定義2.json,.json,149469,2026-07-10T01:07:21.553564
Keep,D:\Programs\追加アイディア\情報\pii-output\clean-dataset\Keep\覚える.html,覚える.html,.html,11535,2026-07-10T01:07:21.598653
Keep,D:\Programs\追加アイディア\情報\pii-output\clean-dataset\Keep\覚える.json,覚える.json,.json,4070,2026-07-10T01:07:21.598653
Keep,D:\Programs\追加アイディア\情報\pii-output\clean-dataset\Keep\観測.html,観測.html,.html,17673,2026-07-10T01:07:21.645959
Keep,D:\Programs\追加アイディア\情報\pii-output\clean-dataset\Keep\観測.json,観測.json,.json,75572,2026-07-10T01:07:21.693507
Keep,D:\Programs\追加アイディア\情報\pii-output\clean-dataset\Keep\観測　凍結　テンプレート　とかも.html,観測　凍結　テンプレート　とかも.html,.html,38078,2026-07-10T01:07:21.758029
Keep,D:\Programs\追加アイディア\情報\pii-output\clean-dataset\Keep\観測　凍結　テンプレート　とかも.json,観測　凍結　テンプレート　とかも.json,.json,273936,2026-07-10T01:07:21.931579
Keep,D:\Programs\追加アイディア\情報\pii-output\clean-dataset\Keep\観測　種族名選択.html,観測　種族名選択.html,.html,16348,2026-07-10T01:07:21.978888
Keep,D:\Programs\追加アイディア\情報\pii-output\clean-dataset\Keep\観測　種族名選択.json,観測　種族名選択.json,.json,52636,2026-07-10T01:07:22.010434
Keep,D:\Programs\追加アイディア\情報\pii-output\clean-dataset\Keep\観測テンプレート拡張.html,観測テンプレート拡張.html,.html,16239,2026-07-10T01:07:22.057638
Keep,D:\Programs\追加アイディア\情報\pii-output\clean-dataset\Keep\観測テンプレート拡張.json,観測テンプレート拡張.json,.json,51047,2026-07-10T01:07:22.091166
Keep,D:\Programs\追加アイディア\情報\pii-output\clean-dataset\Keep\観測対象　絞り込み.html,観測対象　絞り込み.html,.html,15682,2026-07-10T01:07:22.140893
Keep,D:\Programs\追加アイディア\情報\pii-output\clean-dataset\Keep\観測対象　絞り込み.json,観測対象　絞り込み.json,.json,39863,2026-07-10T01:07:22.168466
Keep,D:\Programs\追加アイディア\情報\pii-output\clean-dataset\Keep\観測対象確定アキネーター.html,観測対象確定アキネーター.html,.html,19435,2026-07-10T01:07:22.215479
Keep,D:\Programs\追加アイディア\情報\pii-output\clean-dataset\Keep\観測対象確定アキネーター.json,観測対象確定アキネーター.json,.json,89776,2026-07-10T01:07:22.262791
Keep,D:\Programs\追加アイディア\情報\pii-output\clean-dataset\Keep\観測画面.html,観測画面.html,.html,42217,2026-07-10T01:07:22.326077
Keep,D:\Programs\追加アイディア\情報\pii-output\clean-dataset\Keep\観測画面.json,観測画面.json,.json,328543,2026-07-10T01:07:22.531253
Keep,D:\Programs\追加アイディア\情報\pii-output\clean-dataset\Keep\解析システム.html,解析システム.html,.html,16575,2026-07-10T01:07:22.578664
Keep,D:\Programs\追加アイディア\情報\pii-output\clean-dataset\Keep\解析システム.json,解析システム.json,.json,53454,2026-07-10T01:07:22.610535
Keep,D:\Programs\追加アイディア\情報\pii-output\clean-dataset\Keep\計測台　.html,計測台　.html,.html,15227,2026-07-10T01:07:22.657754
Keep,D:\Programs\追加アイディア\情報\pii-output\clean-dataset\Keep\計測台　.json,計測台　.json,.json,34887,2026-07-10T01:07:22.673634
Keep,D:\Programs\追加アイディア\情報\pii-output\clean-dataset\Keep\設計図.html,設計図.html,.html,24851,2026-07-10T01:07:22.722003
Keep,D:\Programs\追加アイディア\情報\pii-output\clean-dataset\Keep\設計図.json,設計図.json,.json,127885,2026-07-10T01:07:22.800383
Keep,D:\Programs\追加アイディア\情報\pii-output\clean-dataset\Keep\設計書(1).html,設計書(1).html,.html,19137,2026-07-10T01:07:22.851280
Keep,D:\Programs\追加アイディア\情報\pii-output\clean-dataset\Keep\設計書(1).json,設計書(1).json,.json,86619,2026-07-10T01:07:22.911299
Keep,D:\Programs\追加アイディア\情報\pii-output\clean-dataset\Keep\設計書.html,設計書.html,.html,24863,2026-07-10T01:07:22.958719
Keep,D:\Programs\追加アイディア\情報\pii-output\clean-dataset\Keep\設計書.json,設計書.json,.json,140458,2026-07-10T01:07:23.037503
Keep,D:\Programs\追加アイディア\情報\pii-output\clean-dataset\Keep\詐欺師、ハッカー対策.html,詐欺師、ハッカー対策.html,.html,38680,2026-07-10T01:07:23.101036
Keep,D:\Programs\追加アイディア\情報\pii-output\clean-dataset\Keep\詐欺師、ハッカー対策.json,詐欺師、ハッカー対策.json,.json,268858,2026-07-10T01:07:23.258919
Keep,D:\Programs\追加アイディア\情報\pii-output\clean-dataset\Keep\評価(1).html,評価(1).html,.html,19112,2026-07-10T01:07:23.306150
Keep,D:\Programs\追加アイディア\情報\pii-output\clean-dataset\Keep\評価(1).json,評価(1).json,.json,77181,2026-07-10T01:07:23.356993
Keep,D:\Programs\追加アイディア\情報\pii-output\clean-dataset\Keep\評価(2).html,評価(2).html,.html,14904,2026-07-10T01:07:23.394353
Keep,D:\Programs\追加アイディア\情報\pii-output\clean-dataset\Keep\評価(2).json,評価(2).json,.json,31279,2026-07-10T01:07:23.417092
Keep,D:\Programs\追加アイディア\情報\pii-output\clean-dataset\Keep\評価(3).html,評価(3).html,.html,16028,2026-07-10T01:07:23.448760
Keep,D:\Programs\追加アイディア\情報\pii-output\clean-dataset\Keep\評価(3).json,評価(3).json,.json,41018,2026-07-10T01:07:23.480640
Keep,D:\Programs\追加アイディア\情報\pii-output\clean-dataset\Keep\評価.html,評価.html,.html,22091,2026-07-10T01:07:23.528488
Keep,D:\Programs\追加アイディア\情報\pii-output\clean-dataset\Keep\評価.json,評価.json,.json,107473,2026-07-10T01:07:23.595087
Keep,D:\Programs\追加アイディア\情報\pii-output\clean-dataset\Keep\評価1　✨️.html,評価1　✨️.html,.html,20861,2026-07-10T01:07:23.639079
Keep,D:\Programs\追加アイディア\情報\pii-output\clean-dataset\Keep\評価1　✨️.json,評価1　✨️.json,.json,94975,2026-07-10T01:07:23.702333
Keep,D:\Programs\追加アイディア\情報\pii-output\clean-dataset\Keep\評価2 ビルダー改善.html,評価2 ビルダー改善.html,.html,17837,2026-07-10T01:07:23.733885
Keep,D:\Programs\追加アイディア\情報\pii-output\clean-dataset\Keep\評価2 ビルダー改善.json,評価2 ビルダー改善.json,.json,64148,2026-07-10T01:07:23.781789
Keep,D:\Programs\追加アイディア\情報\pii-output\clean-dataset\Keep\評価3.html,評価3.html,.html,18668,2026-07-10T01:07:23.829582
Keep,D:\Programs\追加アイディア\情報\pii-output\clean-dataset\Keep\評価3.json,評価3.json,.json,73249,2026-07-10T01:07:23.876971
Keep,D:\Programs\追加アイディア\情報\pii-output\clean-dataset\Keep\評価5.html,評価5.html,.html,18528,2026-07-10T01:07:23.908653
Keep,D:\Programs\追加アイディア\情報\pii-output\clean-dataset\Keep\評価5.json,評価5.json,.json,75988,2026-07-10T01:07:23.956109
Keep,D:\Programs\追加アイディア\情報\pii-output\clean-dataset\Keep\評価6.html,評価6.html,.html,18626,2026-07-10T01:07:24.003344
Keep,D:\Programs\追加アイディア\情報\pii-output\clean-dataset\Keep\評価6.json,評価6.json,.json,84665,2026-07-10T01:07:24.066320
Keep,D:\Programs\追加アイディア\情報\pii-output\clean-dataset\Keep\話したい人が収束.html,話したい人が収束.html,.html,37199,2026-07-10T01:07:24.113564
Keep,D:\Programs\追加アイディア\情報\pii-output\clean-dataset\Keep\話したい人が収束.json,話したい人が収束.json,.json,259957,2026-07-10T01:07:24.272252
Keep,D:\Programs\追加アイディア\情報\pii-output\clean-dataset\Keep\詳細設計書.html,詳細設計書.html,.html,31247,2026-07-10T01:07:24.335943
Keep,D:\Programs\追加アイディア\情報\pii-output\clean-dataset\Keep\詳細設計書.json,詳細設計書.json,.json,51495,2026-07-10T01:07:24.367804
Keep,D:\Programs\追加アイディア\情報\pii-output\clean-dataset\Keep\誕生日_.html,誕生日_.html,.html,11899,2026-07-10T01:07:24.415659
Keep,D:\Programs\追加アイディア\情報\pii-output\clean-dataset\Keep\誕生日_.json,誕生日_.json,.json,11753,2026-07-10T01:07:24.415659
Keep,D:\Programs\追加アイディア\情報\pii-output\clean-dataset\Keep\説明　ビルダー.html,説明　ビルダー.html,.html,29276,2026-07-10T01:07:24.463307
Keep,D:\Programs\追加アイディア\情報\pii-output\clean-dataset\Keep\説明　ビルダー.json,説明　ビルダー.json,.json,100677,2026-07-10T01:07:24.526383
Keep,D:\Programs\追加アイディア\情報\pii-output\clean-dataset\Keep\課題＆じこPR_.html,課題＆じこPR_.html,.html,16540,2026-07-10T01:07:24.573675
Keep,D:\Programs\追加アイディア\情報\pii-output\clean-dataset\Keep\課題＆じこPR_.json,課題＆じこPR_.json,.json,23228,2026-07-10T01:07:24.589393
Keep,D:\Programs\追加アイディア\情報\pii-output\clean-dataset\Keep\論文　設計書.html,論文　設計書.html,.html,19186,2026-07-10T01:07:24.621133
Keep,D:\Programs\追加アイディア\情報\pii-output\clean-dataset\Keep\論文　設計書.json,論文　設計書.json,.json,83047,2026-07-10T01:07:24.684134
Keep,D:\Programs\追加アイディア\情報\pii-output\clean-dataset\Keep\論文マッチングシステム.html,論文マッチングシステム.html,.html,30824,2026-07-10T01:07:24.731564
Keep,D:\Programs\追加アイディア\情報\pii-output\clean-dataset\Keep\論文マッチングシステム.json,論文マッチングシステム.json,.json,204701,2026-07-10T01:07:24.858433
Keep,D:\Programs\追加アイディア\情報\pii-output\clean-dataset\Keep\論文本来の姿.html,論文本来の姿.html,.html,24852,2026-07-10T01:07:24.910212
Keep,D:\Programs\追加アイディア\情報\pii-output\clean-dataset\Keep\論文本来の姿.json,論文本来の姿.json,.json,144958,2026-07-10T01:07:25.014008
Keep,D:\Programs\追加アイディア\情報\pii-output\clean-dataset\Keep\財政学 3 5_10.html,財政学 3 5_10.html,.html,11792,2026-07-10T01:07:25.056204
Keep,D:\Programs\追加アイディア\情報\pii-output\clean-dataset\Keep\財政学 3 5_10.json,財政学 3 5_10.json,.json,3561,2026-07-10T01:07:25.056204
Keep,D:\Programs\追加アイディア\情報\pii-output\clean-dataset\Keep\財政学 第1 4_12.html,財政学 第1 4_12.html,.html,13045,2026-07-10T01:07:25.103345
Keep,D:\Programs\追加アイディア\情報\pii-output\clean-dataset\Keep\財政学 第1 4_12.json,財政学 第1 4_12.json,.json,15409,2026-07-10T01:07:25.103345
Keep,D:\Programs\追加アイディア\情報\pii-output\clean-dataset\Keep\財政学 第2 4_19.html,財政学 第2 4_19.html,.html,15068,2026-07-10T01:07:25.150569
Keep,D:\Programs\追加アイディア\情報\pii-output\clean-dataset\Keep\財政学 第2 4_19.json,財政学 第2 4_19.json,.json,30988,2026-07-10T01:07:25.166391
Keep,D:\Programs\追加アイディア\情報\pii-output\clean-dataset\Keep\買うもの（日曜日）.html,買うもの（日曜日）.html,.html,21013,2026-07-10T01:07:25.214356
Keep,D:\Programs\追加アイディア\情報\pii-output\clean-dataset\Keep\買うもの（日曜日）.json,買うもの（日曜日）.json,.json,26768,2026-07-10T01:07:25.245838
Keep,D:\Programs\追加アイディア\情報\pii-output\clean-dataset\Keep\資格.html,資格.html,.html,11391,2026-07-10T01:07:25.277538
Keep,D:\Programs\追加アイディア\情報\pii-output\clean-dataset\Keep\資格.json,資格.json,.json,1298,2026-07-10T01:07:25.277538
Keep,D:\Programs\追加アイディア\情報\pii-output\clean-dataset\Keep\質問.html,質問.html,.html,13375,2026-07-10T01:07:25.324756
Keep,D:\Programs\追加アイディア\情報\pii-output\clean-dataset\Keep\質問.json,質問.json,.json,13408,2026-07-10T01:07:25.340544
Keep,D:\Programs\追加アイディア\情報\pii-output\clean-dataset\Keep\足りてない画面と画面遷移.html,足りてない画面と画面遷移.html,.html,16390,2026-07-10T01:07:25.372304
Keep,D:\Programs\追加アイディア\情報\pii-output\clean-dataset\Keep\足りてない画面と画面遷移.json,足りてない画面と画面遷移.json,.json,45087,2026-07-10T01:07:25.403864
Keep,D:\Programs\追加アイディア\情報\pii-output\clean-dataset\Keep\追加 不動産ビジネス入門 【E20094 澤田洸樹.html,追加 不動産ビジネス入門 【E20094 澤田洸樹.html,.html,12150,2026-07-10T01:07:25.451340
Keep,D:\Programs\追加アイディア\情報\pii-output\clean-dataset\Keep\追加 不動産ビジネス入門 【E20094 澤田洸樹.json,追加 不動産ビジネス入門 【E20094 澤田洸樹.json,.json,3849,2026-07-10T01:07:25.451340
Keep,D:\Programs\追加アイディア\情報\pii-output\clean-dataset\Keep\追加案.html,追加案.html,.html,12780,2026-07-10T01:07:25.498732
Keep,D:\Programs\追加アイディア\情報\pii-output\clean-dataset\Keep\追加案.json,追加案.json,.json,9351,2026-07-10T01:07:25.498732
Keep,D:\Programs\追加アイディア\情報\pii-output\clean-dataset\Keep\追加案2 返信.html,追加案2 返信.html,.html,17764,2026-07-10T01:07:25.546196
Keep,D:\Programs\追加アイディア\情報\pii-output\clean-dataset\Keep\追加案2 返信.json,追加案2 返信.json,.json,65843,2026-07-10T01:07:25.593656
Keep,D:\Programs\追加アイディア\情報\pii-output\clean-dataset\Keep\追加案2.html,追加案2.html,.html,12445,2026-07-10T01:07:25.642196
Keep,D:\Programs\追加アイディア\情報\pii-output\clean-dataset\Keep\追加案2.json,追加案2.json,.json,7384,2026-07-10T01:07:25.644200
Keep,D:\Programs\追加アイディア\情報\pii-output\clean-dataset\Keep\追加案　返信.html,追加案　返信.html,.html,18256,2026-07-10T01:07:25.688403
Keep,D:\Programs\追加アイディア\情報\pii-output\clean-dataset\Keep\追加案　返信.json,追加案　返信.json,.json,69480,2026-07-10T01:07:25.719906
Keep,D:\Programs\追加アイディア\情報\pii-output\clean-dataset\Keep\運用ガイド（トラブルシューティング）.html,運用ガイド（トラブルシューティング）.html,.html,17265,2026-07-10T01:07:25.767736
Keep,D:\Programs\追加アイディア\情報\pii-output\clean-dataset\Keep\運用ガイド（トラブルシューティング）.json,運用ガイド（トラブルシューティング）.json,.json,67047,2026-07-10T01:07:25.815830
Keep,D:\Programs\追加アイディア\情報\pii-output\clean-dataset\Keep\郡山イオン 行き方.html,郡山イオン 行き方.html,.html,11885,2026-07-10T01:07:25.870875
Keep,D:\Programs\追加アイディア\情報\pii-output\clean-dataset\Keep\郡山イオン 行き方.json,郡山イオン 行き方.json,.json,6580,2026-07-10T01:07:25.875755
Keep,D:\Programs\追加アイディア\情報\pii-output\clean-dataset\Keep\金　プラチナ.html,金　プラチナ.html,.html,11506,2026-07-10T01:07:25.910729
Keep,D:\Programs\追加アイディア\情報\pii-output\clean-dataset\Keep\金　プラチナ.json,金　プラチナ.json,.json,4059,2026-07-10T01:07:25.910729
Keep,D:\Programs\追加アイディア\情報\pii-output\clean-dataset\Keep\金曜日検討.html,金曜日検討.html,.html,12397,2026-07-10T01:07:25.960288
Keep,D:\Programs\追加アイディア\情報\pii-output\clean-dataset\Keep\金曜日検討.json,金曜日検討.json,.json,10802,2026-07-10T01:07:25.974319
Keep,D:\Programs\追加アイディア\情報\pii-output\clean-dataset\Keep\金融部長向け.html,金融部長向け.html,.html,14651,2026-07-10T01:07:26.019354
Keep,D:\Programs\追加アイディア\情報\pii-output\clean-dataset\Keep\金融部長向け.json,金融部長向け.json,.json,25114,2026-07-10T01:07:26.035117
Keep,D:\Programs\追加アイディア\情報\pii-output\clean-dataset\Keep\開発アイディア.html,開発アイディア.html,.html,16407,2026-07-10T01:07:26.080359
Keep,D:\Programs\追加アイディア\情報\pii-output\clean-dataset\Keep\開発アイディア.json,開発アイディア.json,.json,47885,2026-07-10T01:07:26.109577
Keep,D:\Programs\追加アイディア\情報\pii-output\clean-dataset\Keep\開発者向けドキュメント（完全版）.html,開発者向けドキュメント（完全版）.html,.html,18013,2026-07-10T01:07:26.153285
Keep,D:\Programs\追加アイディア\情報\pii-output\clean-dataset\Keep\開発者向けドキュメント（完全版）.json,開発者向けドキュメント（完全版）.json,.json,85045,2026-07-10T01:07:26.210509
Keep,D:\Programs\追加アイディア\情報\pii-output\clean-dataset\Keep\電話台本.html,電話台本.html,.html,14596,2026-07-10T01:07:26.252168
Keep,D:\Programs\追加アイディア\情報\pii-output\clean-dataset\Keep\電話台本.json,電話台本.json,.json,26435,2026-07-10T01:07:26.268145
Keep,D:\Programs\追加アイディア\情報\pii-output\clean-dataset\Keep\面接練習 小島さんフィードバック.html,面接練習 小島さんフィードバック.html,.html,15826,2026-07-10T01:07:26.302605
Keep,D:\Programs\追加アイディア\情報\pii-output\clean-dataset\Keep\面接練習 小島さんフィードバック.json,面接練習 小島さんフィードバック.json,.json,32904,2026-07-10T01:07:26.318294
Keep,D:\Programs\追加アイディア\情報\pii-output\clean-dataset\Keep\🏆️虫部屋設備.html,🏆️虫部屋設備.html,.html,17181,2026-07-10T01:07:26.375659
Keep,D:\Programs\追加アイディア\情報\pii-output\clean-dataset\Keep\🏆️虫部屋設備.json,🏆️虫部屋設備.json,.json,74018,2026-07-10T01:07:26.414049
Keep,D:\Programs\追加アイディア\情報\pii-output\clean-dataset\Keep\🚗車運転練習.html,🚗車運転練習.html,.html,13545,2026-07-10T01:07:26.461380
Keep,D:\Programs\追加アイディア\情報\pii-output\clean-dataset\Keep\🚗車運転練習.json,🚗車運転練習.json,.json,18146,2026-07-10T01:07:26.461380
雑多テキスト,D:\Programs\追加アイディア\情報\pii-output\clean-dataset\雑多テキスト\1.最小スコープ.txt,1.最小スコープ.txt,.txt,2068,2026-07-10T01:07:26.477348
雑多テキスト,D:\Programs\追加アイディア\情報\pii-output\clean-dataset\雑多テキスト\Backblaze B2.txt,Backblaze B2.txt,.txt,717,2026-07-10T01:07:26.477348
雑多テキスト,D:\Programs\追加アイディア\情報\pii-output\clean-dataset\雑多テキスト\C-USBで固定して.txt,C-USBで固定して.txt,.txt,243,2026-07-10T01:07:26.477348
雑多テキスト,D:\Programs\追加アイディア\情報\pii-output\clean-dataset\雑多テキスト\Docker　なのですが、.txt,Docker　なのですが、.txt,.txt,757,2026-07-10T01:07:26.477348
雑多テキスト,D:\Programs\追加アイディア\情報\pii-output\clean-dataset\雑多テキスト\H-01 16 UIbuilder A  B  C（理由一言）B　その.txt,H-01 16 UIbuilder A  B  C（理由一言）B　その.txt,.txt,938,2026-07-10T01:07:26.477348
雑多テキスト,D:\Programs\追加アイディア\情報\pii-output\clean-dataset\雑多テキスト\ultracode +1200k. docsplanningclaud.txt,ultracode +1200k. docsplanningclaud.txt,.txt,843,2026-07-10T01:07:26.477348
雑多テキスト,D:\Programs\追加アイディア\情報\pii-output\clean-dataset\雑多テキスト\② H-02：10 マチアプ — 2 つの「好み入力」どうするか.txt,② H-02：10 マチアプ — 2 つの「好み入力」どうするか.txt,.txt,724,2026-07-10T01:07:26.477348
雑多テキスト,D:\Programs\追加アイディア\情報\pii-output\clean-dataset\雑多テキスト\「経済データの正本は IHL 専用の schema（B）でいく」.txt,「経済データの正本は IHL 専用の schema（B）でいく」.txt,.txt,837,2026-07-10T01:07:26.477348
雑多テキスト,D:\Programs\追加アイディア\情報\pii-output\clean-dataset\雑多テキスト\あと.txt,あと.txt,.txt,1113,2026-07-10T01:07:26.477348
雑多テキスト,D:\Programs\追加アイディア\情報\pii-output\clean-dataset\雑多テキスト\これで、設計漏れもうないかな？　どうやって網羅的に調べるのがいいと思う.txt,これで、設計漏れもうないかな？　どうやって網羅的に調べるのがいいと思う.txt,.txt,1036,2026-07-10T01:07:26.477348
雑多テキスト,D:\Programs\追加アイディア\情報\pii-output\clean-dataset\雑多テキスト\これの構造で、.txt,これの構造で、.txt,.txt,1435,2026-07-10T01:07:26.477348
雑多テキスト,D:\Programs\追加アイディア\情報\pii-output\clean-dataset\雑多テキスト\ほんとにAuto　あまりまくっているので、今の10倍~20倍使うイメー.txt,ほんとにAuto　あまりまくっているので、今の10倍~20倍使うイメー.txt,.txt,530,2026-07-10T01:07:26.477348
雑多テキスト,D:\Programs\追加アイディア\情報\pii-output\clean-dataset\雑多テキスト\まず、.txt,まず、.txt,.txt,267,2026-07-10T01:07:26.493268
雑多テキスト,D:\Programs\追加アイディア\情報\pii-output\clean-dataset\雑多テキスト\アドバイスください。.txt,アドバイスください。.txt,.txt,1496,2026-07-10T01:07:26.493268
雑多テキスト,D:\Programs\追加アイディア\情報\pii-output\clean-dataset\雑多テキスト\テストは要件定義書から作られたか？.txt,テストは要件定義書から作られたか？.txt,.txt,1155,2026-07-10T01:07:26.493268
雑多テキスト,D:\Programs\追加アイディア\情報\pii-output\clean-dataset\雑多テキスト\今からやりたいことは、.txt,今からやりたいことは、.txt,.txt,922,2026-07-10T01:07:26.493268
雑多テキスト,D:\Programs\追加アイディア\情報\pii-output\clean-dataset\雑多テキスト\今からやる作業に、.txt,今からやる作業に、.txt,.txt,777,2026-07-10T01:07:26.493268
雑多テキスト,D:\Programs\追加アイディア\情報\pii-output\clean-dataset\雑多テキスト\各 TBD の意味を要件定義から確認します。.txt,各 TBD の意味を要件定義から確認します。.txt,.txt,4631,2026-07-10T01:07:26.493268
雑多テキスト,D:\Programs\追加アイディア\情報\pii-output\clean-dataset\雑多テキスト\機器取り込み足りてないね～.txt,機器取り込み足りてないね～.txt,.txt,709,2026-07-10T01:07:26.493268
雑多テキスト,D:\Programs\追加アイディア\情報\pii-output\clean-dataset\雑多テキスト\次の指示の相談がしたいです。進め方の相談がしたいです。.txt,次の指示の相談がしたいです。進め方の相談がしたいです。.txt,.txt,1519,2026-07-10T01:07:26.493268
雑多テキスト,D:\Programs\追加アイディア\情報\pii-output\clean-dataset\雑多テキスト\正本が2つあった.txt,正本が2つあった.txt,.txt,1194,2026-07-10T01:07:26.493268
雑多テキスト,D:\Programs\追加アイディア\情報\pii-output\clean-dataset\雑多テキスト\裁判って何を実装判断すればいいの？.txt,裁判って何を実装判断すればいいの？.txt,.txt,383,2026-07-10T01:07:26.493268
雑多テキスト,D:\Programs\追加アイディア\情報\pii-output\clean-dataset\雑多テキスト\要件定義書と、　私のシナリオを照らし合わせて、　設計を作ろう。.txt,要件定義書と、　私のシナリオを照らし合わせて、　設計を作ろう。.txt,.txt,573,2026-07-10T01:07:26.493268
雑多テキスト,D:\Programs\追加アイディア\情報\pii-output\clean-dataset\雑多テキスト\設計書　書かせると、何でもかんでも要件定義書に書いてあるってことが過去.txt,設計書　書かせると、何でもかんでも要件定義書に書いてあるってことが過去.txt,.txt,642,2026-07-10T01:07:26.493268
雑多テキスト,D:\Programs\追加アイディア\情報\pii-output\clean-dataset\雑多テキスト\遷移　などを詰め切りたい。.txt,遷移　などを詰め切りたい。.txt,.txt,541,2026-07-10T01:07:26.509025
雑多テキスト,D:\Programs\追加アイディア\情報\pii-output\clean-dataset\雑多テキスト\高性能AI　なに使うのがおすすめ？この後の作業なら。skillsでおす.txt,高性能AI　なに使うのがおすすめ？この後の作業なら。skillsでおす.txt,.txt,1761,2026-07-10T01:07:26.509025
